/*
SQLyog Ultimate v8.55 
MySQL - 5.0.67-community-nt : Database - tnp
*********************************************************************
*/

/*!40101 SET NAMES utf8 */;

/*!40101 SET SQL_MODE=''*/;

/*!40014 SET @OLD_UNIQUE_CHECKS=@@UNIQUE_CHECKS, UNIQUE_CHECKS=0 */;
/*!40014 SET @OLD_FOREIGN_KEY_CHECKS=@@FOREIGN_KEY_CHECKS, FOREIGN_KEY_CHECKS=0 */;
/*!40101 SET @OLD_SQL_MODE=@@SQL_MODE, SQL_MODE='NO_AUTO_VALUE_ON_ZERO' */;
/*!40111 SET @OLD_SQL_NOTES=@@SQL_NOTES, SQL_NOTES=0 */;
CREATE DATABASE /*!32312 IF NOT EXISTS*/`tnp` /*!40100 DEFAULT CHARACTER SET utf8 */;

USE `tnp`;

/*Data for the table `batch` */

insert  into `batch`(`batch_id`,`department_id`,`programme_id`,`batch_start`,`batch_number`,`is_active`) values (1,'CSE','BTECH',2002,1,0),(2,'BT','BTECH',2002,1,0),(3,'ECE','BTECH',2002,1,0),(4,'MECH','BTECH',2002,1,0),(5,'CSE','BTECH',2003,2,0),(6,'BT','BTECH',2003,2,0),(7,'ECE','BTECH',2003,2,0),(8,'MECH','BTECH',2003,2,0),(9,'CSE','BTECH',2004,3,0),(10,'BT','BTECH',2004,3,0),(11,'ECE','BTECH',2004,3,0),(12,'MECH','BTECH',2004,3,0),(13,'CSE','BTECH',2005,4,0),(14,'BT','BTECH',2005,4,0),(15,'ECE','BTECH',2005,4,0),(16,'MECH','BTECH',2005,4,0),(17,'CSE','BTECH',2006,5,0),(18,'BT','BTECH',2006,5,0),(19,'ECE','BTECH',2006,5,0),(20,'MECH','BTECH',2006,5,0),(21,'CSE','BTECH',2007,6,0),(22,'BT','BTECH',2007,6,0),(23,'ECE','BTECH',2007,6,0),(24,'MECH','BTECH',2007,6,0),(25,'CSE','BTECH',2008,7,0),(26,'BT','BTECH',2008,7,0),(27,'ECE','BTECH',2008,7,0),(28,'MECH','BTECH',2008,7,0),(29,'CSE','BTECH',2009,8,1),(30,'BT','BTECH',2009,8,1),(31,'ECE','BTECH',2009,8,1),(32,'MECH','BTECH',2009,8,1),(33,'CSE','BTECH',2010,9,1),(34,'BT','BTECH',2010,9,1),(35,'ECE','BTECH',2010,9,1),(36,'MECH','BTECH',2010,9,1),(37,'CSE','BTECH',2011,10,1),(38,'BT','BTECH',2011,10,1),(39,'ECE','BTECH',2011,10,1),(40,'MECH','BTECH',2011,10,1),(41,'CSE','BTECH',2012,11,1),(42,'BT','BTECH',2012,11,1),(43,'ECE','BTECH',2012,11,1),(44,'MECH','BTECH',2012,11,1);

/*Data for the table `certification` */

/*Data for the table `class` */

insert  into `class`(`class_id`,`batch_id`,`semester_id`,`semester_type`,`semester_duration`,`handled_by_dept`,`start_date`,`completion_date`,`is_active`) values (1,1,1,'ODD',NULL,'CSE',NULL,NULL,0),(2,1,2,'EVEN',NULL,'CSE',NULL,NULL,0),(3,1,3,'ODD',NULL,'CSE',NULL,NULL,0),(4,1,4,'EVEN',NULL,'CSE',NULL,NULL,0),(5,1,5,'ODD',NULL,'CSE',NULL,NULL,0),(6,1,6,'EVEN',NULL,'CSE',NULL,NULL,0),(7,1,7,'ODD',NULL,'CSE',NULL,NULL,0),(8,1,8,'EVEN',NULL,'CSE',NULL,NULL,0),(9,2,1,'ODD',NULL,'BT',NULL,NULL,0),(10,2,2,'EVEN',NULL,'BT',NULL,NULL,0),(11,2,3,'ODD',NULL,'BT',NULL,NULL,0),(12,2,4,'EVEN',NULL,'BT',NULL,NULL,0),(13,2,5,'ODD',NULL,'BT',NULL,NULL,0),(14,2,6,'EVEN',NULL,'BT',NULL,NULL,0),(15,2,7,'ODD',NULL,'BT',NULL,NULL,0),(16,2,8,'EVEN',NULL,'BT',NULL,NULL,0),(17,3,1,'ODD',NULL,'ECE',NULL,NULL,0),(18,3,2,'EVEN',NULL,'ECE',NULL,NULL,0),(19,3,3,'ODD',NULL,'ECE',NULL,NULL,0),(20,3,4,'EVEN',NULL,'ECE',NULL,NULL,0),(21,3,5,'ODD',NULL,'ECE',NULL,NULL,0),(22,3,6,'EVEN',NULL,'ECE',NULL,NULL,0),(23,3,7,'ODD',NULL,'ECE',NULL,NULL,0),(24,3,8,'EVEN',NULL,'ECE',NULL,NULL,0),(25,4,1,'ODD',NULL,'MECH',NULL,NULL,0),(26,4,2,'EVEN',NULL,'MECH',NULL,NULL,0),(27,4,3,'ODD',NULL,'MECH',NULL,NULL,0),(28,4,4,'EVEN',NULL,'MECH',NULL,NULL,0),(29,4,5,'ODD',NULL,'MECH',NULL,NULL,0),(30,4,6,'EVEN',NULL,'MECH',NULL,NULL,0),(31,4,7,'ODD',NULL,'MECH',NULL,NULL,0),(32,4,8,'EVEN',NULL,'MECH',NULL,NULL,0),(33,5,1,'ODD',NULL,'CSE',NULL,NULL,0),(34,5,2,'EVEN',NULL,'CSE',NULL,NULL,0),(35,5,3,'ODD',NULL,'CSE',NULL,NULL,0),(36,5,4,'EVEN',NULL,'CSE',NULL,NULL,0),(37,5,5,'ODD',NULL,'CSE',NULL,NULL,0),(38,5,6,'EVEN',NULL,'CSE',NULL,NULL,0),(39,5,7,'ODD',NULL,'CSE',NULL,NULL,0),(40,5,8,'EVEN',NULL,'CSE',NULL,NULL,0),(41,6,1,'ODD',NULL,'BT',NULL,NULL,0),(42,6,2,'EVEN',NULL,'BT',NULL,NULL,0),(43,6,3,'ODD',NULL,'BT',NULL,NULL,0),(44,6,4,'EVEN',NULL,'BT',NULL,NULL,0),(45,6,5,'ODD',NULL,'BT',NULL,NULL,0),(46,6,6,'EVEN',NULL,'BT',NULL,NULL,0),(47,6,7,'ODD',NULL,'BT',NULL,NULL,0),(48,6,8,'EVEN',NULL,'BT',NULL,NULL,0),(49,7,1,'ODD',NULL,'ECE',NULL,NULL,0),(50,7,2,'EVEN',NULL,'ECE',NULL,NULL,0),(51,7,3,'ODD',NULL,'ECE',NULL,NULL,0),(52,7,4,'EVEN',NULL,'ECE',NULL,NULL,0),(53,7,5,'ODD',NULL,'ECE',NULL,NULL,0),(54,7,6,'EVEN',NULL,'ECE',NULL,NULL,0),(55,7,7,'ODD',NULL,'ECE',NULL,NULL,0),(56,7,8,'EVEN',NULL,'ECE',NULL,NULL,0),(57,8,1,'ODD',NULL,'MECH',NULL,NULL,0),(58,8,2,'EVEN',NULL,'MECH',NULL,NULL,0),(59,8,3,'ODD',NULL,'MECH',NULL,NULL,0),(60,8,4,'EVEN',NULL,'MECH',NULL,NULL,0),(61,8,5,'ODD',NULL,'MECH',NULL,NULL,0),(62,8,6,'EVEN',NULL,'MECH',NULL,NULL,0),(63,8,7,'ODD',NULL,'MECH',NULL,NULL,0),(64,8,8,'EVEN',NULL,'MECH',NULL,NULL,0),(65,9,1,'ODD',NULL,'CSE',NULL,NULL,0),(66,9,2,'EVEN',NULL,'CSE',NULL,NULL,0),(67,9,3,'ODD',NULL,'CSE',NULL,NULL,0),(68,9,4,'EVEN',NULL,'CSE',NULL,NULL,0),(69,9,5,'ODD',NULL,'CSE',NULL,NULL,0),(70,9,6,'EVEN',NULL,'CSE',NULL,NULL,0),(71,9,7,'ODD',NULL,'CSE',NULL,NULL,0),(72,9,8,'EVEN',NULL,'CSE',NULL,NULL,0),(73,10,1,'ODD',NULL,'BT',NULL,NULL,0),(74,10,2,'EVEN',NULL,'BT',NULL,NULL,0),(75,10,3,'ODD',NULL,'BT',NULL,NULL,0),(76,10,4,'EVEN',NULL,'BT',NULL,NULL,0),(77,10,5,'ODD',NULL,'BT',NULL,NULL,0),(78,10,6,'EVEN',NULL,'BT',NULL,NULL,0),(79,10,7,'ODD',NULL,'BT',NULL,NULL,0),(80,10,8,'EVEN',NULL,'BT',NULL,NULL,0),(81,11,1,'ODD',NULL,'ECE',NULL,NULL,0),(82,11,2,'EVEN',NULL,'ECE',NULL,NULL,0),(83,11,3,'ODD',NULL,'ECE',NULL,NULL,0),(84,11,4,'EVEN',NULL,'ECE',NULL,NULL,0),(85,11,5,'ODD',NULL,'ECE',NULL,NULL,0),(86,11,6,'EVEN',NULL,'ECE',NULL,NULL,0),(87,11,7,'ODD',NULL,'ECE',NULL,NULL,0),(88,11,8,'EVEN',NULL,'ECE',NULL,NULL,0),(89,12,1,'ODD',NULL,'MECH',NULL,NULL,0),(90,12,2,'EVEN',NULL,'MECH',NULL,NULL,0),(91,12,3,'ODD',NULL,'MECH',NULL,NULL,0),(92,12,4,'EVEN',NULL,'MECH',NULL,NULL,0),(93,12,5,'ODD',NULL,'MECH',NULL,NULL,0),(94,12,6,'EVEN',NULL,'MECH',NULL,NULL,0),(95,12,7,'ODD',NULL,'MECH',NULL,NULL,0),(96,12,8,'EVEN',NULL,'MECH',NULL,NULL,0),(97,13,1,'ODD',NULL,'CSE',NULL,NULL,0),(98,13,2,'EVEN',NULL,'CSE',NULL,NULL,0),(99,13,3,'ODD',NULL,'CSE',NULL,NULL,0),(100,13,4,'EVEN',NULL,'CSE',NULL,NULL,0),(101,13,5,'ODD',NULL,'CSE',NULL,NULL,0),(102,13,6,'EVEN',NULL,'CSE',NULL,NULL,0),(103,13,7,'ODD',NULL,'CSE',NULL,NULL,0),(104,13,8,'EVEN',NULL,'CSE',NULL,NULL,0),(105,14,1,'ODD',NULL,'BT',NULL,NULL,0),(106,14,2,'EVEN',NULL,'BT',NULL,NULL,0),(107,14,3,'ODD',NULL,'BT',NULL,NULL,0),(108,14,4,'EVEN',NULL,'BT',NULL,NULL,0),(109,14,5,'ODD',NULL,'BT',NULL,NULL,0),(110,14,6,'EVEN',NULL,'BT',NULL,NULL,0),(111,14,7,'ODD',NULL,'BT',NULL,NULL,0),(112,14,8,'EVEN',NULL,'BT',NULL,NULL,0),(113,15,1,'ODD',NULL,'ECE',NULL,NULL,0),(114,15,2,'EVEN',NULL,'ECE',NULL,NULL,0),(115,15,3,'ODD',NULL,'ECE',NULL,NULL,0),(116,15,4,'EVEN',NULL,'ECE',NULL,NULL,0),(117,15,5,'ODD',NULL,'ECE',NULL,NULL,0),(118,15,6,'EVEN',NULL,'ECE',NULL,NULL,0),(119,15,7,'ODD',NULL,'ECE',NULL,NULL,0),(120,15,8,'EVEN',NULL,'ECE',NULL,NULL,0),(121,16,1,'ODD',NULL,'MECH',NULL,NULL,0),(122,16,2,'EVEN',NULL,'MECH',NULL,NULL,0),(123,16,3,'ODD',NULL,'MECH',NULL,NULL,0),(124,16,4,'EVEN',NULL,'MECH',NULL,NULL,0),(125,16,5,'ODD',NULL,'MECH',NULL,NULL,0),(126,16,6,'EVEN',NULL,'MECH',NULL,NULL,0),(127,16,7,'ODD',NULL,'MECH',NULL,NULL,0),(128,16,8,'EVEN',NULL,'MECH',NULL,NULL,0),(129,17,1,'ODD',NULL,'CSE',NULL,NULL,0),(130,17,2,'EVEN',NULL,'CSE',NULL,NULL,0),(131,17,3,'ODD',NULL,'CSE',NULL,NULL,0),(132,17,4,'EVEN',NULL,'CSE',NULL,NULL,0),(133,17,5,'ODD',NULL,'CSE',NULL,NULL,0),(134,17,6,'EVEN',NULL,'CSE',NULL,NULL,0),(135,17,7,'ODD',NULL,'CSE',NULL,NULL,0),(136,17,8,'EVEN',NULL,'CSE',NULL,NULL,0),(137,18,1,'ODD',NULL,'BT',NULL,NULL,0),(138,18,2,'EVEN',NULL,'BT',NULL,NULL,0),(139,18,3,'ODD',NULL,'BT',NULL,NULL,0),(140,18,4,'EVEN',NULL,'BT',NULL,NULL,0),(141,18,5,'ODD',NULL,'BT',NULL,NULL,0),(142,18,6,'EVEN',NULL,'BT',NULL,NULL,0),(143,18,7,'ODD',NULL,'BT',NULL,NULL,0),(144,18,8,'EVEN',NULL,'BT',NULL,NULL,0),(145,19,1,'ODD',NULL,'ECE',NULL,NULL,0),(146,19,2,'EVEN',NULL,'ECE',NULL,NULL,0),(147,19,3,'ODD',NULL,'ECE',NULL,NULL,0),(148,19,4,'EVEN',NULL,'ECE',NULL,NULL,0),(149,19,5,'ODD',NULL,'ECE',NULL,NULL,0),(150,19,6,'EVEN',NULL,'ECE',NULL,NULL,0),(151,19,7,'ODD',NULL,'ECE',NULL,NULL,0),(152,19,8,'EVEN',NULL,'ECE',NULL,NULL,0),(153,20,1,'ODD',NULL,'MECH',NULL,NULL,0),(154,20,2,'EVEN',NULL,'MECH',NULL,NULL,0),(155,20,3,'ODD',NULL,'MECH',NULL,NULL,0),(156,20,4,'EVEN',NULL,'MECH',NULL,NULL,0),(157,20,5,'ODD',NULL,'MECH',NULL,NULL,0),(158,20,6,'EVEN',NULL,'MECH',NULL,NULL,0),(159,20,7,'ODD',NULL,'MECH',NULL,NULL,0),(160,20,8,'EVEN',NULL,'MECH',NULL,NULL,0),(161,21,1,'ODD',NULL,'CSE',NULL,NULL,0),(162,21,2,'EVEN',NULL,'CSE',NULL,NULL,0),(163,21,3,'ODD',NULL,'CSE',NULL,NULL,0),(164,21,4,'EVEN',NULL,'CSE',NULL,NULL,0),(165,21,5,'ODD',NULL,'CSE',NULL,NULL,0),(166,21,6,'EVEN',NULL,'CSE',NULL,NULL,0),(167,21,7,'ODD',NULL,'CSE',NULL,NULL,0),(168,21,8,'EVEN',NULL,'CSE',NULL,NULL,0),(169,22,1,'ODD',NULL,'BT',NULL,NULL,0),(170,22,2,'EVEN',NULL,'BT',NULL,NULL,0),(171,22,3,'ODD',NULL,'BT',NULL,NULL,0),(172,22,4,'EVEN',NULL,'BT',NULL,NULL,0),(173,22,5,'ODD',NULL,'BT',NULL,NULL,0),(174,22,6,'EVEN',NULL,'BT',NULL,NULL,0),(175,22,7,'ODD',NULL,'BT',NULL,NULL,0),(176,22,8,'EVEN',NULL,'BT',NULL,NULL,0),(177,23,1,'ODD',NULL,'ECE',NULL,NULL,0),(178,23,2,'EVEN',NULL,'ECE',NULL,NULL,0),(179,23,3,'ODD',NULL,'ECE',NULL,NULL,0),(180,23,4,'EVEN',NULL,'ECE',NULL,NULL,0),(181,23,5,'ODD',NULL,'ECE',NULL,NULL,0),(182,23,6,'EVEN',NULL,'ECE',NULL,NULL,0),(183,23,7,'ODD',NULL,'ECE',NULL,NULL,0),(184,23,8,'EVEN',NULL,'ECE',NULL,NULL,0),(185,24,1,'ODD',NULL,'MECH',NULL,NULL,0),(186,24,2,'EVEN',NULL,'MECH',NULL,NULL,0),(187,24,3,'ODD',NULL,'MECH',NULL,NULL,0),(188,24,4,'EVEN',NULL,'MECH',NULL,NULL,0),(189,24,5,'ODD',NULL,'MECH',NULL,NULL,0),(190,24,6,'EVEN',NULL,'MECH',NULL,NULL,0),(191,24,7,'ODD',NULL,'MECH',NULL,NULL,0),(192,24,8,'EVEN',NULL,'MECH',NULL,NULL,0),(193,25,1,'ODD',NULL,'CSE',NULL,NULL,0),(194,25,2,'EVEN',NULL,'CSE',NULL,NULL,0),(195,25,3,'ODD',NULL,'CSE',NULL,NULL,0),(196,25,4,'EVEN',NULL,'CSE',NULL,NULL,0),(197,25,5,'ODD',NULL,'CSE',NULL,NULL,0),(198,25,6,'EVEN',NULL,'CSE',NULL,NULL,0),(199,25,7,'ODD',NULL,'CSE',NULL,NULL,0),(200,25,8,'EVEN',NULL,'CSE',NULL,NULL,0),(201,26,1,'ODD',NULL,'BT',NULL,NULL,0),(202,26,2,'EVEN',NULL,'BT',NULL,NULL,0),(203,26,3,'ODD',NULL,'BT',NULL,NULL,0),(204,26,4,'EVEN',NULL,'BT',NULL,NULL,0),(205,26,5,'ODD',NULL,'BT',NULL,NULL,0),(206,26,6,'EVEN',NULL,'BT',NULL,NULL,0),(207,26,7,'ODD',NULL,'BT',NULL,NULL,0),(208,26,8,'EVEN',NULL,'BT',NULL,NULL,0),(209,27,1,'ODD',NULL,'ECE',NULL,NULL,0),(210,27,2,'EVEN',NULL,'ECE',NULL,NULL,0),(211,27,3,'ODD',NULL,'ECE',NULL,NULL,0),(212,27,4,'EVEN',NULL,'ECE',NULL,NULL,0),(213,27,5,'ODD',NULL,'ECE',NULL,NULL,0),(214,27,6,'EVEN',NULL,'ECE',NULL,NULL,0),(215,27,7,'ODD',NULL,'ECE',NULL,NULL,0),(216,27,8,'EVEN',NULL,'ECE',NULL,NULL,0),(217,28,1,'ODD',NULL,'MECH',NULL,NULL,0),(218,28,2,'EVEN',NULL,'MECH',NULL,NULL,0),(219,28,3,'ODD',NULL,'MECH',NULL,NULL,0),(220,28,4,'EVEN',NULL,'MECH',NULL,NULL,0),(221,28,5,'ODD',NULL,'MECH',NULL,NULL,0),(222,28,6,'EVEN',NULL,'MECH',NULL,NULL,0),(223,28,7,'ODD',NULL,'MECH',NULL,NULL,0),(224,28,8,'EVEN',NULL,'MECH',NULL,NULL,0),(225,29,1,'ODD',NULL,'CSE',NULL,NULL,1),(226,29,2,'EVEN',NULL,'CSE',NULL,NULL,1),(227,29,3,'ODD',NULL,'CSE',NULL,NULL,1),(228,29,4,'EVEN',NULL,'CSE',NULL,NULL,1),(229,29,5,'ODD',NULL,'CSE',NULL,NULL,1),(230,29,6,'EVEN',NULL,'CSE',NULL,NULL,1),(231,29,7,'ODD',NULL,'CSE',NULL,NULL,1),(232,29,8,'EVEN',NULL,'CSE',NULL,NULL,1),(233,30,1,'ODD',NULL,'BT',NULL,NULL,1),(234,30,2,'EVEN',NULL,'BT',NULL,NULL,1),(235,30,3,'ODD',NULL,'BT',NULL,NULL,1),(236,30,4,'EVEN',NULL,'BT',NULL,NULL,1),(237,30,5,'ODD',NULL,'BT',NULL,NULL,1),(238,30,6,'EVEN',NULL,'BT',NULL,NULL,1),(239,30,7,'ODD',NULL,'BT',NULL,NULL,1),(240,30,8,'EVEN',NULL,'BT',NULL,NULL,1),(241,31,1,'ODD',NULL,'ECE',NULL,NULL,1),(242,31,2,'EVEN',NULL,'ECE',NULL,NULL,1),(243,31,3,'ODD',NULL,'ECE',NULL,NULL,1),(244,31,4,'EVEN',NULL,'ECE',NULL,NULL,1),(245,31,5,'ODD',NULL,'ECE',NULL,NULL,1),(246,31,6,'EVEN',NULL,'ECE',NULL,NULL,1),(247,31,7,'ODD',NULL,'ECE',NULL,NULL,1),(248,31,8,'EVEN',NULL,'ECE',NULL,NULL,1),(249,32,1,'ODD',NULL,'MECH',NULL,NULL,1),(250,32,2,'EVEN',NULL,'MECH',NULL,NULL,1),(251,32,3,'ODD',NULL,'MECH',NULL,NULL,1),(252,32,4,'EVEN',NULL,'MECH',NULL,NULL,1),(253,32,5,'ODD',NULL,'MECH',NULL,NULL,1),(254,32,6,'EVEN',NULL,'MECH',NULL,NULL,1),(255,32,7,'ODD',NULL,'MECH',NULL,NULL,1),(256,32,8,'EVEN',NULL,'MECH',NULL,NULL,1),(257,33,1,'ODD',NULL,'CSE',NULL,NULL,1),(258,33,2,'EVEN',NULL,'CSE',NULL,NULL,1),(259,33,3,'ODD',NULL,'CSE',NULL,NULL,1),(260,33,4,'EVEN',NULL,'CSE',NULL,NULL,1),(261,33,5,'ODD',NULL,'CSE',NULL,NULL,1),(262,33,6,'EVEN',NULL,'CSE',NULL,NULL,1),(263,33,7,'ODD',NULL,'CSE',NULL,NULL,1),(264,33,8,'EVEN',NULL,'CSE',NULL,NULL,1),(265,34,1,'ODD',NULL,'BT',NULL,NULL,1),(266,34,2,'EVEN',NULL,'BT',NULL,NULL,1),(267,34,3,'ODD',NULL,'BT',NULL,NULL,1),(268,34,4,'EVEN',NULL,'BT',NULL,NULL,1),(269,34,5,'ODD',NULL,'BT',NULL,NULL,1),(270,34,6,'EVEN',NULL,'BT',NULL,NULL,1),(271,34,7,'ODD',NULL,'BT',NULL,NULL,1),(272,34,8,'EVEN',NULL,'BT',NULL,NULL,1),(273,35,1,'ODD',NULL,'ECE',NULL,NULL,1),(274,35,2,'EVEN',NULL,'ECE',NULL,NULL,1),(275,35,3,'ODD',NULL,'ECE',NULL,NULL,1),(276,35,4,'EVEN',NULL,'ECE',NULL,NULL,1),(277,35,5,'ODD',NULL,'ECE',NULL,NULL,1),(278,35,6,'EVEN',NULL,'ECE',NULL,NULL,1),(279,35,7,'ODD',NULL,'ECE',NULL,NULL,1),(280,35,8,'EVEN',NULL,'ECE',NULL,NULL,1),(281,36,1,'ODD',NULL,'MECH',NULL,NULL,1),(282,36,2,'EVEN',NULL,'MECH',NULL,NULL,1),(283,36,3,'ODD',NULL,'MECH',NULL,NULL,1),(284,36,4,'EVEN',NULL,'MECH',NULL,NULL,1),(285,36,5,'ODD',NULL,'MECH',NULL,NULL,1),(286,36,6,'EVEN',NULL,'MECH',NULL,NULL,1),(287,36,7,'ODD',NULL,'MECH',NULL,NULL,1),(288,36,8,'EVEN',NULL,'MECH',NULL,NULL,1),(289,37,1,'ODD',NULL,'CSE',NULL,NULL,1),(290,37,2,'EVEN',NULL,'CSE',NULL,NULL,1),(291,37,3,'ODD',NULL,'CSE',NULL,NULL,1),(292,37,4,'EVEN',NULL,'CSE',NULL,NULL,1),(293,37,5,'ODD',NULL,'CSE',NULL,NULL,1),(294,37,6,'EVEN',NULL,'CSE',NULL,NULL,1),(295,37,7,'ODD',NULL,'CSE',NULL,NULL,1),(296,37,8,'EVEN',NULL,'CSE',NULL,NULL,1),(297,38,1,'ODD',NULL,'BT',NULL,NULL,1),(298,38,2,'EVEN',NULL,'BT',NULL,NULL,1),(299,38,3,'ODD',NULL,'BT',NULL,NULL,1),(300,38,4,'EVEN',NULL,'BT',NULL,NULL,1),(301,38,5,'ODD',NULL,'BT',NULL,NULL,1),(302,38,6,'EVEN',NULL,'BT',NULL,NULL,1),(303,38,7,'ODD',NULL,'BT',NULL,NULL,1),(304,38,8,'EVEN',NULL,'BT',NULL,NULL,1),(305,39,1,'ODD',NULL,'ECE',NULL,NULL,1),(306,39,2,'EVEN',NULL,'ECE',NULL,NULL,1),(307,39,3,'ODD',NULL,'ECE',NULL,NULL,1),(308,39,4,'EVEN',NULL,'ECE',NULL,NULL,1),(309,39,5,'ODD',NULL,'ECE',NULL,NULL,1),(310,39,6,'EVEN',NULL,'ECE',NULL,NULL,1),(311,39,7,'ODD',NULL,'ECE',NULL,NULL,1),(312,39,8,'EVEN',NULL,'ECE',NULL,NULL,1),(313,40,1,'ODD',NULL,'MECH',NULL,NULL,1),(314,40,2,'EVEN',NULL,'MECH',NULL,NULL,1),(315,40,3,'ODD',NULL,'MECH',NULL,NULL,1),(316,40,4,'EVEN',NULL,'MECH',NULL,NULL,1),(317,40,5,'ODD',NULL,'MECH',NULL,NULL,1),(318,40,6,'EVEN',NULL,'MECH',NULL,NULL,1),(319,40,7,'ODD',NULL,'MECH',NULL,NULL,1),(320,40,8,'EVEN',NULL,'MECH',NULL,NULL,1),(321,41,1,'ODD',NULL,'CSE',NULL,NULL,1),(322,41,2,'EVEN',NULL,'CSE',NULL,NULL,1),(323,41,3,'ODD',NULL,'CSE',NULL,NULL,1),(324,41,4,'EVEN',NULL,'CSE',NULL,NULL,1),(325,41,5,'ODD',NULL,'CSE',NULL,NULL,1),(326,41,6,'EVEN',NULL,'CSE',NULL,NULL,1),(327,41,7,'ODD',NULL,'CSE',NULL,NULL,1),(328,41,8,'EVEN',NULL,'CSE',NULL,NULL,1),(329,42,1,'ODD',NULL,'BT',NULL,NULL,1),(330,42,2,'EVEN',NULL,'BT',NULL,NULL,1),(331,42,3,'ODD',NULL,'BT',NULL,NULL,1),(332,42,4,'EVEN',NULL,'BT',NULL,NULL,1),(333,42,5,'ODD',NULL,'BT',NULL,NULL,1),(334,42,6,'EVEN',NULL,'BT',NULL,NULL,1),(335,42,7,'ODD',NULL,'BT',NULL,NULL,1),(336,42,8,'EVEN',NULL,'BT',NULL,NULL,1),(337,43,1,'ODD',NULL,'ECE',NULL,NULL,1),(338,43,2,'EVEN',NULL,'ECE',NULL,NULL,1),(339,43,3,'ODD',NULL,'ECE',NULL,NULL,1),(340,43,4,'EVEN',NULL,'ECE',NULL,NULL,1),(341,43,5,'ODD',NULL,'ECE',NULL,NULL,1),(342,43,6,'EVEN',NULL,'ECE',NULL,NULL,1),(343,43,7,'ODD',NULL,'ECE',NULL,NULL,1),(344,43,8,'EVEN',NULL,'ECE',NULL,NULL,1),(345,44,1,'ODD',NULL,'MECH',NULL,NULL,1),(346,44,2,'EVEN',NULL,'MECH',NULL,NULL,1),(347,44,3,'ODD',NULL,'MECH',NULL,NULL,1),(348,44,4,'EVEN',NULL,'MECH',NULL,NULL,1),(349,44,5,'ODD',NULL,'MECH',NULL,NULL,1),(350,44,6,'EVEN',NULL,'MECH',NULL,NULL,1),(351,44,7,'ODD',NULL,'MECH',NULL,NULL,1),(352,44,8,'EVEN',NULL,'MECH',NULL,NULL,1);

/*Data for the table `co_curricular` */

/*Data for the table `company` */

/*Data for the table `company_job` */

/*Data for the table `contacts` */

/*Data for the table `employability_test` */

insert  into `employability_test`(`employability_test_id`,`test_name`,`date_of_conduct`) values (1,'AMCAT','2012-09-02'),(2,'COCUBES','2012-09-22');

/*Data for the table `employability_test_record` */

/*Data for the table `employability_test_section` */

/*Data for the table `employability_test_section_score` */

/*Data for the table `functional_area` */

/*Data for the table `industries` */

/*Data for the table `job_preferred` */

/*Data for the table `job_record` */

/*Data for the table `languages` */

insert  into `languages`(`language_id`,`language_name`) values (1,'ENGLISH'),(2,'HINDI'),(3,'PUNJABI');

/*Data for the table `member_notification` */

/*Data for the table `members` */

/*Data for the table `mod_action` */

insert  into `mod_action`(`module_id`,`controller_id`,`action_id`) values ('tnp','admin','aclconfig'),('tnp','admin','filterstudent'),('tnp','admin','index'),('tnp','admin','viewstudentprofile'),('tnp','batch','aclconfig'),('tnp','batch','getbatchids'),('tnp','batch','getbatchinfo'),('tnp','batch','index'),('tnp','batch','savebatch'),('tnp','batch','viewbatchinfo'),('tnp','class','aclconfig'),('tnp','class','addclass'),('tnp','class','getclassids'),('tnp','class','getclassinfo'),('tnp','class','index'),('tnp','class','saveclass'),('tnp','class','viewclassinfo'),('tnp','index','index'),('tnp','student','aclconfig'),('tnp','student','addcertificationinfo'),('tnp','student','addcocurricular'),('tnp','student','addemptest'),('tnp','student','addemptestrecord'),('tnp','student','addemptestsection'),('tnp','student','addjobpreferred'),('tnp','student','addlanguage'),('tnp','student','addmemberlanguage'),('tnp','student','addmemberskill'),('tnp','student','addskill'),('tnp','student','addtraininginfo'),('tnp','student','deletecocurricular'),('tnp','student','deletejobpreferred'),('tnp','student','deletelanguage'),('tnp','student','deleteskillinfo'),('tnp','student','deletestucertification'),('tnp','student','deletetestrecord'),('tnp','student','deletetraining'),('tnp','student','editcertification'),('tnp','student','editcocurricular'),('tnp','student','editemptestrecord'),('tnp','student','editjobpreferred'),('tnp','student','editlanguageknown'),('tnp','student','editskills'),('tnp','student','edittraininginfo'),('tnp','student','fetchcriticalinfo'),('tnp','student','fetchemptestid'),('tnp','student','fetchemptestrecord'),('tnp','student','fetchemptestsections'),('tnp','student','fetchsectionrecord'),('tnp','student','index'),('tnp','student','memberidcheck'),('tnp','student','profile'),('tnp','student','register'),('tnp','student','savecertification'),('tnp','student','savecocurricular'),('tnp','student','saveemptestrecord'),('tnp','student','saveexperience'),('tnp','student','savejobpreferred'),('tnp','student','savelanguagesknown'),('tnp','student','saveskills'),('tnp','student','savetraining'),('tnp','student','test'),('tnp','student','viewcertificationinfo'),('tnp','student','viewcocurricular'),('tnp','student','viewemptest'),('tnp','student','viewemptestrecord'),('tnp','student','viewjobpreferred'),('tnp','student','viewlanguagesknown'),('tnp','student','viewskillinfo'),('tnp','student','viewtraininginfo');

/*Data for the table `mod_controller` */

insert  into `mod_controller`(`module_id`,`controller_id`) values ('tnp','admin'),('tnp','batch'),('tnp','class'),('tnp','index'),('tnp','student');

/*Data for the table `mod_role` */

insert  into `mod_role`(`role_id`,`role_name`) values ('guest','guest'),('student','student');

/*Data for the table `mod_role_resource` */

insert  into `mod_role_resource`(`role_id`,`action_id`,`controller_id`,`module_id`) values ('student','aclconfig','admin','tnp'),('student','aclconfig','batch','tnp'),('student','aclconfig','class','tnp'),('student','aclconfig','student','tnp'),('student','addcertificationinfo','student','tnp'),('student','addclass','class','tnp'),('student','addcocurricular','student','tnp'),('student','addemptest','student','tnp'),('student','addemptestrecord','student','tnp'),('student','addemptestsection','student','tnp'),('student','addjobpreferred','student','tnp'),('student','addlanguage','student','tnp'),('student','addmemberlanguage','student','tnp'),('student','addmemberskill','student','tnp'),('student','addskill','student','tnp'),('student','addtraininginfo','student','tnp'),('student','deletecocurricular','student','tnp'),('student','deletejobpreferred','student','tnp'),('student','deletelanguage','student','tnp'),('student','deleteskillinfo','student','tnp'),('student','deletestucertification','student','tnp'),('student','deletetestrecord','student','tnp'),('student','deletetraining','student','tnp'),('student','editcertification','student','tnp'),('student','editcocurricular','student','tnp'),('student','editemptestrecord','student','tnp'),('student','editjobpreferred','student','tnp'),('student','editlanguageknown','student','tnp'),('student','editskills','student','tnp'),('student','edittraininginfo','student','tnp'),('student','fetchcriticalinfo','student','tnp'),('student','fetchemptestid','student','tnp'),('student','fetchemptestrecord','student','tnp'),('student','fetchemptestsections','student','tnp'),('student','fetchsectionrecord','student','tnp'),('student','filterstudent','admin','tnp'),('student','getbatchids','batch','tnp'),('student','getbatchinfo','batch','tnp'),('student','getclassids','class','tnp'),('student','getclassinfo','class','tnp'),('student','index','admin','tnp'),('student','index','batch','tnp'),('student','index','class','tnp'),('student','index','index','tnp'),('student','index','student','tnp'),('student','memberidcheck','student','tnp'),('student','profile','student','tnp'),('student','register','student','tnp'),('student','savebatch','batch','tnp'),('student','savecertification','student','tnp'),('student','saveclass','class','tnp'),('student','savecocurricular','student','tnp'),('student','saveemptestrecord','student','tnp'),('student','saveexperience','student','tnp'),('student','savejobpreferred','student','tnp'),('student','savelanguagesknown','student','tnp'),('student','saveskills','student','tnp'),('student','savetraining','student','tnp'),('student','test','student','tnp'),('student','viewbatchinfo','batch','tnp'),('student','viewcertificationinfo','student','tnp'),('student','viewclassinfo','class','tnp'),('student','viewcocurricular','student','tnp'),('student','viewemptest','student','tnp'),('student','viewemptestrecord','student','tnp'),('student','viewjobpreferred','student','tnp'),('student','viewlanguagesknown','student','tnp'),('student','viewskillinfo','student','tnp'),('student','viewstudentprofile','admin','tnp'),('student','viewtraininginfo','student','tnp');

/*Data for the table `module` */

insert  into `module`(`module_id`) values ('tnp');

/*Data for the table `notification` */

/*Data for the table `personnel_type` */

/*Data for the table `profile_status` */

/*Data for the table `roles` */

/*Data for the table `skills` */

insert  into `skills`(`skill_id`,`skill_name`,`skill_field`) values (1,'PHP','PROGRAMMING'),(2,'JAVA',NULL);

/*Data for the table `student_certification` */

/*Data for the table `student_class` */

/*Data for the table `student_experience` */

/*Data for the table `student_language` */

/*Data for the table `student_skills` */

/*Data for the table `student_training` */

/*!40101 SET SQL_MODE=@OLD_SQL_MODE */;
/*!40014 SET FOREIGN_KEY_CHECKS=@OLD_FOREIGN_KEY_CHECKS */;
/*!40014 SET UNIQUE_CHECKS=@OLD_UNIQUE_CHECKS */;
/*!40111 SET SQL_NOTES=@OLD_SQL_NOTES */;
