/*
SQLyog Ultimate v8.55 
MySQL - 5.0.67-community-nt : Database - academics
*********************************************************************
*/

/*!40101 SET NAMES utf8 */;

/*!40101 SET SQL_MODE=''*/;

/*!40014 SET @OLD_UNIQUE_CHECKS=@@UNIQUE_CHECKS, UNIQUE_CHECKS=0 */;
/*!40014 SET @OLD_FOREIGN_KEY_CHECKS=@@FOREIGN_KEY_CHECKS, FOREIGN_KEY_CHECKS=0 */;
/*!40101 SET @OLD_SQL_MODE=@@SQL_MODE, SQL_MODE='NO_AUTO_VALUE_ON_ZERO' */;
/*!40111 SET @OLD_SQL_NOTES=@@SQL_NOTES, SQL_NOTES=0 */;
CREATE DATABASE /*!32312 IF NOT EXISTS*/`academics` /*!40100 DEFAULT CHARACTER SET utf8 */;

USE `academics`;

/*Data for the table `academic_session` */

/*Data for the table `adjustment_day` */

/*Data for the table `adjustment_faculty` */

/*Data for the table `batch` */

insert  into `batch`(`batch_id`,`department_id`,`programme_id`,`batch_start`,`batch_number`,`is_active`) values (1,'CSE','BTECH',2002,1,0),(2,'BT','BTECH',2002,1,0),(3,'ECE','BTECH',2002,1,0),(4,'MECH','BTECH',2002,1,0),(5,'CSE','BTECH',2003,2,0),(6,'BT','BTECH',2003,2,0),(7,'ECE','BTECH',2003,2,0),(8,'MECH','BTECH',2003,2,0),(9,'CSE','BTECH',2004,3,0),(10,'BT','BTECH',2004,3,0),(11,'ECE','BTECH',2004,3,0),(12,'MECH','BTECH',2004,3,0),(13,'CSE','BTECH',2005,4,0),(14,'BT','BTECH',2005,4,0),(15,'ECE','BTECH',2005,4,0),(16,'MECH','BTECH',2005,4,0),(17,'CSE','BTECH',2006,5,0),(18,'BT','BTECH',2006,5,0),(19,'ECE','BTECH',2006,5,0),(20,'MECH','BTECH',2006,5,0),(21,'CSE','BTECH',2007,6,0),(22,'BT','BTECH',2007,6,0),(23,'ECE','BTECH',2007,6,0),(24,'MECH','BTECH',2007,6,0),(25,'CSE','BTECH',2008,7,0),(26,'BT','BTECH',2008,7,0),(27,'ECE','BTECH',2008,7,0),(28,'MECH','BTECH',2008,7,0),(29,'CSE','BTECH',2009,8,1),(30,'BT','BTECH',2009,8,1),(31,'ECE','BTECH',2009,8,1),(32,'MECH','BTECH',2009,8,1),(33,'CSE','BTECH',2010,9,1),(34,'BT','BTECH',2010,9,1),(35,'ECE','BTECH',2010,9,1),(36,'MECH','BTECH',2010,9,1),(37,'CSE','BTECH',2011,10,1),(38,'BT','BTECH',2011,10,1),(39,'ECE','BTECH',2011,10,1),(40,'MECH','BTECH',2011,10,1),(41,'CSE','BTECH',2012,11,1),(42,'BT','BTECH',2012,11,1),(43,'ECE','BTECH',2012,11,1),(44,'MECH','BTECH',2012,11,1);

/*Data for the table `btech` */

/*Data for the table `city` */

/*Data for the table `class` */

insert  into `class`(`class_id`,`batch_id`,`semester_id`,`semester_type`,`semester_duration`,`handled_by_dept`,`start_date`,`completion_date`,`is_active`) values (1,1,1,'ODD',NULL,'CSE',NULL,NULL,0),(2,1,2,'EVEN',NULL,'CSE',NULL,NULL,0),(3,1,3,'ODD',NULL,'CSE',NULL,NULL,0),(4,1,4,'EVEN',NULL,'CSE',NULL,NULL,0),(5,1,5,'ODD',NULL,'CSE',NULL,NULL,0),(6,1,6,'EVEN',NULL,'CSE',NULL,NULL,0),(7,1,7,'ODD',NULL,'CSE',NULL,NULL,0),(8,1,8,'EVEN',NULL,'CSE',NULL,NULL,0),(9,2,1,'ODD',NULL,'BT',NULL,NULL,0),(10,2,2,'EVEN',NULL,'BT',NULL,NULL,0),(11,2,3,'ODD',NULL,'BT',NULL,NULL,0),(12,2,4,'EVEN',NULL,'BT',NULL,NULL,0),(13,2,5,'ODD',NULL,'BT',NULL,NULL,0),(14,2,6,'EVEN',NULL,'BT',NULL,NULL,0),(15,2,7,'ODD',NULL,'BT',NULL,NULL,0),(16,2,8,'EVEN',NULL,'BT',NULL,NULL,0),(17,3,1,'ODD',NULL,'ECE',NULL,NULL,0),(18,3,2,'EVEN',NULL,'ECE',NULL,NULL,0),(19,3,3,'ODD',NULL,'ECE',NULL,NULL,0),(20,3,4,'EVEN',NULL,'ECE',NULL,NULL,0),(21,3,5,'ODD',NULL,'ECE',NULL,NULL,0),(22,3,6,'EVEN',NULL,'ECE',NULL,NULL,0),(23,3,7,'ODD',NULL,'ECE',NULL,NULL,0),(24,3,8,'EVEN',NULL,'ECE',NULL,NULL,0),(25,4,1,'ODD',NULL,'MECH',NULL,NULL,0),(26,4,2,'EVEN',NULL,'MECH',NULL,NULL,0),(27,4,3,'ODD',NULL,'MECH',NULL,NULL,0),(28,4,4,'EVEN',NULL,'MECH',NULL,NULL,0),(29,4,5,'ODD',NULL,'MECH',NULL,NULL,0),(30,4,6,'EVEN',NULL,'MECH',NULL,NULL,0),(31,4,7,'ODD',NULL,'MECH',NULL,NULL,0),(32,4,8,'EVEN',NULL,'MECH',NULL,NULL,0),(33,5,1,'ODD',NULL,'CSE',NULL,NULL,0),(34,5,2,'EVEN',NULL,'CSE',NULL,NULL,0),(35,5,3,'ODD',NULL,'CSE',NULL,NULL,0),(36,5,4,'EVEN',NULL,'CSE',NULL,NULL,0),(37,5,5,'ODD',NULL,'CSE',NULL,NULL,0),(38,5,6,'EVEN',NULL,'CSE',NULL,NULL,0),(39,5,7,'ODD',NULL,'CSE',NULL,NULL,0),(40,5,8,'EVEN',NULL,'CSE',NULL,NULL,0),(41,6,1,'ODD',NULL,'BT',NULL,NULL,0),(42,6,2,'EVEN',NULL,'BT',NULL,NULL,0),(43,6,3,'ODD',NULL,'BT',NULL,NULL,0),(44,6,4,'EVEN',NULL,'BT',NULL,NULL,0),(45,6,5,'ODD',NULL,'BT',NULL,NULL,0),(46,6,6,'EVEN',NULL,'BT',NULL,NULL,0),(47,6,7,'ODD',NULL,'BT',NULL,NULL,0),(48,6,8,'EVEN',NULL,'BT',NULL,NULL,0),(49,7,1,'ODD',NULL,'ECE',NULL,NULL,0),(50,7,2,'EVEN',NULL,'ECE',NULL,NULL,0),(51,7,3,'ODD',NULL,'ECE',NULL,NULL,0),(52,7,4,'EVEN',NULL,'ECE',NULL,NULL,0),(53,7,5,'ODD',NULL,'ECE',NULL,NULL,0),(54,7,6,'EVEN',NULL,'ECE',NULL,NULL,0),(55,7,7,'ODD',NULL,'ECE',NULL,NULL,0),(56,7,8,'EVEN',NULL,'ECE',NULL,NULL,0),(57,8,1,'ODD',NULL,'MECH',NULL,NULL,0),(58,8,2,'EVEN',NULL,'MECH',NULL,NULL,0),(59,8,3,'ODD',NULL,'MECH',NULL,NULL,0),(60,8,4,'EVEN',NULL,'MECH',NULL,NULL,0),(61,8,5,'ODD',NULL,'MECH',NULL,NULL,0),(62,8,6,'EVEN',NULL,'MECH',NULL,NULL,0),(63,8,7,'ODD',NULL,'MECH',NULL,NULL,0),(64,8,8,'EVEN',NULL,'MECH',NULL,NULL,0),(65,9,1,'ODD',NULL,'CSE',NULL,NULL,0),(66,9,2,'EVEN',NULL,'CSE',NULL,NULL,0),(67,9,3,'ODD',NULL,'CSE',NULL,NULL,0),(68,9,4,'EVEN',NULL,'CSE',NULL,NULL,0),(69,9,5,'ODD',NULL,'CSE',NULL,NULL,0),(70,9,6,'EVEN',NULL,'CSE',NULL,NULL,0),(71,9,7,'ODD',NULL,'CSE',NULL,NULL,0),(72,9,8,'EVEN',NULL,'CSE',NULL,NULL,0),(73,10,1,'ODD',NULL,'BT',NULL,NULL,0),(74,10,2,'EVEN',NULL,'BT',NULL,NULL,0),(75,10,3,'ODD',NULL,'BT',NULL,NULL,0),(76,10,4,'EVEN',NULL,'BT',NULL,NULL,0),(77,10,5,'ODD',NULL,'BT',NULL,NULL,0),(78,10,6,'EVEN',NULL,'BT',NULL,NULL,0),(79,10,7,'ODD',NULL,'BT',NULL,NULL,0),(80,10,8,'EVEN',NULL,'BT',NULL,NULL,0),(81,11,1,'ODD',NULL,'ECE',NULL,NULL,0),(82,11,2,'EVEN',NULL,'ECE',NULL,NULL,0),(83,11,3,'ODD',NULL,'ECE',NULL,NULL,0),(84,11,4,'EVEN',NULL,'ECE',NULL,NULL,0),(85,11,5,'ODD',NULL,'ECE',NULL,NULL,0),(86,11,6,'EVEN',NULL,'ECE',NULL,NULL,0),(87,11,7,'ODD',NULL,'ECE',NULL,NULL,0),(88,11,8,'EVEN',NULL,'ECE',NULL,NULL,0),(89,12,1,'ODD',NULL,'MECH',NULL,NULL,0),(90,12,2,'EVEN',NULL,'MECH',NULL,NULL,0),(91,12,3,'ODD',NULL,'MECH',NULL,NULL,0),(92,12,4,'EVEN',NULL,'MECH',NULL,NULL,0),(93,12,5,'ODD',NULL,'MECH',NULL,NULL,0),(94,12,6,'EVEN',NULL,'MECH',NULL,NULL,0),(95,12,7,'ODD',NULL,'MECH',NULL,NULL,0),(96,12,8,'EVEN',NULL,'MECH',NULL,NULL,0),(97,13,1,'ODD',NULL,'CSE',NULL,NULL,0),(98,13,2,'EVEN',NULL,'CSE',NULL,NULL,0),(99,13,3,'ODD',NULL,'CSE',NULL,NULL,0),(100,13,4,'EVEN',NULL,'CSE',NULL,NULL,0),(101,13,5,'ODD',NULL,'CSE',NULL,NULL,0),(102,13,6,'EVEN',NULL,'CSE',NULL,NULL,0),(103,13,7,'ODD',NULL,'CSE',NULL,NULL,0),(104,13,8,'EVEN',NULL,'CSE',NULL,NULL,0),(105,14,1,'ODD',NULL,'BT',NULL,NULL,0),(106,14,2,'EVEN',NULL,'BT',NULL,NULL,0),(107,14,3,'ODD',NULL,'BT',NULL,NULL,0),(108,14,4,'EVEN',NULL,'BT',NULL,NULL,0),(109,14,5,'ODD',NULL,'BT',NULL,NULL,0),(110,14,6,'EVEN',NULL,'BT',NULL,NULL,0),(111,14,7,'ODD',NULL,'BT',NULL,NULL,0),(112,14,8,'EVEN',NULL,'BT',NULL,NULL,0),(113,15,1,'ODD',NULL,'ECE',NULL,NULL,0),(114,15,2,'EVEN',NULL,'ECE',NULL,NULL,0),(115,15,3,'ODD',NULL,'ECE',NULL,NULL,0),(116,15,4,'EVEN',NULL,'ECE',NULL,NULL,0),(117,15,5,'ODD',NULL,'ECE',NULL,NULL,0),(118,15,6,'EVEN',NULL,'ECE',NULL,NULL,0),(119,15,7,'ODD',NULL,'ECE',NULL,NULL,0),(120,15,8,'EVEN',NULL,'ECE',NULL,NULL,0),(121,16,1,'ODD',NULL,'MECH',NULL,NULL,0),(122,16,2,'EVEN',NULL,'MECH',NULL,NULL,0),(123,16,3,'ODD',NULL,'MECH',NULL,NULL,0),(124,16,4,'EVEN',NULL,'MECH',NULL,NULL,0),(125,16,5,'ODD',NULL,'MECH',NULL,NULL,0),(126,16,6,'EVEN',NULL,'MECH',NULL,NULL,0),(127,16,7,'ODD',NULL,'MECH',NULL,NULL,0),(128,16,8,'EVEN',NULL,'MECH',NULL,NULL,0),(129,17,1,'ODD',NULL,'CSE',NULL,NULL,0),(130,17,2,'EVEN',NULL,'CSE',NULL,NULL,0),(131,17,3,'ODD',NULL,'CSE',NULL,NULL,0),(132,17,4,'EVEN',NULL,'CSE',NULL,NULL,0),(133,17,5,'ODD',NULL,'CSE',NULL,NULL,0),(134,17,6,'EVEN',NULL,'CSE',NULL,NULL,0),(135,17,7,'ODD',NULL,'CSE',NULL,NULL,0),(136,17,8,'EVEN',NULL,'CSE',NULL,NULL,0),(137,18,1,'ODD',NULL,'BT',NULL,NULL,0),(138,18,2,'EVEN',NULL,'BT',NULL,NULL,0),(139,18,3,'ODD',NULL,'BT',NULL,NULL,0),(140,18,4,'EVEN',NULL,'BT',NULL,NULL,0),(141,18,5,'ODD',NULL,'BT',NULL,NULL,0),(142,18,6,'EVEN',NULL,'BT',NULL,NULL,0),(143,18,7,'ODD',NULL,'BT',NULL,NULL,0),(144,18,8,'EVEN',NULL,'BT',NULL,NULL,0),(145,19,1,'ODD',NULL,'ECE',NULL,NULL,0),(146,19,2,'EVEN',NULL,'ECE',NULL,NULL,0),(147,19,3,'ODD',NULL,'ECE',NULL,NULL,0),(148,19,4,'EVEN',NULL,'ECE',NULL,NULL,0),(149,19,5,'ODD',NULL,'ECE',NULL,NULL,0),(150,19,6,'EVEN',NULL,'ECE',NULL,NULL,0),(151,19,7,'ODD',NULL,'ECE',NULL,NULL,0),(152,19,8,'EVEN',NULL,'ECE',NULL,NULL,0),(153,20,1,'ODD',NULL,'MECH',NULL,NULL,0),(154,20,2,'EVEN',NULL,'MECH',NULL,NULL,0),(155,20,3,'ODD',NULL,'MECH',NULL,NULL,0),(156,20,4,'EVEN',NULL,'MECH',NULL,NULL,0),(157,20,5,'ODD',NULL,'MECH',NULL,NULL,0),(158,20,6,'EVEN',NULL,'MECH',NULL,NULL,0),(159,20,7,'ODD',NULL,'MECH',NULL,NULL,0),(160,20,8,'EVEN',NULL,'MECH',NULL,NULL,0),(161,21,1,'ODD',NULL,'CSE',NULL,NULL,0),(162,21,2,'EVEN',NULL,'CSE',NULL,NULL,0),(163,21,3,'ODD',NULL,'CSE',NULL,NULL,0),(164,21,4,'EVEN',NULL,'CSE',NULL,NULL,0),(165,21,5,'ODD',NULL,'CSE',NULL,NULL,0),(166,21,6,'EVEN',NULL,'CSE',NULL,NULL,0),(167,21,7,'ODD',NULL,'CSE',NULL,NULL,0),(168,21,8,'EVEN',NULL,'CSE',NULL,NULL,0),(169,22,1,'ODD',NULL,'BT',NULL,NULL,0),(170,22,2,'EVEN',NULL,'BT',NULL,NULL,0),(171,22,3,'ODD',NULL,'BT',NULL,NULL,0),(172,22,4,'EVEN',NULL,'BT',NULL,NULL,0),(173,22,5,'ODD',NULL,'BT',NULL,NULL,0),(174,22,6,'EVEN',NULL,'BT',NULL,NULL,0),(175,22,7,'ODD',NULL,'BT',NULL,NULL,0),(176,22,8,'EVEN',NULL,'BT',NULL,NULL,0),(177,23,1,'ODD',NULL,'ECE',NULL,NULL,0),(178,23,2,'EVEN',NULL,'ECE',NULL,NULL,0),(179,23,3,'ODD',NULL,'ECE',NULL,NULL,0),(180,23,4,'EVEN',NULL,'ECE',NULL,NULL,0),(181,23,5,'ODD',NULL,'ECE',NULL,NULL,0),(182,23,6,'EVEN',NULL,'ECE',NULL,NULL,0),(183,23,7,'ODD',NULL,'ECE',NULL,NULL,0),(184,23,8,'EVEN',NULL,'ECE',NULL,NULL,0),(185,24,1,'ODD',NULL,'MECH',NULL,NULL,0),(186,24,2,'EVEN',NULL,'MECH',NULL,NULL,0),(187,24,3,'ODD',NULL,'MECH',NULL,NULL,0),(188,24,4,'EVEN',NULL,'MECH',NULL,NULL,0),(189,24,5,'ODD',NULL,'MECH',NULL,NULL,0),(190,24,6,'EVEN',NULL,'MECH',NULL,NULL,0),(191,24,7,'ODD',NULL,'MECH',NULL,NULL,0),(192,24,8,'EVEN',NULL,'MECH',NULL,NULL,0),(193,25,1,'ODD',NULL,'CSE',NULL,NULL,0),(194,25,2,'EVEN',NULL,'CSE',NULL,NULL,0),(195,25,3,'ODD',NULL,'CSE',NULL,NULL,0),(196,25,4,'EVEN',NULL,'CSE',NULL,NULL,0),(197,25,5,'ODD',NULL,'CSE',NULL,NULL,0),(198,25,6,'EVEN',NULL,'CSE',NULL,NULL,0),(199,25,7,'ODD',NULL,'CSE',NULL,NULL,0),(200,25,8,'EVEN',NULL,'CSE',NULL,NULL,0),(201,26,1,'ODD',NULL,'BT',NULL,NULL,0),(202,26,2,'EVEN',NULL,'BT',NULL,NULL,0),(203,26,3,'ODD',NULL,'BT',NULL,NULL,0),(204,26,4,'EVEN',NULL,'BT',NULL,NULL,0),(205,26,5,'ODD',NULL,'BT',NULL,NULL,0),(206,26,6,'EVEN',NULL,'BT',NULL,NULL,0),(207,26,7,'ODD',NULL,'BT',NULL,NULL,0),(208,26,8,'EVEN',NULL,'BT',NULL,NULL,0),(209,27,1,'ODD',NULL,'ECE',NULL,NULL,0),(210,27,2,'EVEN',NULL,'ECE',NULL,NULL,0),(211,27,3,'ODD',NULL,'ECE',NULL,NULL,0),(212,27,4,'EVEN',NULL,'ECE',NULL,NULL,0),(213,27,5,'ODD',NULL,'ECE',NULL,NULL,0),(214,27,6,'EVEN',NULL,'ECE',NULL,NULL,0),(215,27,7,'ODD',NULL,'ECE',NULL,NULL,0),(216,27,8,'EVEN',NULL,'ECE',NULL,NULL,0),(217,28,1,'ODD',NULL,'MECH',NULL,NULL,0),(218,28,2,'EVEN',NULL,'MECH',NULL,NULL,0),(219,28,3,'ODD',NULL,'MECH',NULL,NULL,0),(220,28,4,'EVEN',NULL,'MECH',NULL,NULL,0),(221,28,5,'ODD',NULL,'MECH',NULL,NULL,0),(222,28,6,'EVEN',NULL,'MECH',NULL,NULL,0),(223,28,7,'ODD',NULL,'MECH',NULL,NULL,0),(224,28,8,'EVEN',NULL,'MECH',NULL,NULL,0),(225,29,1,'ODD',NULL,'CSE',NULL,NULL,1),(226,29,2,'EVEN',NULL,'CSE',NULL,NULL,1),(227,29,3,'ODD',NULL,'CSE',NULL,NULL,1),(228,29,4,'EVEN',NULL,'CSE',NULL,NULL,1),(229,29,5,'ODD',NULL,'CSE',NULL,NULL,1),(230,29,6,'EVEN',NULL,'CSE',NULL,NULL,1),(231,29,7,'ODD',NULL,'CSE',NULL,NULL,1),(232,29,8,'EVEN',NULL,'CSE',NULL,NULL,1),(233,30,1,'ODD',NULL,'BT',NULL,NULL,1),(234,30,2,'EVEN',NULL,'BT',NULL,NULL,1),(235,30,3,'ODD',NULL,'BT',NULL,NULL,1),(236,30,4,'EVEN',NULL,'BT',NULL,NULL,1),(237,30,5,'ODD',NULL,'BT',NULL,NULL,1),(238,30,6,'EVEN',NULL,'BT',NULL,NULL,1),(239,30,7,'ODD',NULL,'BT',NULL,NULL,1),(240,30,8,'EVEN',NULL,'BT',NULL,NULL,1),(241,31,1,'ODD',NULL,'ECE',NULL,NULL,1),(242,31,2,'EVEN',NULL,'ECE',NULL,NULL,1),(243,31,3,'ODD',NULL,'ECE',NULL,NULL,1),(244,31,4,'EVEN',NULL,'ECE',NULL,NULL,1),(245,31,5,'ODD',NULL,'ECE',NULL,NULL,1),(246,31,6,'EVEN',NULL,'ECE',NULL,NULL,1),(247,31,7,'ODD',NULL,'ECE',NULL,NULL,1),(248,31,8,'EVEN',NULL,'ECE',NULL,NULL,1),(249,32,1,'ODD',NULL,'MECH',NULL,NULL,1),(250,32,2,'EVEN',NULL,'MECH',NULL,NULL,1),(251,32,3,'ODD',NULL,'MECH',NULL,NULL,1),(252,32,4,'EVEN',NULL,'MECH',NULL,NULL,1),(253,32,5,'ODD',NULL,'MECH',NULL,NULL,1),(254,32,6,'EVEN',NULL,'MECH',NULL,NULL,1),(255,32,7,'ODD',NULL,'MECH',NULL,NULL,1),(256,32,8,'EVEN',NULL,'MECH',NULL,NULL,1),(257,33,1,'ODD',NULL,'CSE',NULL,NULL,1),(258,33,2,'EVEN',NULL,'CSE',NULL,NULL,1),(259,33,3,'ODD',NULL,'CSE',NULL,NULL,1),(260,33,4,'EVEN',NULL,'CSE',NULL,NULL,1),(261,33,5,'ODD',NULL,'CSE',NULL,NULL,1),(262,33,6,'EVEN',NULL,'CSE',NULL,NULL,1),(263,33,7,'ODD',NULL,'CSE',NULL,NULL,1),(264,33,8,'EVEN',NULL,'CSE',NULL,NULL,1),(265,34,1,'ODD',NULL,'BT',NULL,NULL,1),(266,34,2,'EVEN',NULL,'BT',NULL,NULL,1),(267,34,3,'ODD',NULL,'BT',NULL,NULL,1),(268,34,4,'EVEN',NULL,'BT',NULL,NULL,1),(269,34,5,'ODD',NULL,'BT',NULL,NULL,1),(270,34,6,'EVEN',NULL,'BT',NULL,NULL,1),(271,34,7,'ODD',NULL,'BT',NULL,NULL,1),(272,34,8,'EVEN',NULL,'BT',NULL,NULL,1),(273,35,1,'ODD',NULL,'ECE',NULL,NULL,1),(274,35,2,'EVEN',NULL,'ECE',NULL,NULL,1),(275,35,3,'ODD',NULL,'ECE',NULL,NULL,1),(276,35,4,'EVEN',NULL,'ECE',NULL,NULL,1),(277,35,5,'ODD',NULL,'ECE',NULL,NULL,1),(278,35,6,'EVEN',NULL,'ECE',NULL,NULL,1),(279,35,7,'ODD',NULL,'ECE',NULL,NULL,1),(280,35,8,'EVEN',NULL,'ECE',NULL,NULL,1),(281,36,1,'ODD',NULL,'MECH',NULL,NULL,1),(282,36,2,'EVEN',NULL,'MECH',NULL,NULL,1),(283,36,3,'ODD',NULL,'MECH',NULL,NULL,1),(284,36,4,'EVEN',NULL,'MECH',NULL,NULL,1),(285,36,5,'ODD',NULL,'MECH',NULL,NULL,1),(286,36,6,'EVEN',NULL,'MECH',NULL,NULL,1),(287,36,7,'ODD',NULL,'MECH',NULL,NULL,1),(288,36,8,'EVEN',NULL,'MECH',NULL,NULL,1),(289,37,1,'ODD',NULL,'CSE',NULL,NULL,1),(290,37,2,'EVEN',NULL,'CSE',NULL,NULL,1),(291,37,3,'ODD',NULL,'CSE',NULL,NULL,1),(292,37,4,'EVEN',NULL,'CSE',NULL,NULL,1),(293,37,5,'ODD',NULL,'CSE',NULL,NULL,1),(294,37,6,'EVEN',NULL,'CSE',NULL,NULL,1),(295,37,7,'ODD',NULL,'CSE',NULL,NULL,1),(296,37,8,'EVEN',NULL,'CSE',NULL,NULL,1),(297,38,1,'ODD',NULL,'BT',NULL,NULL,1),(298,38,2,'EVEN',NULL,'BT',NULL,NULL,1),(299,38,3,'ODD',NULL,'BT',NULL,NULL,1),(300,38,4,'EVEN',NULL,'BT',NULL,NULL,1),(301,38,5,'ODD',NULL,'BT',NULL,NULL,1),(302,38,6,'EVEN',NULL,'BT',NULL,NULL,1),(303,38,7,'ODD',NULL,'BT',NULL,NULL,1),(304,38,8,'EVEN',NULL,'BT',NULL,NULL,1),(305,39,1,'ODD',NULL,'ECE',NULL,NULL,1),(306,39,2,'EVEN',NULL,'ECE',NULL,NULL,1),(307,39,3,'ODD',NULL,'ECE',NULL,NULL,1),(308,39,4,'EVEN',NULL,'ECE',NULL,NULL,1),(309,39,5,'ODD',NULL,'ECE',NULL,NULL,1),(310,39,6,'EVEN',NULL,'ECE',NULL,NULL,1),(311,39,7,'ODD',NULL,'ECE',NULL,NULL,1),(312,39,8,'EVEN',NULL,'ECE',NULL,NULL,1),(313,40,1,'ODD',NULL,'MECH',NULL,NULL,1),(314,40,2,'EVEN',NULL,'MECH',NULL,NULL,1),(315,40,3,'ODD',NULL,'MECH',NULL,NULL,1),(316,40,4,'EVEN',NULL,'MECH',NULL,NULL,1),(317,40,5,'ODD',NULL,'MECH',NULL,NULL,1),(318,40,6,'EVEN',NULL,'MECH',NULL,NULL,1),(319,40,7,'ODD',NULL,'MECH',NULL,NULL,1),(320,40,8,'EVEN',NULL,'MECH',NULL,NULL,1),(321,41,1,'ODD',NULL,'CSE',NULL,NULL,1),(322,41,2,'EVEN',NULL,'CSE',NULL,NULL,1),(323,41,3,'ODD',NULL,'CSE',NULL,NULL,1),(324,41,4,'EVEN',NULL,'CSE',NULL,NULL,1),(325,41,5,'ODD',NULL,'CSE',NULL,NULL,1),(326,41,6,'EVEN',NULL,'CSE',NULL,NULL,1),(327,41,7,'ODD',NULL,'CSE',NULL,NULL,1),(328,41,8,'EVEN',NULL,'CSE',NULL,NULL,1),(329,42,1,'ODD',NULL,'BT',NULL,NULL,1),(330,42,2,'EVEN',NULL,'BT',NULL,NULL,1),(331,42,3,'ODD',NULL,'BT',NULL,NULL,1),(332,42,4,'EVEN',NULL,'BT',NULL,NULL,1),(333,42,5,'ODD',NULL,'BT',NULL,NULL,1),(334,42,6,'EVEN',NULL,'BT',NULL,NULL,1),(335,42,7,'ODD',NULL,'BT',NULL,NULL,1),(336,42,8,'EVEN',NULL,'BT',NULL,NULL,1),(337,43,1,'ODD',NULL,'ECE',NULL,NULL,1),(338,43,2,'EVEN',NULL,'ECE',NULL,NULL,1),(339,43,3,'ODD',NULL,'ECE',NULL,NULL,1),(340,43,4,'EVEN',NULL,'ECE',NULL,NULL,1),(341,43,5,'ODD',NULL,'ECE',NULL,NULL,1),(342,43,6,'EVEN',NULL,'ECE',NULL,NULL,1),(343,43,7,'ODD',NULL,'ECE',NULL,NULL,1),(344,43,8,'EVEN',NULL,'ECE',NULL,NULL,1),(345,44,1,'ODD',NULL,'MECH',NULL,NULL,1),(346,44,2,'EVEN',NULL,'MECH',NULL,NULL,1),(347,44,3,'ODD',NULL,'MECH',NULL,NULL,1),(348,44,4,'EVEN',NULL,'MECH',NULL,NULL,1),(349,44,5,'ODD',NULL,'MECH',NULL,NULL,1),(350,44,6,'EVEN',NULL,'MECH',NULL,NULL,1),(351,44,7,'ODD',NULL,'MECH',NULL,NULL,1),(352,44,8,'EVEN',NULL,'MECH',NULL,NULL,1);

/*Data for the table `class_subject` */

insert  into `class_subject`(`class_id`,`subject_id`,`internal_max_marks`,`external_max_marks`,`internal_pass_marks`,`external_pass_marks`) values (1,1,NULL,NULL,NULL,NULL),(1,57,NULL,NULL,NULL,NULL),(1,58,NULL,NULL,NULL,NULL),(1,148,NULL,NULL,NULL,NULL),(1,149,NULL,NULL,NULL,NULL),(1,162,NULL,NULL,NULL,NULL),(1,171,NULL,NULL,NULL,NULL),(1,173,NULL,NULL,NULL,NULL),(1,236,NULL,NULL,NULL,NULL),(1,238,NULL,NULL,NULL,NULL),(2,55,NULL,NULL,NULL,NULL),(2,56,NULL,NULL,NULL,NULL),(2,144,NULL,NULL,NULL,NULL),(2,145,NULL,NULL,NULL,NULL),(2,152,NULL,NULL,NULL,NULL),(2,153,NULL,NULL,NULL,NULL),(2,163,NULL,NULL,NULL,NULL),(2,172,NULL,NULL,NULL,NULL),(2,237,NULL,NULL,NULL,NULL),(2,239,NULL,NULL,NULL,NULL),(3,59,NULL,NULL,NULL,NULL),(3,61,NULL,NULL,NULL,NULL),(3,63,NULL,NULL,NULL,NULL),(3,64,NULL,NULL,NULL,NULL),(3,65,NULL,NULL,NULL,NULL),(3,67,NULL,NULL,NULL,NULL),(3,102,NULL,NULL,NULL,NULL),(3,106,NULL,NULL,NULL,NULL),(3,155,NULL,NULL,NULL,NULL),(3,158,NULL,NULL,NULL,NULL),(4,60,NULL,NULL,NULL,NULL),(4,62,NULL,NULL,NULL,NULL),(4,66,NULL,NULL,NULL,NULL),(4,103,NULL,NULL,NULL,NULL),(4,109,NULL,NULL,NULL,NULL),(4,110,NULL,NULL,NULL,NULL),(4,111,NULL,NULL,NULL,NULL),(4,157,NULL,NULL,NULL,NULL),(4,159,NULL,NULL,NULL,NULL),(4,164,NULL,NULL,NULL,NULL),(5,68,NULL,NULL,NULL,NULL),(5,70,NULL,NULL,NULL,NULL),(5,72,NULL,NULL,NULL,NULL),(5,74,NULL,NULL,NULL,NULL),(5,76,NULL,NULL,NULL,NULL),(5,78,NULL,NULL,NULL,NULL),(5,80,NULL,NULL,NULL,NULL),(5,82,NULL,NULL,NULL,NULL),(5,156,NULL,NULL,NULL,NULL),(6,69,NULL,NULL,NULL,NULL),(6,71,NULL,NULL,NULL,NULL),(6,73,NULL,NULL,NULL,NULL),(6,75,NULL,NULL,NULL,NULL),(6,77,NULL,NULL,NULL,NULL),(6,79,NULL,NULL,NULL,NULL),(6,81,NULL,NULL,NULL,NULL),(6,83,NULL,NULL,NULL,NULL),(7,84,NULL,NULL,NULL,NULL),(7,86,NULL,NULL,NULL,NULL),(7,88,NULL,NULL,NULL,NULL),(7,90,NULL,NULL,NULL,NULL),(7,92,NULL,NULL,NULL,NULL),(7,94,NULL,NULL,NULL,NULL),(7,95,NULL,NULL,NULL,NULL),(7,96,NULL,NULL,NULL,NULL),(7,98,NULL,NULL,NULL,NULL),(8,85,NULL,NULL,NULL,NULL),(8,87,NULL,NULL,NULL,NULL),(8,89,NULL,NULL,NULL,NULL),(8,91,NULL,NULL,NULL,NULL),(8,93,NULL,NULL,NULL,NULL),(8,97,NULL,NULL,NULL,NULL),(8,99,NULL,NULL,NULL,NULL),(9,55,NULL,NULL,NULL,NULL),(9,56,NULL,NULL,NULL,NULL),(9,144,NULL,NULL,NULL,NULL),(9,145,NULL,NULL,NULL,NULL),(9,152,NULL,NULL,NULL,NULL),(9,153,NULL,NULL,NULL,NULL),(9,162,NULL,NULL,NULL,NULL),(9,163,NULL,NULL,NULL,NULL),(9,172,NULL,NULL,NULL,NULL),(9,236,NULL,NULL,NULL,NULL),(9,237,NULL,NULL,NULL,NULL),(9,238,NULL,NULL,NULL,NULL),(10,1,NULL,NULL,NULL,NULL),(10,57,NULL,NULL,NULL,NULL),(10,58,NULL,NULL,NULL,NULL),(10,148,NULL,NULL,NULL,NULL),(10,149,NULL,NULL,NULL,NULL),(10,163,NULL,NULL,NULL,NULL),(10,171,NULL,NULL,NULL,NULL),(10,173,NULL,NULL,NULL,NULL),(10,237,NULL,NULL,NULL,NULL),(10,239,NULL,NULL,NULL,NULL),(11,2,NULL,NULL,NULL,NULL),(11,4,NULL,NULL,NULL,NULL),(11,6,NULL,NULL,NULL,NULL),(11,8,NULL,NULL,NULL,NULL),(11,10,NULL,NULL,NULL,NULL),(11,12,NULL,NULL,NULL,NULL),(11,14,NULL,NULL,NULL,NULL),(11,16,NULL,NULL,NULL,NULL),(11,18,NULL,NULL,NULL,NULL),(12,3,NULL,NULL,NULL,NULL),(12,5,NULL,NULL,NULL,NULL),(12,7,NULL,NULL,NULL,NULL),(12,9,NULL,NULL,NULL,NULL),(12,11,NULL,NULL,NULL,NULL),(12,13,NULL,NULL,NULL,NULL),(12,15,NULL,NULL,NULL,NULL),(12,17,NULL,NULL,NULL,NULL),(12,19,NULL,NULL,NULL,NULL),(13,20,NULL,NULL,NULL,NULL),(13,22,NULL,NULL,NULL,NULL),(13,24,NULL,NULL,NULL,NULL),(13,26,NULL,NULL,NULL,NULL),(13,28,NULL,NULL,NULL,NULL),(13,30,NULL,NULL,NULL,NULL),(13,32,NULL,NULL,NULL,NULL),(13,34,NULL,NULL,NULL,NULL),(13,36,NULL,NULL,NULL,NULL),(13,38,NULL,NULL,NULL,NULL),(14,21,NULL,NULL,NULL,NULL),(14,23,NULL,NULL,NULL,NULL),(14,25,NULL,NULL,NULL,NULL),(14,27,NULL,NULL,NULL,NULL),(14,29,NULL,NULL,NULL,NULL),(14,31,NULL,NULL,NULL,NULL),(14,33,NULL,NULL,NULL,NULL),(14,35,NULL,NULL,NULL,NULL),(14,37,NULL,NULL,NULL,NULL),(15,39,NULL,NULL,NULL,NULL),(15,41,NULL,NULL,NULL,NULL),(15,43,NULL,NULL,NULL,NULL),(15,45,NULL,NULL,NULL,NULL),(15,47,NULL,NULL,NULL,NULL),(15,49,NULL,NULL,NULL,NULL),(15,51,NULL,NULL,NULL,NULL),(15,53,NULL,NULL,NULL,NULL),(16,40,NULL,NULL,NULL,NULL),(16,42,NULL,NULL,NULL,NULL),(16,44,NULL,NULL,NULL,NULL),(16,46,NULL,NULL,NULL,NULL),(16,48,NULL,NULL,NULL,NULL),(16,50,NULL,NULL,NULL,NULL),(16,52,NULL,NULL,NULL,NULL),(16,54,NULL,NULL,NULL,NULL),(17,55,NULL,NULL,NULL,NULL),(17,56,NULL,NULL,NULL,NULL),(17,144,NULL,NULL,NULL,NULL),(17,145,NULL,NULL,NULL,NULL),(17,152,NULL,NULL,NULL,NULL),(17,153,NULL,NULL,NULL,NULL),(17,162,NULL,NULL,NULL,NULL),(17,163,NULL,NULL,NULL,NULL),(17,172,NULL,NULL,NULL,NULL),(17,236,NULL,NULL,NULL,NULL),(17,237,NULL,NULL,NULL,NULL),(17,238,NULL,NULL,NULL,NULL),(18,1,NULL,NULL,NULL,NULL),(18,57,NULL,NULL,NULL,NULL),(18,58,NULL,NULL,NULL,NULL),(18,148,NULL,NULL,NULL,NULL),(18,149,NULL,NULL,NULL,NULL),(18,163,NULL,NULL,NULL,NULL),(18,171,NULL,NULL,NULL,NULL),(18,173,NULL,NULL,NULL,NULL),(18,237,NULL,NULL,NULL,NULL),(18,239,NULL,NULL,NULL,NULL),(19,61,NULL,NULL,NULL,NULL),(19,67,NULL,NULL,NULL,NULL),(19,100,NULL,NULL,NULL,NULL),(19,102,NULL,NULL,NULL,NULL),(19,104,NULL,NULL,NULL,NULL),(19,106,NULL,NULL,NULL,NULL),(19,146,NULL,NULL,NULL,NULL),(19,150,NULL,NULL,NULL,NULL),(19,151,NULL,NULL,NULL,NULL),(19,164,NULL,NULL,NULL,NULL),(20,101,NULL,NULL,NULL,NULL),(20,103,NULL,NULL,NULL,NULL),(20,105,NULL,NULL,NULL,NULL),(20,107,NULL,NULL,NULL,NULL),(20,108,NULL,NULL,NULL,NULL),(20,147,NULL,NULL,NULL,NULL),(20,154,NULL,NULL,NULL,NULL),(20,160,NULL,NULL,NULL,NULL),(20,161,NULL,NULL,NULL,NULL),(21,112,NULL,NULL,NULL,NULL),(21,114,NULL,NULL,NULL,NULL),(21,116,NULL,NULL,NULL,NULL),(21,118,NULL,NULL,NULL,NULL),(21,120,NULL,NULL,NULL,NULL),(21,122,NULL,NULL,NULL,NULL),(21,124,NULL,NULL,NULL,NULL),(21,126,NULL,NULL,NULL,NULL),(22,113,NULL,NULL,NULL,NULL),(22,115,NULL,NULL,NULL,NULL),(22,117,NULL,NULL,NULL,NULL),(22,119,NULL,NULL,NULL,NULL),(22,121,NULL,NULL,NULL,NULL),(22,123,NULL,NULL,NULL,NULL),(22,125,NULL,NULL,NULL,NULL),(22,127,NULL,NULL,NULL,NULL),(22,156,NULL,NULL,NULL,NULL),(23,128,NULL,NULL,NULL,NULL),(23,130,NULL,NULL,NULL,NULL),(23,132,NULL,NULL,NULL,NULL),(23,134,NULL,NULL,NULL,NULL),(23,136,NULL,NULL,NULL,NULL),(23,140,NULL,NULL,NULL,NULL),(23,142,NULL,NULL,NULL,NULL),(24,129,NULL,NULL,NULL,NULL),(24,131,NULL,NULL,NULL,NULL),(24,133,NULL,NULL,NULL,NULL),(24,135,NULL,NULL,NULL,NULL),(24,137,NULL,NULL,NULL,NULL),(24,138,NULL,NULL,NULL,NULL),(24,139,NULL,NULL,NULL,NULL),(24,141,NULL,NULL,NULL,NULL),(24,143,NULL,NULL,NULL,NULL),(25,1,NULL,NULL,NULL,NULL),(25,57,NULL,NULL,NULL,NULL),(25,58,NULL,NULL,NULL,NULL),(25,148,NULL,NULL,NULL,NULL),(25,162,NULL,NULL,NULL,NULL),(25,170,NULL,NULL,NULL,NULL),(25,171,NULL,NULL,NULL,NULL),(25,172,NULL,NULL,NULL,NULL),(25,173,NULL,NULL,NULL,NULL),(25,174,NULL,NULL,NULL,NULL),(25,236,NULL,NULL,NULL,NULL),(25,238,NULL,NULL,NULL,NULL),(26,55,NULL,NULL,NULL,NULL),(26,56,NULL,NULL,NULL,NULL),(26,144,NULL,NULL,NULL,NULL),(26,145,NULL,NULL,NULL,NULL),(26,152,NULL,NULL,NULL,NULL),(26,153,NULL,NULL,NULL,NULL),(26,163,NULL,NULL,NULL,NULL),(26,172,NULL,NULL,NULL,NULL),(26,237,NULL,NULL,NULL,NULL),(26,239,NULL,NULL,NULL,NULL),(27,154,NULL,NULL,NULL,NULL),(27,175,NULL,NULL,NULL,NULL),(27,177,NULL,NULL,NULL,NULL),(27,179,NULL,NULL,NULL,NULL),(27,181,NULL,NULL,NULL,NULL),(27,183,NULL,NULL,NULL,NULL),(27,185,NULL,NULL,NULL,NULL),(27,187,NULL,NULL,NULL,NULL),(27,189,NULL,NULL,NULL,NULL),(28,164,NULL,NULL,NULL,NULL),(28,176,NULL,NULL,NULL,NULL),(28,178,NULL,NULL,NULL,NULL),(28,180,NULL,NULL,NULL,NULL),(28,182,NULL,NULL,NULL,NULL),(28,184,NULL,NULL,NULL,NULL),(28,186,NULL,NULL,NULL,NULL),(28,188,NULL,NULL,NULL,NULL),(28,190,NULL,NULL,NULL,NULL),(29,191,NULL,NULL,NULL,NULL),(29,193,NULL,NULL,NULL,NULL),(29,195,NULL,NULL,NULL,NULL),(29,197,NULL,NULL,NULL,NULL),(29,199,NULL,NULL,NULL,NULL),(29,201,NULL,NULL,NULL,NULL),(29,203,NULL,NULL,NULL,NULL),(29,205,NULL,NULL,NULL,NULL),(29,207,NULL,NULL,NULL,NULL),(29,208,NULL,NULL,NULL,NULL),(30,156,NULL,NULL,NULL,NULL),(30,192,NULL,NULL,NULL,NULL),(30,194,NULL,NULL,NULL,NULL),(30,196,NULL,NULL,NULL,NULL),(30,198,NULL,NULL,NULL,NULL),(30,200,NULL,NULL,NULL,NULL),(30,202,NULL,NULL,NULL,NULL),(30,204,NULL,NULL,NULL,NULL),(30,206,NULL,NULL,NULL,NULL),(31,209,NULL,NULL,NULL,NULL),(31,211,NULL,NULL,NULL,NULL),(31,213,NULL,NULL,NULL,NULL),(31,215,NULL,NULL,NULL,NULL),(31,217,NULL,NULL,NULL,NULL),(31,219,NULL,NULL,NULL,NULL),(31,220,NULL,NULL,NULL,NULL),(31,223,NULL,NULL,NULL,NULL),(32,210,NULL,NULL,NULL,NULL),(32,212,NULL,NULL,NULL,NULL),(32,214,NULL,NULL,NULL,NULL),(32,216,NULL,NULL,NULL,NULL),(32,218,NULL,NULL,NULL,NULL),(32,219,NULL,NULL,NULL,NULL),(32,221,NULL,NULL,NULL,NULL),(32,222,NULL,NULL,NULL,NULL),(33,1,NULL,NULL,NULL,NULL),(33,57,NULL,NULL,NULL,NULL),(33,58,NULL,NULL,NULL,NULL),(33,148,NULL,NULL,NULL,NULL),(33,149,NULL,NULL,NULL,NULL),(33,162,NULL,NULL,NULL,NULL),(33,171,NULL,NULL,NULL,NULL),(33,173,NULL,NULL,NULL,NULL),(33,236,NULL,NULL,NULL,NULL),(33,238,NULL,NULL,NULL,NULL),(34,55,NULL,NULL,NULL,NULL),(34,56,NULL,NULL,NULL,NULL),(34,144,NULL,NULL,NULL,NULL),(34,145,NULL,NULL,NULL,NULL),(34,152,NULL,NULL,NULL,NULL),(34,153,NULL,NULL,NULL,NULL),(34,163,NULL,NULL,NULL,NULL),(34,172,NULL,NULL,NULL,NULL),(34,237,NULL,NULL,NULL,NULL),(34,239,NULL,NULL,NULL,NULL),(35,59,NULL,NULL,NULL,NULL),(35,61,NULL,NULL,NULL,NULL),(35,63,NULL,NULL,NULL,NULL),(35,64,NULL,NULL,NULL,NULL),(35,65,NULL,NULL,NULL,NULL),(35,67,NULL,NULL,NULL,NULL),(35,102,NULL,NULL,NULL,NULL),(35,106,NULL,NULL,NULL,NULL),(35,155,NULL,NULL,NULL,NULL),(35,158,NULL,NULL,NULL,NULL),(36,60,NULL,NULL,NULL,NULL),(36,62,NULL,NULL,NULL,NULL),(36,66,NULL,NULL,NULL,NULL),(36,103,NULL,NULL,NULL,NULL),(36,109,NULL,NULL,NULL,NULL),(36,110,NULL,NULL,NULL,NULL),(36,111,NULL,NULL,NULL,NULL),(36,157,NULL,NULL,NULL,NULL),(36,159,NULL,NULL,NULL,NULL),(36,164,NULL,NULL,NULL,NULL),(37,68,NULL,NULL,NULL,NULL),(37,70,NULL,NULL,NULL,NULL),(37,72,NULL,NULL,NULL,NULL),(37,74,NULL,NULL,NULL,NULL),(37,76,NULL,NULL,NULL,NULL),(37,78,NULL,NULL,NULL,NULL),(37,80,NULL,NULL,NULL,NULL),(37,82,NULL,NULL,NULL,NULL),(37,156,NULL,NULL,NULL,NULL),(38,69,NULL,NULL,NULL,NULL),(38,71,NULL,NULL,NULL,NULL),(38,73,NULL,NULL,NULL,NULL),(38,75,NULL,NULL,NULL,NULL),(38,77,NULL,NULL,NULL,NULL),(38,79,NULL,NULL,NULL,NULL),(38,81,NULL,NULL,NULL,NULL),(38,83,NULL,NULL,NULL,NULL),(39,84,NULL,NULL,NULL,NULL),(39,86,NULL,NULL,NULL,NULL),(39,88,NULL,NULL,NULL,NULL),(39,90,NULL,NULL,NULL,NULL),(39,92,NULL,NULL,NULL,NULL),(39,94,NULL,NULL,NULL,NULL),(39,95,NULL,NULL,NULL,NULL),(39,96,NULL,NULL,NULL,NULL),(39,98,NULL,NULL,NULL,NULL),(40,85,NULL,NULL,NULL,NULL),(40,87,NULL,NULL,NULL,NULL),(40,89,NULL,NULL,NULL,NULL),(40,91,NULL,NULL,NULL,NULL),(40,93,NULL,NULL,NULL,NULL),(40,97,NULL,NULL,NULL,NULL),(40,99,NULL,NULL,NULL,NULL),(41,55,NULL,NULL,NULL,NULL),(41,56,NULL,NULL,NULL,NULL),(41,144,NULL,NULL,NULL,NULL),(41,145,NULL,NULL,NULL,NULL),(41,152,NULL,NULL,NULL,NULL),(41,153,NULL,NULL,NULL,NULL),(41,162,NULL,NULL,NULL,NULL),(41,163,NULL,NULL,NULL,NULL),(41,172,NULL,NULL,NULL,NULL),(41,236,NULL,NULL,NULL,NULL),(41,237,NULL,NULL,NULL,NULL),(41,238,NULL,NULL,NULL,NULL),(42,1,NULL,NULL,NULL,NULL),(42,57,NULL,NULL,NULL,NULL),(42,58,NULL,NULL,NULL,NULL),(42,148,NULL,NULL,NULL,NULL),(42,149,NULL,NULL,NULL,NULL),(42,163,NULL,NULL,NULL,NULL),(42,171,NULL,NULL,NULL,NULL),(42,173,NULL,NULL,NULL,NULL),(42,237,NULL,NULL,NULL,NULL),(42,239,NULL,NULL,NULL,NULL),(43,2,NULL,NULL,NULL,NULL),(43,4,NULL,NULL,NULL,NULL),(43,6,NULL,NULL,NULL,NULL),(43,8,NULL,NULL,NULL,NULL),(43,10,NULL,NULL,NULL,NULL),(43,12,NULL,NULL,NULL,NULL),(43,14,NULL,NULL,NULL,NULL),(43,16,NULL,NULL,NULL,NULL),(43,18,NULL,NULL,NULL,NULL),(44,3,NULL,NULL,NULL,NULL),(44,5,NULL,NULL,NULL,NULL),(44,7,NULL,NULL,NULL,NULL),(44,9,NULL,NULL,NULL,NULL),(44,11,NULL,NULL,NULL,NULL),(44,13,NULL,NULL,NULL,NULL),(44,15,NULL,NULL,NULL,NULL),(44,17,NULL,NULL,NULL,NULL),(44,19,NULL,NULL,NULL,NULL),(45,20,NULL,NULL,NULL,NULL),(45,22,NULL,NULL,NULL,NULL),(45,24,NULL,NULL,NULL,NULL),(45,26,NULL,NULL,NULL,NULL),(45,28,NULL,NULL,NULL,NULL),(45,30,NULL,NULL,NULL,NULL),(45,32,NULL,NULL,NULL,NULL),(45,34,NULL,NULL,NULL,NULL),(45,36,NULL,NULL,NULL,NULL),(45,38,NULL,NULL,NULL,NULL),(46,21,NULL,NULL,NULL,NULL),(46,23,NULL,NULL,NULL,NULL),(46,25,NULL,NULL,NULL,NULL),(46,27,NULL,NULL,NULL,NULL),(46,29,NULL,NULL,NULL,NULL),(46,31,NULL,NULL,NULL,NULL),(46,33,NULL,NULL,NULL,NULL),(46,35,NULL,NULL,NULL,NULL),(46,37,NULL,NULL,NULL,NULL),(47,39,NULL,NULL,NULL,NULL),(47,41,NULL,NULL,NULL,NULL),(47,43,NULL,NULL,NULL,NULL),(47,45,NULL,NULL,NULL,NULL),(47,47,NULL,NULL,NULL,NULL),(47,49,NULL,NULL,NULL,NULL),(47,51,NULL,NULL,NULL,NULL),(47,53,NULL,NULL,NULL,NULL),(48,40,NULL,NULL,NULL,NULL),(48,42,NULL,NULL,NULL,NULL),(48,44,NULL,NULL,NULL,NULL),(48,46,NULL,NULL,NULL,NULL),(48,48,NULL,NULL,NULL,NULL),(48,50,NULL,NULL,NULL,NULL),(48,52,NULL,NULL,NULL,NULL),(48,54,NULL,NULL,NULL,NULL),(49,55,NULL,NULL,NULL,NULL),(49,56,NULL,NULL,NULL,NULL),(49,144,NULL,NULL,NULL,NULL),(49,145,NULL,NULL,NULL,NULL),(49,152,NULL,NULL,NULL,NULL),(49,153,NULL,NULL,NULL,NULL),(49,162,NULL,NULL,NULL,NULL),(49,163,NULL,NULL,NULL,NULL),(49,172,NULL,NULL,NULL,NULL),(49,236,NULL,NULL,NULL,NULL),(49,237,NULL,NULL,NULL,NULL),(49,238,NULL,NULL,NULL,NULL),(50,1,NULL,NULL,NULL,NULL),(50,57,NULL,NULL,NULL,NULL),(50,58,NULL,NULL,NULL,NULL),(50,148,NULL,NULL,NULL,NULL),(50,149,NULL,NULL,NULL,NULL),(50,163,NULL,NULL,NULL,NULL),(50,171,NULL,NULL,NULL,NULL),(50,173,NULL,NULL,NULL,NULL),(50,237,NULL,NULL,NULL,NULL),(50,239,NULL,NULL,NULL,NULL),(51,61,NULL,NULL,NULL,NULL),(51,67,NULL,NULL,NULL,NULL),(51,100,NULL,NULL,NULL,NULL),(51,102,NULL,NULL,NULL,NULL),(51,104,NULL,NULL,NULL,NULL),(51,106,NULL,NULL,NULL,NULL),(51,146,NULL,NULL,NULL,NULL),(51,150,NULL,NULL,NULL,NULL),(51,151,NULL,NULL,NULL,NULL),(51,164,NULL,NULL,NULL,NULL),(52,101,NULL,NULL,NULL,NULL),(52,103,NULL,NULL,NULL,NULL),(52,105,NULL,NULL,NULL,NULL),(52,107,NULL,NULL,NULL,NULL),(52,108,NULL,NULL,NULL,NULL),(52,147,NULL,NULL,NULL,NULL),(52,154,NULL,NULL,NULL,NULL),(52,160,NULL,NULL,NULL,NULL),(52,161,NULL,NULL,NULL,NULL),(53,112,NULL,NULL,NULL,NULL),(53,114,NULL,NULL,NULL,NULL),(53,116,NULL,NULL,NULL,NULL),(53,118,NULL,NULL,NULL,NULL),(53,120,NULL,NULL,NULL,NULL),(53,122,NULL,NULL,NULL,NULL),(53,124,NULL,NULL,NULL,NULL),(53,126,NULL,NULL,NULL,NULL),(54,113,NULL,NULL,NULL,NULL),(54,115,NULL,NULL,NULL,NULL),(54,117,NULL,NULL,NULL,NULL),(54,119,NULL,NULL,NULL,NULL),(54,121,NULL,NULL,NULL,NULL),(54,123,NULL,NULL,NULL,NULL),(54,125,NULL,NULL,NULL,NULL),(54,127,NULL,NULL,NULL,NULL),(54,156,NULL,NULL,NULL,NULL),(55,128,NULL,NULL,NULL,NULL),(55,130,NULL,NULL,NULL,NULL),(55,132,NULL,NULL,NULL,NULL),(55,134,NULL,NULL,NULL,NULL),(55,136,NULL,NULL,NULL,NULL),(55,140,NULL,NULL,NULL,NULL),(55,142,NULL,NULL,NULL,NULL),(56,129,NULL,NULL,NULL,NULL),(56,131,NULL,NULL,NULL,NULL),(56,133,NULL,NULL,NULL,NULL),(56,135,NULL,NULL,NULL,NULL),(56,137,NULL,NULL,NULL,NULL),(56,138,NULL,NULL,NULL,NULL),(56,139,NULL,NULL,NULL,NULL),(56,141,NULL,NULL,NULL,NULL),(56,143,NULL,NULL,NULL,NULL),(57,1,NULL,NULL,NULL,NULL),(57,57,NULL,NULL,NULL,NULL),(57,58,NULL,NULL,NULL,NULL),(57,148,NULL,NULL,NULL,NULL),(57,162,NULL,NULL,NULL,NULL),(57,170,NULL,NULL,NULL,NULL),(57,171,NULL,NULL,NULL,NULL),(57,172,NULL,NULL,NULL,NULL),(57,173,NULL,NULL,NULL,NULL),(57,174,NULL,NULL,NULL,NULL),(57,236,NULL,NULL,NULL,NULL),(57,238,NULL,NULL,NULL,NULL),(58,55,NULL,NULL,NULL,NULL),(58,56,NULL,NULL,NULL,NULL),(58,144,NULL,NULL,NULL,NULL),(58,145,NULL,NULL,NULL,NULL),(58,152,NULL,NULL,NULL,NULL),(58,153,NULL,NULL,NULL,NULL),(58,163,NULL,NULL,NULL,NULL),(58,172,NULL,NULL,NULL,NULL),(58,237,NULL,NULL,NULL,NULL),(58,239,NULL,NULL,NULL,NULL),(59,154,NULL,NULL,NULL,NULL),(59,175,NULL,NULL,NULL,NULL),(59,177,NULL,NULL,NULL,NULL),(59,179,NULL,NULL,NULL,NULL),(59,181,NULL,NULL,NULL,NULL),(59,183,NULL,NULL,NULL,NULL),(59,185,NULL,NULL,NULL,NULL),(59,187,NULL,NULL,NULL,NULL),(59,189,NULL,NULL,NULL,NULL),(60,164,NULL,NULL,NULL,NULL),(60,176,NULL,NULL,NULL,NULL),(60,178,NULL,NULL,NULL,NULL),(60,180,NULL,NULL,NULL,NULL),(60,182,NULL,NULL,NULL,NULL),(60,184,NULL,NULL,NULL,NULL),(60,186,NULL,NULL,NULL,NULL),(60,188,NULL,NULL,NULL,NULL),(60,190,NULL,NULL,NULL,NULL),(61,191,NULL,NULL,NULL,NULL),(61,193,NULL,NULL,NULL,NULL),(61,195,NULL,NULL,NULL,NULL),(61,197,NULL,NULL,NULL,NULL),(61,199,NULL,NULL,NULL,NULL),(61,201,NULL,NULL,NULL,NULL),(61,203,NULL,NULL,NULL,NULL),(61,205,NULL,NULL,NULL,NULL),(61,207,NULL,NULL,NULL,NULL),(61,208,NULL,NULL,NULL,NULL),(62,156,NULL,NULL,NULL,NULL),(62,192,NULL,NULL,NULL,NULL),(62,194,NULL,NULL,NULL,NULL),(62,196,NULL,NULL,NULL,NULL),(62,198,NULL,NULL,NULL,NULL),(62,200,NULL,NULL,NULL,NULL),(62,202,NULL,NULL,NULL,NULL),(62,204,NULL,NULL,NULL,NULL),(62,206,NULL,NULL,NULL,NULL),(63,209,NULL,NULL,NULL,NULL),(63,211,NULL,NULL,NULL,NULL),(63,213,NULL,NULL,NULL,NULL),(63,215,NULL,NULL,NULL,NULL),(63,217,NULL,NULL,NULL,NULL),(63,219,NULL,NULL,NULL,NULL),(63,220,NULL,NULL,NULL,NULL),(63,223,NULL,NULL,NULL,NULL),(64,210,NULL,NULL,NULL,NULL),(64,212,NULL,NULL,NULL,NULL),(64,214,NULL,NULL,NULL,NULL),(64,216,NULL,NULL,NULL,NULL),(64,218,NULL,NULL,NULL,NULL),(64,219,NULL,NULL,NULL,NULL),(64,221,NULL,NULL,NULL,NULL),(64,222,NULL,NULL,NULL,NULL),(65,1,NULL,NULL,NULL,NULL),(65,57,NULL,NULL,NULL,NULL),(65,58,NULL,NULL,NULL,NULL),(65,148,NULL,NULL,NULL,NULL),(65,149,NULL,NULL,NULL,NULL),(65,162,NULL,NULL,NULL,NULL),(65,171,NULL,NULL,NULL,NULL),(65,173,NULL,NULL,NULL,NULL),(65,236,NULL,NULL,NULL,NULL),(65,238,NULL,NULL,NULL,NULL),(66,55,NULL,NULL,NULL,NULL),(66,56,NULL,NULL,NULL,NULL),(66,144,NULL,NULL,NULL,NULL),(66,145,NULL,NULL,NULL,NULL),(66,152,NULL,NULL,NULL,NULL),(66,153,NULL,NULL,NULL,NULL),(66,163,NULL,NULL,NULL,NULL),(66,172,NULL,NULL,NULL,NULL),(66,237,NULL,NULL,NULL,NULL),(66,239,NULL,NULL,NULL,NULL),(67,59,NULL,NULL,NULL,NULL),(67,61,NULL,NULL,NULL,NULL),(67,63,NULL,NULL,NULL,NULL),(67,64,NULL,NULL,NULL,NULL),(67,65,NULL,NULL,NULL,NULL),(67,67,NULL,NULL,NULL,NULL),(67,102,NULL,NULL,NULL,NULL),(67,106,NULL,NULL,NULL,NULL),(67,155,NULL,NULL,NULL,NULL),(67,158,NULL,NULL,NULL,NULL),(68,60,NULL,NULL,NULL,NULL),(68,62,NULL,NULL,NULL,NULL),(68,66,NULL,NULL,NULL,NULL),(68,103,NULL,NULL,NULL,NULL),(68,109,NULL,NULL,NULL,NULL),(68,110,NULL,NULL,NULL,NULL),(68,111,NULL,NULL,NULL,NULL),(68,157,NULL,NULL,NULL,NULL),(68,159,NULL,NULL,NULL,NULL),(68,164,NULL,NULL,NULL,NULL),(69,68,NULL,NULL,NULL,NULL),(69,70,NULL,NULL,NULL,NULL),(69,72,NULL,NULL,NULL,NULL),(69,74,NULL,NULL,NULL,NULL),(69,76,NULL,NULL,NULL,NULL),(69,78,NULL,NULL,NULL,NULL),(69,80,NULL,NULL,NULL,NULL),(69,82,NULL,NULL,NULL,NULL),(69,156,NULL,NULL,NULL,NULL),(70,69,NULL,NULL,NULL,NULL),(70,71,NULL,NULL,NULL,NULL),(70,73,NULL,NULL,NULL,NULL),(70,75,NULL,NULL,NULL,NULL),(70,77,NULL,NULL,NULL,NULL),(70,79,NULL,NULL,NULL,NULL),(70,81,NULL,NULL,NULL,NULL),(70,83,NULL,NULL,NULL,NULL),(71,84,NULL,NULL,NULL,NULL),(71,86,NULL,NULL,NULL,NULL),(71,88,NULL,NULL,NULL,NULL),(71,90,NULL,NULL,NULL,NULL),(71,92,NULL,NULL,NULL,NULL),(71,94,NULL,NULL,NULL,NULL),(71,95,NULL,NULL,NULL,NULL),(71,96,NULL,NULL,NULL,NULL),(71,98,NULL,NULL,NULL,NULL),(72,85,NULL,NULL,NULL,NULL),(72,87,NULL,NULL,NULL,NULL),(72,89,NULL,NULL,NULL,NULL),(72,91,NULL,NULL,NULL,NULL),(72,93,NULL,NULL,NULL,NULL),(72,97,NULL,NULL,NULL,NULL),(72,99,NULL,NULL,NULL,NULL),(73,55,NULL,NULL,NULL,NULL),(73,56,NULL,NULL,NULL,NULL),(73,144,NULL,NULL,NULL,NULL),(73,145,NULL,NULL,NULL,NULL),(73,152,NULL,NULL,NULL,NULL),(73,153,NULL,NULL,NULL,NULL),(73,162,NULL,NULL,NULL,NULL),(73,163,NULL,NULL,NULL,NULL),(73,172,NULL,NULL,NULL,NULL),(73,236,NULL,NULL,NULL,NULL),(73,237,NULL,NULL,NULL,NULL),(73,238,NULL,NULL,NULL,NULL),(74,1,NULL,NULL,NULL,NULL),(74,57,NULL,NULL,NULL,NULL),(74,58,NULL,NULL,NULL,NULL),(74,148,NULL,NULL,NULL,NULL),(74,149,NULL,NULL,NULL,NULL),(74,163,NULL,NULL,NULL,NULL),(74,171,NULL,NULL,NULL,NULL),(74,173,NULL,NULL,NULL,NULL),(74,237,NULL,NULL,NULL,NULL),(74,239,NULL,NULL,NULL,NULL),(75,2,NULL,NULL,NULL,NULL),(75,4,NULL,NULL,NULL,NULL),(75,6,NULL,NULL,NULL,NULL),(75,8,NULL,NULL,NULL,NULL),(75,10,NULL,NULL,NULL,NULL),(75,12,NULL,NULL,NULL,NULL),(75,14,NULL,NULL,NULL,NULL),(75,16,NULL,NULL,NULL,NULL),(75,18,NULL,NULL,NULL,NULL),(76,3,NULL,NULL,NULL,NULL),(76,5,NULL,NULL,NULL,NULL),(76,7,NULL,NULL,NULL,NULL),(76,9,NULL,NULL,NULL,NULL),(76,11,NULL,NULL,NULL,NULL),(76,13,NULL,NULL,NULL,NULL),(76,15,NULL,NULL,NULL,NULL),(76,17,NULL,NULL,NULL,NULL),(76,19,NULL,NULL,NULL,NULL),(77,20,NULL,NULL,NULL,NULL),(77,22,NULL,NULL,NULL,NULL),(77,24,NULL,NULL,NULL,NULL),(77,26,NULL,NULL,NULL,NULL),(77,28,NULL,NULL,NULL,NULL),(77,30,NULL,NULL,NULL,NULL),(77,32,NULL,NULL,NULL,NULL),(77,34,NULL,NULL,NULL,NULL),(77,36,NULL,NULL,NULL,NULL),(77,38,NULL,NULL,NULL,NULL),(78,21,NULL,NULL,NULL,NULL),(78,23,NULL,NULL,NULL,NULL),(78,25,NULL,NULL,NULL,NULL),(78,27,NULL,NULL,NULL,NULL),(78,29,NULL,NULL,NULL,NULL),(78,31,NULL,NULL,NULL,NULL),(78,33,NULL,NULL,NULL,NULL),(78,35,NULL,NULL,NULL,NULL),(78,37,NULL,NULL,NULL,NULL),(79,39,NULL,NULL,NULL,NULL),(79,41,NULL,NULL,NULL,NULL),(79,43,NULL,NULL,NULL,NULL),(79,45,NULL,NULL,NULL,NULL),(79,47,NULL,NULL,NULL,NULL),(79,49,NULL,NULL,NULL,NULL),(79,51,NULL,NULL,NULL,NULL),(79,53,NULL,NULL,NULL,NULL),(80,40,NULL,NULL,NULL,NULL),(80,42,NULL,NULL,NULL,NULL),(80,44,NULL,NULL,NULL,NULL),(80,46,NULL,NULL,NULL,NULL),(80,48,NULL,NULL,NULL,NULL),(80,50,NULL,NULL,NULL,NULL),(80,52,NULL,NULL,NULL,NULL),(80,54,NULL,NULL,NULL,NULL),(81,55,NULL,NULL,NULL,NULL),(81,56,NULL,NULL,NULL,NULL),(81,144,NULL,NULL,NULL,NULL),(81,145,NULL,NULL,NULL,NULL),(81,152,NULL,NULL,NULL,NULL),(81,153,NULL,NULL,NULL,NULL),(81,162,NULL,NULL,NULL,NULL),(81,163,NULL,NULL,NULL,NULL),(81,172,NULL,NULL,NULL,NULL),(81,236,NULL,NULL,NULL,NULL),(81,237,NULL,NULL,NULL,NULL),(81,238,NULL,NULL,NULL,NULL),(82,1,NULL,NULL,NULL,NULL),(82,57,NULL,NULL,NULL,NULL),(82,58,NULL,NULL,NULL,NULL),(82,148,NULL,NULL,NULL,NULL),(82,149,NULL,NULL,NULL,NULL),(82,163,NULL,NULL,NULL,NULL),(82,171,NULL,NULL,NULL,NULL),(82,173,NULL,NULL,NULL,NULL),(82,237,NULL,NULL,NULL,NULL),(82,239,NULL,NULL,NULL,NULL),(83,61,NULL,NULL,NULL,NULL),(83,67,NULL,NULL,NULL,NULL),(83,100,NULL,NULL,NULL,NULL),(83,102,NULL,NULL,NULL,NULL),(83,104,NULL,NULL,NULL,NULL),(83,106,NULL,NULL,NULL,NULL),(83,146,NULL,NULL,NULL,NULL),(83,150,NULL,NULL,NULL,NULL),(83,151,NULL,NULL,NULL,NULL),(83,164,NULL,NULL,NULL,NULL),(84,101,NULL,NULL,NULL,NULL),(84,103,NULL,NULL,NULL,NULL),(84,105,NULL,NULL,NULL,NULL),(84,107,NULL,NULL,NULL,NULL),(84,108,NULL,NULL,NULL,NULL),(84,147,NULL,NULL,NULL,NULL),(84,154,NULL,NULL,NULL,NULL),(84,160,NULL,NULL,NULL,NULL),(84,161,NULL,NULL,NULL,NULL),(85,112,NULL,NULL,NULL,NULL),(85,114,NULL,NULL,NULL,NULL),(85,116,NULL,NULL,NULL,NULL),(85,118,NULL,NULL,NULL,NULL),(85,120,NULL,NULL,NULL,NULL),(85,122,NULL,NULL,NULL,NULL),(85,124,NULL,NULL,NULL,NULL),(85,126,NULL,NULL,NULL,NULL),(86,113,NULL,NULL,NULL,NULL),(86,115,NULL,NULL,NULL,NULL),(86,117,NULL,NULL,NULL,NULL),(86,119,NULL,NULL,NULL,NULL),(86,121,NULL,NULL,NULL,NULL),(86,123,NULL,NULL,NULL,NULL),(86,125,NULL,NULL,NULL,NULL),(86,127,NULL,NULL,NULL,NULL),(86,156,NULL,NULL,NULL,NULL),(87,128,NULL,NULL,NULL,NULL),(87,130,NULL,NULL,NULL,NULL),(87,132,NULL,NULL,NULL,NULL),(87,134,NULL,NULL,NULL,NULL),(87,136,NULL,NULL,NULL,NULL),(87,140,NULL,NULL,NULL,NULL),(87,142,NULL,NULL,NULL,NULL),(88,129,NULL,NULL,NULL,NULL),(88,131,NULL,NULL,NULL,NULL),(88,133,NULL,NULL,NULL,NULL),(88,135,NULL,NULL,NULL,NULL),(88,137,NULL,NULL,NULL,NULL),(88,138,NULL,NULL,NULL,NULL),(88,139,NULL,NULL,NULL,NULL),(88,141,NULL,NULL,NULL,NULL),(88,143,NULL,NULL,NULL,NULL),(89,1,NULL,NULL,NULL,NULL),(89,57,NULL,NULL,NULL,NULL),(89,58,NULL,NULL,NULL,NULL),(89,148,NULL,NULL,NULL,NULL),(89,162,NULL,NULL,NULL,NULL),(89,170,NULL,NULL,NULL,NULL),(89,171,NULL,NULL,NULL,NULL),(89,172,NULL,NULL,NULL,NULL),(89,173,NULL,NULL,NULL,NULL),(89,174,NULL,NULL,NULL,NULL),(89,236,NULL,NULL,NULL,NULL),(89,238,NULL,NULL,NULL,NULL),(90,55,NULL,NULL,NULL,NULL),(90,56,NULL,NULL,NULL,NULL),(90,144,NULL,NULL,NULL,NULL),(90,145,NULL,NULL,NULL,NULL),(90,152,NULL,NULL,NULL,NULL),(90,153,NULL,NULL,NULL,NULL),(90,163,NULL,NULL,NULL,NULL),(90,172,NULL,NULL,NULL,NULL),(90,237,NULL,NULL,NULL,NULL),(90,239,NULL,NULL,NULL,NULL),(91,154,NULL,NULL,NULL,NULL),(91,175,NULL,NULL,NULL,NULL),(91,177,NULL,NULL,NULL,NULL),(91,179,NULL,NULL,NULL,NULL),(91,181,NULL,NULL,NULL,NULL),(91,183,NULL,NULL,NULL,NULL),(91,185,NULL,NULL,NULL,NULL),(91,187,NULL,NULL,NULL,NULL),(91,189,NULL,NULL,NULL,NULL),(92,164,NULL,NULL,NULL,NULL),(92,176,NULL,NULL,NULL,NULL),(92,178,NULL,NULL,NULL,NULL),(92,180,NULL,NULL,NULL,NULL),(92,182,NULL,NULL,NULL,NULL),(92,184,NULL,NULL,NULL,NULL),(92,186,NULL,NULL,NULL,NULL),(92,188,NULL,NULL,NULL,NULL),(92,190,NULL,NULL,NULL,NULL),(93,191,NULL,NULL,NULL,NULL),(93,193,NULL,NULL,NULL,NULL),(93,195,NULL,NULL,NULL,NULL),(93,197,NULL,NULL,NULL,NULL),(93,199,NULL,NULL,NULL,NULL),(93,201,NULL,NULL,NULL,NULL),(93,203,NULL,NULL,NULL,NULL),(93,205,NULL,NULL,NULL,NULL),(93,207,NULL,NULL,NULL,NULL),(93,208,NULL,NULL,NULL,NULL),(94,156,NULL,NULL,NULL,NULL),(94,192,NULL,NULL,NULL,NULL),(94,194,NULL,NULL,NULL,NULL),(94,196,NULL,NULL,NULL,NULL),(94,198,NULL,NULL,NULL,NULL),(94,200,NULL,NULL,NULL,NULL),(94,202,NULL,NULL,NULL,NULL),(94,204,NULL,NULL,NULL,NULL),(94,206,NULL,NULL,NULL,NULL),(95,209,NULL,NULL,NULL,NULL),(95,211,NULL,NULL,NULL,NULL),(95,213,NULL,NULL,NULL,NULL),(95,215,NULL,NULL,NULL,NULL),(95,217,NULL,NULL,NULL,NULL),(95,219,NULL,NULL,NULL,NULL),(95,220,NULL,NULL,NULL,NULL),(95,223,NULL,NULL,NULL,NULL),(96,210,NULL,NULL,NULL,NULL),(96,212,NULL,NULL,NULL,NULL),(96,214,NULL,NULL,NULL,NULL),(96,216,NULL,NULL,NULL,NULL),(96,218,NULL,NULL,NULL,NULL),(96,219,NULL,NULL,NULL,NULL),(96,221,NULL,NULL,NULL,NULL),(96,222,NULL,NULL,NULL,NULL),(97,1,NULL,NULL,NULL,NULL),(97,57,NULL,NULL,NULL,NULL),(97,58,NULL,NULL,NULL,NULL),(97,148,NULL,NULL,NULL,NULL),(97,149,NULL,NULL,NULL,NULL),(97,162,NULL,NULL,NULL,NULL),(97,171,NULL,NULL,NULL,NULL),(97,173,NULL,NULL,NULL,NULL),(97,236,NULL,NULL,NULL,NULL),(97,238,NULL,NULL,NULL,NULL),(98,55,NULL,NULL,NULL,NULL),(98,56,NULL,NULL,NULL,NULL),(98,144,NULL,NULL,NULL,NULL),(98,145,NULL,NULL,NULL,NULL),(98,152,NULL,NULL,NULL,NULL),(98,153,NULL,NULL,NULL,NULL),(98,163,NULL,NULL,NULL,NULL),(98,172,NULL,NULL,NULL,NULL),(98,237,NULL,NULL,NULL,NULL),(98,239,NULL,NULL,NULL,NULL),(99,59,NULL,NULL,NULL,NULL),(99,61,NULL,NULL,NULL,NULL),(99,63,NULL,NULL,NULL,NULL),(99,64,NULL,NULL,NULL,NULL),(99,65,NULL,NULL,NULL,NULL),(99,67,NULL,NULL,NULL,NULL),(99,102,NULL,NULL,NULL,NULL),(99,106,NULL,NULL,NULL,NULL),(99,155,NULL,NULL,NULL,NULL),(99,158,NULL,NULL,NULL,NULL),(100,60,NULL,NULL,NULL,NULL),(100,62,NULL,NULL,NULL,NULL),(100,66,NULL,NULL,NULL,NULL),(100,103,NULL,NULL,NULL,NULL),(100,109,NULL,NULL,NULL,NULL),(100,110,NULL,NULL,NULL,NULL),(100,111,NULL,NULL,NULL,NULL),(100,157,NULL,NULL,NULL,NULL),(100,159,NULL,NULL,NULL,NULL),(100,164,NULL,NULL,NULL,NULL),(101,68,NULL,NULL,NULL,NULL),(101,70,NULL,NULL,NULL,NULL),(101,72,NULL,NULL,NULL,NULL),(101,74,NULL,NULL,NULL,NULL),(101,76,NULL,NULL,NULL,NULL),(101,78,NULL,NULL,NULL,NULL),(101,80,NULL,NULL,NULL,NULL),(101,82,NULL,NULL,NULL,NULL),(101,156,NULL,NULL,NULL,NULL),(102,69,NULL,NULL,NULL,NULL),(102,71,NULL,NULL,NULL,NULL),(102,73,NULL,NULL,NULL,NULL),(102,75,NULL,NULL,NULL,NULL),(102,77,NULL,NULL,NULL,NULL),(102,79,NULL,NULL,NULL,NULL),(102,81,NULL,NULL,NULL,NULL),(102,83,NULL,NULL,NULL,NULL),(103,84,NULL,NULL,NULL,NULL),(103,86,NULL,NULL,NULL,NULL),(103,88,NULL,NULL,NULL,NULL),(103,90,NULL,NULL,NULL,NULL),(103,92,NULL,NULL,NULL,NULL),(103,94,NULL,NULL,NULL,NULL),(103,95,NULL,NULL,NULL,NULL),(103,96,NULL,NULL,NULL,NULL),(103,98,NULL,NULL,NULL,NULL),(104,85,NULL,NULL,NULL,NULL),(104,87,NULL,NULL,NULL,NULL),(104,89,NULL,NULL,NULL,NULL),(104,91,NULL,NULL,NULL,NULL),(104,93,NULL,NULL,NULL,NULL),(104,97,NULL,NULL,NULL,NULL),(104,99,NULL,NULL,NULL,NULL),(105,55,NULL,NULL,NULL,NULL),(105,56,NULL,NULL,NULL,NULL),(105,144,NULL,NULL,NULL,NULL),(105,145,NULL,NULL,NULL,NULL),(105,152,NULL,NULL,NULL,NULL),(105,153,NULL,NULL,NULL,NULL),(105,162,NULL,NULL,NULL,NULL),(105,163,NULL,NULL,NULL,NULL),(105,172,NULL,NULL,NULL,NULL),(105,236,NULL,NULL,NULL,NULL),(105,237,NULL,NULL,NULL,NULL),(105,238,NULL,NULL,NULL,NULL),(106,1,NULL,NULL,NULL,NULL),(106,57,NULL,NULL,NULL,NULL),(106,58,NULL,NULL,NULL,NULL),(106,148,NULL,NULL,NULL,NULL),(106,149,NULL,NULL,NULL,NULL),(106,163,NULL,NULL,NULL,NULL),(106,171,NULL,NULL,NULL,NULL),(106,173,NULL,NULL,NULL,NULL),(106,237,NULL,NULL,NULL,NULL),(106,239,NULL,NULL,NULL,NULL),(107,2,NULL,NULL,NULL,NULL),(107,4,NULL,NULL,NULL,NULL),(107,6,NULL,NULL,NULL,NULL),(107,8,NULL,NULL,NULL,NULL),(107,10,NULL,NULL,NULL,NULL),(107,12,NULL,NULL,NULL,NULL),(107,14,NULL,NULL,NULL,NULL),(107,16,NULL,NULL,NULL,NULL),(107,18,NULL,NULL,NULL,NULL),(108,3,NULL,NULL,NULL,NULL),(108,5,NULL,NULL,NULL,NULL),(108,7,NULL,NULL,NULL,NULL),(108,9,NULL,NULL,NULL,NULL),(108,11,NULL,NULL,NULL,NULL),(108,13,NULL,NULL,NULL,NULL),(108,15,NULL,NULL,NULL,NULL),(108,17,NULL,NULL,NULL,NULL),(108,19,NULL,NULL,NULL,NULL),(109,20,NULL,NULL,NULL,NULL),(109,22,NULL,NULL,NULL,NULL),(109,24,NULL,NULL,NULL,NULL),(109,26,NULL,NULL,NULL,NULL),(109,28,NULL,NULL,NULL,NULL),(109,30,NULL,NULL,NULL,NULL),(109,32,NULL,NULL,NULL,NULL),(109,34,NULL,NULL,NULL,NULL),(109,36,NULL,NULL,NULL,NULL),(109,38,NULL,NULL,NULL,NULL),(110,21,NULL,NULL,NULL,NULL),(110,23,NULL,NULL,NULL,NULL),(110,25,NULL,NULL,NULL,NULL),(110,27,NULL,NULL,NULL,NULL),(110,29,NULL,NULL,NULL,NULL),(110,31,NULL,NULL,NULL,NULL),(110,33,NULL,NULL,NULL,NULL),(110,35,NULL,NULL,NULL,NULL),(110,37,NULL,NULL,NULL,NULL),(111,39,NULL,NULL,NULL,NULL),(111,41,NULL,NULL,NULL,NULL),(111,43,NULL,NULL,NULL,NULL),(111,45,NULL,NULL,NULL,NULL),(111,47,NULL,NULL,NULL,NULL),(111,49,NULL,NULL,NULL,NULL),(111,51,NULL,NULL,NULL,NULL),(111,53,NULL,NULL,NULL,NULL),(112,40,NULL,NULL,NULL,NULL),(112,42,NULL,NULL,NULL,NULL),(112,44,NULL,NULL,NULL,NULL),(112,46,NULL,NULL,NULL,NULL),(112,48,NULL,NULL,NULL,NULL),(112,50,NULL,NULL,NULL,NULL),(112,52,NULL,NULL,NULL,NULL),(112,54,NULL,NULL,NULL,NULL),(113,55,NULL,NULL,NULL,NULL),(113,56,NULL,NULL,NULL,NULL),(113,144,NULL,NULL,NULL,NULL),(113,145,NULL,NULL,NULL,NULL),(113,152,NULL,NULL,NULL,NULL),(113,153,NULL,NULL,NULL,NULL),(113,162,NULL,NULL,NULL,NULL),(113,163,NULL,NULL,NULL,NULL),(113,172,NULL,NULL,NULL,NULL),(113,236,NULL,NULL,NULL,NULL),(113,237,NULL,NULL,NULL,NULL),(113,238,NULL,NULL,NULL,NULL),(114,1,NULL,NULL,NULL,NULL),(114,57,NULL,NULL,NULL,NULL),(114,58,NULL,NULL,NULL,NULL),(114,148,NULL,NULL,NULL,NULL),(114,149,NULL,NULL,NULL,NULL),(114,163,NULL,NULL,NULL,NULL),(114,171,NULL,NULL,NULL,NULL),(114,173,NULL,NULL,NULL,NULL),(114,237,NULL,NULL,NULL,NULL),(114,239,NULL,NULL,NULL,NULL),(115,61,NULL,NULL,NULL,NULL),(115,67,NULL,NULL,NULL,NULL),(115,100,NULL,NULL,NULL,NULL),(115,102,NULL,NULL,NULL,NULL),(115,104,NULL,NULL,NULL,NULL),(115,106,NULL,NULL,NULL,NULL),(115,146,NULL,NULL,NULL,NULL),(115,150,NULL,NULL,NULL,NULL),(115,151,NULL,NULL,NULL,NULL),(115,164,NULL,NULL,NULL,NULL),(116,101,NULL,NULL,NULL,NULL),(116,103,NULL,NULL,NULL,NULL),(116,105,NULL,NULL,NULL,NULL),(116,107,NULL,NULL,NULL,NULL),(116,108,NULL,NULL,NULL,NULL),(116,147,NULL,NULL,NULL,NULL),(116,154,NULL,NULL,NULL,NULL),(116,160,NULL,NULL,NULL,NULL),(116,161,NULL,NULL,NULL,NULL),(117,112,NULL,NULL,NULL,NULL),(117,114,NULL,NULL,NULL,NULL),(117,116,NULL,NULL,NULL,NULL),(117,118,NULL,NULL,NULL,NULL),(117,120,NULL,NULL,NULL,NULL),(117,122,NULL,NULL,NULL,NULL),(117,124,NULL,NULL,NULL,NULL),(117,126,NULL,NULL,NULL,NULL),(118,113,NULL,NULL,NULL,NULL),(118,115,NULL,NULL,NULL,NULL),(118,117,NULL,NULL,NULL,NULL),(118,119,NULL,NULL,NULL,NULL),(118,121,NULL,NULL,NULL,NULL),(118,123,NULL,NULL,NULL,NULL),(118,125,NULL,NULL,NULL,NULL),(118,127,NULL,NULL,NULL,NULL),(118,156,NULL,NULL,NULL,NULL),(119,128,NULL,NULL,NULL,NULL),(119,130,NULL,NULL,NULL,NULL),(119,132,NULL,NULL,NULL,NULL),(119,134,NULL,NULL,NULL,NULL),(119,136,NULL,NULL,NULL,NULL),(119,140,NULL,NULL,NULL,NULL),(119,142,NULL,NULL,NULL,NULL),(120,129,NULL,NULL,NULL,NULL),(120,131,NULL,NULL,NULL,NULL),(120,133,NULL,NULL,NULL,NULL),(120,135,NULL,NULL,NULL,NULL),(120,137,NULL,NULL,NULL,NULL),(120,138,NULL,NULL,NULL,NULL),(120,139,NULL,NULL,NULL,NULL),(120,141,NULL,NULL,NULL,NULL),(120,143,NULL,NULL,NULL,NULL),(121,1,NULL,NULL,NULL,NULL),(121,57,NULL,NULL,NULL,NULL),(121,58,NULL,NULL,NULL,NULL),(121,148,NULL,NULL,NULL,NULL),(121,162,NULL,NULL,NULL,NULL),(121,170,NULL,NULL,NULL,NULL),(121,171,NULL,NULL,NULL,NULL),(121,172,NULL,NULL,NULL,NULL),(121,173,NULL,NULL,NULL,NULL),(121,174,NULL,NULL,NULL,NULL),(121,236,NULL,NULL,NULL,NULL),(121,238,NULL,NULL,NULL,NULL),(122,55,NULL,NULL,NULL,NULL),(122,56,NULL,NULL,NULL,NULL),(122,144,NULL,NULL,NULL,NULL),(122,145,NULL,NULL,NULL,NULL),(122,152,NULL,NULL,NULL,NULL),(122,153,NULL,NULL,NULL,NULL),(122,163,NULL,NULL,NULL,NULL),(122,172,NULL,NULL,NULL,NULL),(122,237,NULL,NULL,NULL,NULL),(122,239,NULL,NULL,NULL,NULL),(123,154,NULL,NULL,NULL,NULL),(123,175,NULL,NULL,NULL,NULL),(123,177,NULL,NULL,NULL,NULL),(123,179,NULL,NULL,NULL,NULL),(123,181,NULL,NULL,NULL,NULL),(123,183,NULL,NULL,NULL,NULL),(123,185,NULL,NULL,NULL,NULL),(123,187,NULL,NULL,NULL,NULL),(123,189,NULL,NULL,NULL,NULL),(124,164,NULL,NULL,NULL,NULL),(124,176,NULL,NULL,NULL,NULL),(124,178,NULL,NULL,NULL,NULL),(124,180,NULL,NULL,NULL,NULL),(124,182,NULL,NULL,NULL,NULL),(124,184,NULL,NULL,NULL,NULL),(124,186,NULL,NULL,NULL,NULL),(124,188,NULL,NULL,NULL,NULL),(124,190,NULL,NULL,NULL,NULL),(125,191,NULL,NULL,NULL,NULL),(125,193,NULL,NULL,NULL,NULL),(125,195,NULL,NULL,NULL,NULL),(125,197,NULL,NULL,NULL,NULL),(125,199,NULL,NULL,NULL,NULL),(125,201,NULL,NULL,NULL,NULL),(125,203,NULL,NULL,NULL,NULL),(125,205,NULL,NULL,NULL,NULL),(125,207,NULL,NULL,NULL,NULL),(125,208,NULL,NULL,NULL,NULL),(126,156,NULL,NULL,NULL,NULL),(126,192,NULL,NULL,NULL,NULL),(126,194,NULL,NULL,NULL,NULL),(126,196,NULL,NULL,NULL,NULL),(126,198,NULL,NULL,NULL,NULL),(126,200,NULL,NULL,NULL,NULL),(126,202,NULL,NULL,NULL,NULL),(126,204,NULL,NULL,NULL,NULL),(126,206,NULL,NULL,NULL,NULL),(127,209,NULL,NULL,NULL,NULL),(127,211,NULL,NULL,NULL,NULL),(127,213,NULL,NULL,NULL,NULL),(127,215,NULL,NULL,NULL,NULL),(127,217,NULL,NULL,NULL,NULL),(127,219,NULL,NULL,NULL,NULL),(127,220,NULL,NULL,NULL,NULL),(127,223,NULL,NULL,NULL,NULL),(128,210,NULL,NULL,NULL,NULL),(128,212,NULL,NULL,NULL,NULL),(128,214,NULL,NULL,NULL,NULL),(128,216,NULL,NULL,NULL,NULL),(128,218,NULL,NULL,NULL,NULL),(128,219,NULL,NULL,NULL,NULL),(128,221,NULL,NULL,NULL,NULL),(128,222,NULL,NULL,NULL,NULL),(129,1,NULL,NULL,NULL,NULL),(129,57,NULL,NULL,NULL,NULL),(129,58,NULL,NULL,NULL,NULL),(129,148,NULL,NULL,NULL,NULL),(129,149,NULL,NULL,NULL,NULL),(129,162,NULL,NULL,NULL,NULL),(129,171,NULL,NULL,NULL,NULL),(129,173,NULL,NULL,NULL,NULL),(129,236,NULL,NULL,NULL,NULL),(129,238,NULL,NULL,NULL,NULL),(130,55,NULL,NULL,NULL,NULL),(130,56,NULL,NULL,NULL,NULL),(130,144,NULL,NULL,NULL,NULL),(130,145,NULL,NULL,NULL,NULL),(130,152,NULL,NULL,NULL,NULL),(130,153,NULL,NULL,NULL,NULL),(130,163,NULL,NULL,NULL,NULL),(130,172,NULL,NULL,NULL,NULL),(130,237,NULL,NULL,NULL,NULL),(130,239,NULL,NULL,NULL,NULL),(131,59,NULL,NULL,NULL,NULL),(131,61,NULL,NULL,NULL,NULL),(131,63,NULL,NULL,NULL,NULL),(131,64,NULL,NULL,NULL,NULL),(131,65,NULL,NULL,NULL,NULL),(131,67,NULL,NULL,NULL,NULL),(131,102,NULL,NULL,NULL,NULL),(131,106,NULL,NULL,NULL,NULL),(131,155,NULL,NULL,NULL,NULL),(131,158,NULL,NULL,NULL,NULL),(132,60,NULL,NULL,NULL,NULL),(132,62,NULL,NULL,NULL,NULL),(132,66,NULL,NULL,NULL,NULL),(132,103,NULL,NULL,NULL,NULL),(132,109,NULL,NULL,NULL,NULL),(132,110,NULL,NULL,NULL,NULL),(132,111,NULL,NULL,NULL,NULL),(132,157,NULL,NULL,NULL,NULL),(132,159,NULL,NULL,NULL,NULL),(132,164,NULL,NULL,NULL,NULL),(133,68,NULL,NULL,NULL,NULL),(133,70,NULL,NULL,NULL,NULL),(133,72,NULL,NULL,NULL,NULL),(133,74,NULL,NULL,NULL,NULL),(133,76,NULL,NULL,NULL,NULL),(133,78,NULL,NULL,NULL,NULL),(133,80,NULL,NULL,NULL,NULL),(133,82,NULL,NULL,NULL,NULL),(133,156,NULL,NULL,NULL,NULL),(134,69,NULL,NULL,NULL,NULL),(134,71,NULL,NULL,NULL,NULL),(134,73,NULL,NULL,NULL,NULL),(134,75,NULL,NULL,NULL,NULL),(134,77,NULL,NULL,NULL,NULL),(134,79,NULL,NULL,NULL,NULL),(134,81,NULL,NULL,NULL,NULL),(134,83,NULL,NULL,NULL,NULL),(135,84,NULL,NULL,NULL,NULL),(135,86,NULL,NULL,NULL,NULL),(135,88,NULL,NULL,NULL,NULL),(135,90,NULL,NULL,NULL,NULL),(135,92,NULL,NULL,NULL,NULL),(135,94,NULL,NULL,NULL,NULL),(135,95,NULL,NULL,NULL,NULL),(135,96,NULL,NULL,NULL,NULL),(135,98,NULL,NULL,NULL,NULL),(136,85,NULL,NULL,NULL,NULL),(136,87,NULL,NULL,NULL,NULL),(136,89,NULL,NULL,NULL,NULL),(136,91,NULL,NULL,NULL,NULL),(136,93,NULL,NULL,NULL,NULL),(136,97,NULL,NULL,NULL,NULL),(136,99,NULL,NULL,NULL,NULL),(137,55,NULL,NULL,NULL,NULL),(137,56,NULL,NULL,NULL,NULL),(137,144,NULL,NULL,NULL,NULL),(137,145,NULL,NULL,NULL,NULL),(137,152,NULL,NULL,NULL,NULL),(137,153,NULL,NULL,NULL,NULL),(137,162,NULL,NULL,NULL,NULL),(137,163,NULL,NULL,NULL,NULL),(137,172,NULL,NULL,NULL,NULL),(137,236,NULL,NULL,NULL,NULL),(137,237,NULL,NULL,NULL,NULL),(137,238,NULL,NULL,NULL,NULL),(138,1,NULL,NULL,NULL,NULL),(138,57,NULL,NULL,NULL,NULL),(138,58,NULL,NULL,NULL,NULL),(138,148,NULL,NULL,NULL,NULL),(138,149,NULL,NULL,NULL,NULL),(138,163,NULL,NULL,NULL,NULL),(138,171,NULL,NULL,NULL,NULL),(138,173,NULL,NULL,NULL,NULL),(138,237,NULL,NULL,NULL,NULL),(138,239,NULL,NULL,NULL,NULL),(139,2,NULL,NULL,NULL,NULL),(139,4,NULL,NULL,NULL,NULL),(139,6,NULL,NULL,NULL,NULL),(139,8,NULL,NULL,NULL,NULL),(139,10,NULL,NULL,NULL,NULL),(139,12,NULL,NULL,NULL,NULL),(139,14,NULL,NULL,NULL,NULL),(139,16,NULL,NULL,NULL,NULL),(139,18,NULL,NULL,NULL,NULL),(140,3,NULL,NULL,NULL,NULL),(140,5,NULL,NULL,NULL,NULL),(140,7,NULL,NULL,NULL,NULL),(140,9,NULL,NULL,NULL,NULL),(140,11,NULL,NULL,NULL,NULL),(140,13,NULL,NULL,NULL,NULL),(140,15,NULL,NULL,NULL,NULL),(140,17,NULL,NULL,NULL,NULL),(140,19,NULL,NULL,NULL,NULL),(141,20,NULL,NULL,NULL,NULL),(141,22,NULL,NULL,NULL,NULL),(141,24,NULL,NULL,NULL,NULL),(141,26,NULL,NULL,NULL,NULL),(141,28,NULL,NULL,NULL,NULL),(141,30,NULL,NULL,NULL,NULL),(141,32,NULL,NULL,NULL,NULL),(141,34,NULL,NULL,NULL,NULL),(141,36,NULL,NULL,NULL,NULL),(141,38,NULL,NULL,NULL,NULL),(142,21,NULL,NULL,NULL,NULL),(142,23,NULL,NULL,NULL,NULL),(142,25,NULL,NULL,NULL,NULL),(142,27,NULL,NULL,NULL,NULL),(142,29,NULL,NULL,NULL,NULL),(142,31,NULL,NULL,NULL,NULL),(142,33,NULL,NULL,NULL,NULL),(142,35,NULL,NULL,NULL,NULL),(142,37,NULL,NULL,NULL,NULL),(143,39,NULL,NULL,NULL,NULL),(143,41,NULL,NULL,NULL,NULL),(143,43,NULL,NULL,NULL,NULL),(143,45,NULL,NULL,NULL,NULL),(143,47,NULL,NULL,NULL,NULL),(143,49,NULL,NULL,NULL,NULL),(143,51,NULL,NULL,NULL,NULL),(143,53,NULL,NULL,NULL,NULL),(144,40,NULL,NULL,NULL,NULL),(144,42,NULL,NULL,NULL,NULL),(144,44,NULL,NULL,NULL,NULL),(144,46,NULL,NULL,NULL,NULL),(144,48,NULL,NULL,NULL,NULL),(144,50,NULL,NULL,NULL,NULL),(144,52,NULL,NULL,NULL,NULL),(144,54,NULL,NULL,NULL,NULL),(145,55,NULL,NULL,NULL,NULL),(145,56,NULL,NULL,NULL,NULL),(145,144,NULL,NULL,NULL,NULL),(145,145,NULL,NULL,NULL,NULL),(145,152,NULL,NULL,NULL,NULL),(145,153,NULL,NULL,NULL,NULL),(145,162,NULL,NULL,NULL,NULL),(145,163,NULL,NULL,NULL,NULL),(145,172,NULL,NULL,NULL,NULL),(145,236,NULL,NULL,NULL,NULL),(145,237,NULL,NULL,NULL,NULL),(145,238,NULL,NULL,NULL,NULL),(146,1,NULL,NULL,NULL,NULL),(146,57,NULL,NULL,NULL,NULL),(146,58,NULL,NULL,NULL,NULL),(146,148,NULL,NULL,NULL,NULL),(146,149,NULL,NULL,NULL,NULL),(146,163,NULL,NULL,NULL,NULL),(146,171,NULL,NULL,NULL,NULL),(146,173,NULL,NULL,NULL,NULL),(146,237,NULL,NULL,NULL,NULL),(146,239,NULL,NULL,NULL,NULL),(147,61,NULL,NULL,NULL,NULL),(147,67,NULL,NULL,NULL,NULL),(147,100,NULL,NULL,NULL,NULL),(147,102,NULL,NULL,NULL,NULL),(147,104,NULL,NULL,NULL,NULL),(147,106,NULL,NULL,NULL,NULL),(147,146,NULL,NULL,NULL,NULL),(147,150,NULL,NULL,NULL,NULL),(147,151,NULL,NULL,NULL,NULL),(147,164,NULL,NULL,NULL,NULL),(148,101,NULL,NULL,NULL,NULL),(148,103,NULL,NULL,NULL,NULL),(148,105,NULL,NULL,NULL,NULL),(148,107,NULL,NULL,NULL,NULL),(148,108,NULL,NULL,NULL,NULL),(148,147,NULL,NULL,NULL,NULL),(148,154,NULL,NULL,NULL,NULL),(148,160,NULL,NULL,NULL,NULL),(148,161,NULL,NULL,NULL,NULL),(149,112,NULL,NULL,NULL,NULL),(149,114,NULL,NULL,NULL,NULL),(149,116,NULL,NULL,NULL,NULL),(149,118,NULL,NULL,NULL,NULL),(149,120,NULL,NULL,NULL,NULL),(149,122,NULL,NULL,NULL,NULL),(149,124,NULL,NULL,NULL,NULL),(149,126,NULL,NULL,NULL,NULL),(150,113,NULL,NULL,NULL,NULL),(150,115,NULL,NULL,NULL,NULL),(150,117,NULL,NULL,NULL,NULL),(150,119,NULL,NULL,NULL,NULL),(150,121,NULL,NULL,NULL,NULL),(150,123,NULL,NULL,NULL,NULL),(150,125,NULL,NULL,NULL,NULL),(150,127,NULL,NULL,NULL,NULL),(150,156,NULL,NULL,NULL,NULL),(151,128,NULL,NULL,NULL,NULL),(151,130,NULL,NULL,NULL,NULL),(151,132,NULL,NULL,NULL,NULL),(151,134,NULL,NULL,NULL,NULL),(151,136,NULL,NULL,NULL,NULL),(151,140,NULL,NULL,NULL,NULL),(151,142,NULL,NULL,NULL,NULL),(152,129,NULL,NULL,NULL,NULL),(152,131,NULL,NULL,NULL,NULL),(152,133,NULL,NULL,NULL,NULL),(152,135,NULL,NULL,NULL,NULL),(152,137,NULL,NULL,NULL,NULL),(152,138,NULL,NULL,NULL,NULL),(152,139,NULL,NULL,NULL,NULL),(152,141,NULL,NULL,NULL,NULL),(152,143,NULL,NULL,NULL,NULL),(153,1,NULL,NULL,NULL,NULL),(153,57,NULL,NULL,NULL,NULL),(153,58,NULL,NULL,NULL,NULL),(153,148,NULL,NULL,NULL,NULL),(153,162,NULL,NULL,NULL,NULL),(153,170,NULL,NULL,NULL,NULL),(153,171,NULL,NULL,NULL,NULL),(153,172,NULL,NULL,NULL,NULL),(153,173,NULL,NULL,NULL,NULL),(153,174,NULL,NULL,NULL,NULL),(153,236,NULL,NULL,NULL,NULL),(153,238,NULL,NULL,NULL,NULL),(154,55,NULL,NULL,NULL,NULL),(154,56,NULL,NULL,NULL,NULL),(154,144,NULL,NULL,NULL,NULL),(154,145,NULL,NULL,NULL,NULL),(154,152,NULL,NULL,NULL,NULL),(154,153,NULL,NULL,NULL,NULL),(154,163,NULL,NULL,NULL,NULL),(154,172,NULL,NULL,NULL,NULL),(154,237,NULL,NULL,NULL,NULL),(154,239,NULL,NULL,NULL,NULL),(155,154,NULL,NULL,NULL,NULL),(155,175,NULL,NULL,NULL,NULL),(155,177,NULL,NULL,NULL,NULL),(155,179,NULL,NULL,NULL,NULL),(155,181,NULL,NULL,NULL,NULL),(155,183,NULL,NULL,NULL,NULL),(155,185,NULL,NULL,NULL,NULL),(155,187,NULL,NULL,NULL,NULL),(155,189,NULL,NULL,NULL,NULL),(156,164,NULL,NULL,NULL,NULL),(156,176,NULL,NULL,NULL,NULL),(156,178,NULL,NULL,NULL,NULL),(156,180,NULL,NULL,NULL,NULL),(156,182,NULL,NULL,NULL,NULL),(156,184,NULL,NULL,NULL,NULL),(156,186,NULL,NULL,NULL,NULL),(156,188,NULL,NULL,NULL,NULL),(156,190,NULL,NULL,NULL,NULL),(157,191,NULL,NULL,NULL,NULL),(157,193,NULL,NULL,NULL,NULL),(157,195,NULL,NULL,NULL,NULL),(157,197,NULL,NULL,NULL,NULL),(157,199,NULL,NULL,NULL,NULL),(157,201,NULL,NULL,NULL,NULL),(157,203,NULL,NULL,NULL,NULL),(157,205,NULL,NULL,NULL,NULL),(157,207,NULL,NULL,NULL,NULL),(157,208,NULL,NULL,NULL,NULL),(158,156,NULL,NULL,NULL,NULL),(158,192,NULL,NULL,NULL,NULL),(158,194,NULL,NULL,NULL,NULL),(158,196,NULL,NULL,NULL,NULL),(158,198,NULL,NULL,NULL,NULL),(158,200,NULL,NULL,NULL,NULL),(158,202,NULL,NULL,NULL,NULL),(158,204,NULL,NULL,NULL,NULL),(158,206,NULL,NULL,NULL,NULL),(159,209,NULL,NULL,NULL,NULL),(159,211,NULL,NULL,NULL,NULL),(159,213,NULL,NULL,NULL,NULL),(159,215,NULL,NULL,NULL,NULL),(159,217,NULL,NULL,NULL,NULL),(159,219,NULL,NULL,NULL,NULL),(159,220,NULL,NULL,NULL,NULL),(159,223,NULL,NULL,NULL,NULL),(160,210,NULL,NULL,NULL,NULL),(160,212,NULL,NULL,NULL,NULL),(160,214,NULL,NULL,NULL,NULL),(160,216,NULL,NULL,NULL,NULL),(160,218,NULL,NULL,NULL,NULL),(160,219,NULL,NULL,NULL,NULL),(160,221,NULL,NULL,NULL,NULL),(160,222,NULL,NULL,NULL,NULL),(161,1,NULL,NULL,NULL,NULL),(161,57,NULL,NULL,NULL,NULL),(161,58,NULL,NULL,NULL,NULL),(161,148,NULL,NULL,NULL,NULL),(161,149,NULL,NULL,NULL,NULL),(161,162,NULL,NULL,NULL,NULL),(161,171,NULL,NULL,NULL,NULL),(161,173,NULL,NULL,NULL,NULL),(161,236,NULL,NULL,NULL,NULL),(161,238,NULL,NULL,NULL,NULL),(162,55,NULL,NULL,NULL,NULL),(162,56,NULL,NULL,NULL,NULL),(162,144,NULL,NULL,NULL,NULL),(162,145,NULL,NULL,NULL,NULL),(162,152,NULL,NULL,NULL,NULL),(162,153,NULL,NULL,NULL,NULL),(162,163,NULL,NULL,NULL,NULL),(162,172,NULL,NULL,NULL,NULL),(162,237,NULL,NULL,NULL,NULL),(162,239,NULL,NULL,NULL,NULL),(163,59,NULL,NULL,NULL,NULL),(163,61,NULL,NULL,NULL,NULL),(163,63,NULL,NULL,NULL,NULL),(163,64,NULL,NULL,NULL,NULL),(163,65,NULL,NULL,NULL,NULL),(163,67,NULL,NULL,NULL,NULL),(163,102,NULL,NULL,NULL,NULL),(163,106,NULL,NULL,NULL,NULL),(163,155,NULL,NULL,NULL,NULL),(163,158,NULL,NULL,NULL,NULL),(164,60,NULL,NULL,NULL,NULL),(164,62,NULL,NULL,NULL,NULL),(164,66,NULL,NULL,NULL,NULL),(164,103,NULL,NULL,NULL,NULL),(164,109,NULL,NULL,NULL,NULL),(164,110,NULL,NULL,NULL,NULL),(164,111,NULL,NULL,NULL,NULL),(164,157,NULL,NULL,NULL,NULL),(164,159,NULL,NULL,NULL,NULL),(164,164,NULL,NULL,NULL,NULL),(165,68,NULL,NULL,NULL,NULL),(165,70,NULL,NULL,NULL,NULL),(165,72,NULL,NULL,NULL,NULL),(165,74,NULL,NULL,NULL,NULL),(165,76,NULL,NULL,NULL,NULL),(165,78,NULL,NULL,NULL,NULL),(165,80,NULL,NULL,NULL,NULL),(165,82,NULL,NULL,NULL,NULL),(165,156,NULL,NULL,NULL,NULL),(166,69,NULL,NULL,NULL,NULL),(166,71,NULL,NULL,NULL,NULL),(166,73,NULL,NULL,NULL,NULL),(166,75,NULL,NULL,NULL,NULL),(166,77,NULL,NULL,NULL,NULL),(166,79,NULL,NULL,NULL,NULL),(166,81,NULL,NULL,NULL,NULL),(166,83,NULL,NULL,NULL,NULL),(167,84,NULL,NULL,NULL,NULL),(167,86,NULL,NULL,NULL,NULL),(167,88,NULL,NULL,NULL,NULL),(167,90,NULL,NULL,NULL,NULL),(167,92,NULL,NULL,NULL,NULL),(167,94,NULL,NULL,NULL,NULL),(167,95,NULL,NULL,NULL,NULL),(167,96,NULL,NULL,NULL,NULL),(167,98,NULL,NULL,NULL,NULL),(168,85,NULL,NULL,NULL,NULL),(168,87,NULL,NULL,NULL,NULL),(168,89,NULL,NULL,NULL,NULL),(168,91,NULL,NULL,NULL,NULL),(168,93,NULL,NULL,NULL,NULL),(168,97,NULL,NULL,NULL,NULL),(168,99,NULL,NULL,NULL,NULL),(169,55,NULL,NULL,NULL,NULL),(169,56,NULL,NULL,NULL,NULL),(169,144,NULL,NULL,NULL,NULL),(169,145,NULL,NULL,NULL,NULL),(169,152,NULL,NULL,NULL,NULL),(169,153,NULL,NULL,NULL,NULL),(169,162,NULL,NULL,NULL,NULL),(169,163,NULL,NULL,NULL,NULL),(169,172,NULL,NULL,NULL,NULL),(169,236,NULL,NULL,NULL,NULL),(169,237,NULL,NULL,NULL,NULL),(169,238,NULL,NULL,NULL,NULL),(170,1,NULL,NULL,NULL,NULL),(170,57,NULL,NULL,NULL,NULL),(170,58,NULL,NULL,NULL,NULL),(170,148,NULL,NULL,NULL,NULL),(170,149,NULL,NULL,NULL,NULL),(170,163,NULL,NULL,NULL,NULL),(170,171,NULL,NULL,NULL,NULL),(170,173,NULL,NULL,NULL,NULL),(170,237,NULL,NULL,NULL,NULL),(170,239,NULL,NULL,NULL,NULL),(171,2,NULL,NULL,NULL,NULL),(171,4,NULL,NULL,NULL,NULL),(171,6,NULL,NULL,NULL,NULL),(171,8,NULL,NULL,NULL,NULL),(171,10,NULL,NULL,NULL,NULL),(171,12,NULL,NULL,NULL,NULL),(171,14,NULL,NULL,NULL,NULL),(171,16,NULL,NULL,NULL,NULL),(171,18,NULL,NULL,NULL,NULL),(172,3,NULL,NULL,NULL,NULL),(172,5,NULL,NULL,NULL,NULL),(172,7,NULL,NULL,NULL,NULL),(172,9,NULL,NULL,NULL,NULL),(172,11,NULL,NULL,NULL,NULL),(172,13,NULL,NULL,NULL,NULL),(172,15,NULL,NULL,NULL,NULL),(172,17,NULL,NULL,NULL,NULL),(172,19,NULL,NULL,NULL,NULL),(173,20,NULL,NULL,NULL,NULL),(173,22,NULL,NULL,NULL,NULL),(173,24,NULL,NULL,NULL,NULL),(173,26,NULL,NULL,NULL,NULL),(173,28,NULL,NULL,NULL,NULL),(173,30,NULL,NULL,NULL,NULL),(173,32,NULL,NULL,NULL,NULL),(173,34,NULL,NULL,NULL,NULL),(173,36,NULL,NULL,NULL,NULL),(173,38,NULL,NULL,NULL,NULL),(174,21,NULL,NULL,NULL,NULL),(174,23,NULL,NULL,NULL,NULL),(174,25,NULL,NULL,NULL,NULL),(174,27,NULL,NULL,NULL,NULL),(174,29,NULL,NULL,NULL,NULL),(174,31,NULL,NULL,NULL,NULL),(174,33,NULL,NULL,NULL,NULL),(174,35,NULL,NULL,NULL,NULL),(174,37,NULL,NULL,NULL,NULL),(175,39,NULL,NULL,NULL,NULL),(175,41,NULL,NULL,NULL,NULL),(175,43,NULL,NULL,NULL,NULL),(175,45,NULL,NULL,NULL,NULL),(175,47,NULL,NULL,NULL,NULL),(175,49,NULL,NULL,NULL,NULL),(175,51,NULL,NULL,NULL,NULL),(175,53,NULL,NULL,NULL,NULL),(176,40,NULL,NULL,NULL,NULL),(176,42,NULL,NULL,NULL,NULL),(176,44,NULL,NULL,NULL,NULL),(176,46,NULL,NULL,NULL,NULL),(176,48,NULL,NULL,NULL,NULL),(176,50,NULL,NULL,NULL,NULL),(176,52,NULL,NULL,NULL,NULL),(176,54,NULL,NULL,NULL,NULL),(177,55,NULL,NULL,NULL,NULL),(177,56,NULL,NULL,NULL,NULL),(177,144,NULL,NULL,NULL,NULL),(177,145,NULL,NULL,NULL,NULL),(177,152,NULL,NULL,NULL,NULL),(177,153,NULL,NULL,NULL,NULL),(177,162,NULL,NULL,NULL,NULL),(177,163,NULL,NULL,NULL,NULL),(177,172,NULL,NULL,NULL,NULL),(177,236,NULL,NULL,NULL,NULL),(177,237,NULL,NULL,NULL,NULL),(177,238,NULL,NULL,NULL,NULL),(178,1,NULL,NULL,NULL,NULL),(178,57,NULL,NULL,NULL,NULL),(178,58,NULL,NULL,NULL,NULL),(178,148,NULL,NULL,NULL,NULL),(178,149,NULL,NULL,NULL,NULL),(178,163,NULL,NULL,NULL,NULL),(178,171,NULL,NULL,NULL,NULL),(178,173,NULL,NULL,NULL,NULL),(178,237,NULL,NULL,NULL,NULL),(178,239,NULL,NULL,NULL,NULL),(179,61,NULL,NULL,NULL,NULL),(179,67,NULL,NULL,NULL,NULL),(179,100,NULL,NULL,NULL,NULL),(179,102,NULL,NULL,NULL,NULL),(179,104,NULL,NULL,NULL,NULL),(179,106,NULL,NULL,NULL,NULL),(179,146,NULL,NULL,NULL,NULL),(179,150,NULL,NULL,NULL,NULL),(179,151,NULL,NULL,NULL,NULL),(179,164,NULL,NULL,NULL,NULL),(180,101,NULL,NULL,NULL,NULL),(180,103,NULL,NULL,NULL,NULL),(180,105,NULL,NULL,NULL,NULL),(180,107,NULL,NULL,NULL,NULL),(180,108,NULL,NULL,NULL,NULL),(180,147,NULL,NULL,NULL,NULL),(180,154,NULL,NULL,NULL,NULL),(180,160,NULL,NULL,NULL,NULL),(180,161,NULL,NULL,NULL,NULL),(181,112,NULL,NULL,NULL,NULL),(181,114,NULL,NULL,NULL,NULL),(181,116,NULL,NULL,NULL,NULL),(181,118,NULL,NULL,NULL,NULL),(181,120,NULL,NULL,NULL,NULL),(181,122,NULL,NULL,NULL,NULL),(181,124,NULL,NULL,NULL,NULL),(181,126,NULL,NULL,NULL,NULL),(182,113,NULL,NULL,NULL,NULL),(182,115,NULL,NULL,NULL,NULL),(182,117,NULL,NULL,NULL,NULL),(182,119,NULL,NULL,NULL,NULL),(182,121,NULL,NULL,NULL,NULL),(182,123,NULL,NULL,NULL,NULL),(182,125,NULL,NULL,NULL,NULL),(182,127,NULL,NULL,NULL,NULL),(182,156,NULL,NULL,NULL,NULL),(183,128,NULL,NULL,NULL,NULL),(183,130,NULL,NULL,NULL,NULL),(183,132,NULL,NULL,NULL,NULL),(183,134,NULL,NULL,NULL,NULL),(183,136,NULL,NULL,NULL,NULL),(183,140,NULL,NULL,NULL,NULL),(183,142,NULL,NULL,NULL,NULL),(184,129,NULL,NULL,NULL,NULL),(184,131,NULL,NULL,NULL,NULL),(184,133,NULL,NULL,NULL,NULL),(184,135,NULL,NULL,NULL,NULL),(184,137,NULL,NULL,NULL,NULL),(184,138,NULL,NULL,NULL,NULL),(184,139,NULL,NULL,NULL,NULL),(184,141,NULL,NULL,NULL,NULL),(184,143,NULL,NULL,NULL,NULL),(185,1,NULL,NULL,NULL,NULL),(185,57,NULL,NULL,NULL,NULL),(185,58,NULL,NULL,NULL,NULL),(185,148,NULL,NULL,NULL,NULL),(185,162,NULL,NULL,NULL,NULL),(185,170,NULL,NULL,NULL,NULL),(185,171,NULL,NULL,NULL,NULL),(185,172,NULL,NULL,NULL,NULL),(185,173,NULL,NULL,NULL,NULL),(185,174,NULL,NULL,NULL,NULL),(185,236,NULL,NULL,NULL,NULL),(185,238,NULL,NULL,NULL,NULL),(186,55,NULL,NULL,NULL,NULL),(186,56,NULL,NULL,NULL,NULL),(186,144,NULL,NULL,NULL,NULL),(186,145,NULL,NULL,NULL,NULL),(186,152,NULL,NULL,NULL,NULL),(186,153,NULL,NULL,NULL,NULL),(186,163,NULL,NULL,NULL,NULL),(186,172,NULL,NULL,NULL,NULL),(186,237,NULL,NULL,NULL,NULL),(186,239,NULL,NULL,NULL,NULL),(187,154,NULL,NULL,NULL,NULL),(187,175,NULL,NULL,NULL,NULL),(187,177,NULL,NULL,NULL,NULL),(187,179,NULL,NULL,NULL,NULL),(187,181,NULL,NULL,NULL,NULL),(187,183,NULL,NULL,NULL,NULL),(187,185,NULL,NULL,NULL,NULL),(187,187,NULL,NULL,NULL,NULL),(187,189,NULL,NULL,NULL,NULL),(188,164,NULL,NULL,NULL,NULL),(188,176,NULL,NULL,NULL,NULL),(188,178,NULL,NULL,NULL,NULL),(188,180,NULL,NULL,NULL,NULL),(188,182,NULL,NULL,NULL,NULL),(188,184,NULL,NULL,NULL,NULL),(188,186,NULL,NULL,NULL,NULL),(188,188,NULL,NULL,NULL,NULL),(188,190,NULL,NULL,NULL,NULL),(189,191,NULL,NULL,NULL,NULL),(189,193,NULL,NULL,NULL,NULL),(189,195,NULL,NULL,NULL,NULL),(189,197,NULL,NULL,NULL,NULL),(189,199,NULL,NULL,NULL,NULL),(189,201,NULL,NULL,NULL,NULL),(189,203,NULL,NULL,NULL,NULL),(189,205,NULL,NULL,NULL,NULL),(189,207,NULL,NULL,NULL,NULL),(189,208,NULL,NULL,NULL,NULL),(190,156,NULL,NULL,NULL,NULL),(190,192,NULL,NULL,NULL,NULL),(190,194,NULL,NULL,NULL,NULL),(190,196,NULL,NULL,NULL,NULL),(190,198,NULL,NULL,NULL,NULL),(190,200,NULL,NULL,NULL,NULL),(190,202,NULL,NULL,NULL,NULL),(190,204,NULL,NULL,NULL,NULL),(190,206,NULL,NULL,NULL,NULL),(191,209,NULL,NULL,NULL,NULL),(191,211,NULL,NULL,NULL,NULL),(191,213,NULL,NULL,NULL,NULL),(191,215,NULL,NULL,NULL,NULL),(191,217,NULL,NULL,NULL,NULL),(191,219,NULL,NULL,NULL,NULL),(191,220,NULL,NULL,NULL,NULL),(191,223,NULL,NULL,NULL,NULL),(192,210,NULL,NULL,NULL,NULL),(192,212,NULL,NULL,NULL,NULL),(192,214,NULL,NULL,NULL,NULL),(192,216,NULL,NULL,NULL,NULL),(192,218,NULL,NULL,NULL,NULL),(192,219,NULL,NULL,NULL,NULL),(192,221,NULL,NULL,NULL,NULL),(192,222,NULL,NULL,NULL,NULL),(193,1,NULL,NULL,NULL,NULL),(193,57,NULL,NULL,NULL,NULL),(193,58,NULL,NULL,NULL,NULL),(193,148,NULL,NULL,NULL,NULL),(193,149,NULL,NULL,NULL,NULL),(193,162,NULL,NULL,NULL,NULL),(193,171,NULL,NULL,NULL,NULL),(193,173,NULL,NULL,NULL,NULL),(193,236,NULL,NULL,NULL,NULL),(193,238,NULL,NULL,NULL,NULL),(194,55,NULL,NULL,NULL,NULL),(194,56,NULL,NULL,NULL,NULL),(194,144,NULL,NULL,NULL,NULL),(194,145,NULL,NULL,NULL,NULL),(194,152,NULL,NULL,NULL,NULL),(194,153,NULL,NULL,NULL,NULL),(194,163,NULL,NULL,NULL,NULL),(194,172,NULL,NULL,NULL,NULL),(194,237,NULL,NULL,NULL,NULL),(194,239,NULL,NULL,NULL,NULL),(195,59,NULL,NULL,NULL,NULL),(195,61,NULL,NULL,NULL,NULL),(195,63,NULL,NULL,NULL,NULL),(195,64,NULL,NULL,NULL,NULL),(195,65,NULL,NULL,NULL,NULL),(195,67,NULL,NULL,NULL,NULL),(195,102,NULL,NULL,NULL,NULL),(195,106,NULL,NULL,NULL,NULL),(195,155,NULL,NULL,NULL,NULL),(195,158,NULL,NULL,NULL,NULL),(196,60,NULL,NULL,NULL,NULL),(196,62,NULL,NULL,NULL,NULL),(196,66,NULL,NULL,NULL,NULL),(196,103,NULL,NULL,NULL,NULL),(196,109,NULL,NULL,NULL,NULL),(196,110,NULL,NULL,NULL,NULL),(196,111,NULL,NULL,NULL,NULL),(196,157,NULL,NULL,NULL,NULL),(196,159,NULL,NULL,NULL,NULL),(196,164,NULL,NULL,NULL,NULL),(197,68,NULL,NULL,NULL,NULL),(197,70,NULL,NULL,NULL,NULL),(197,72,NULL,NULL,NULL,NULL),(197,74,NULL,NULL,NULL,NULL),(197,76,NULL,NULL,NULL,NULL),(197,78,NULL,NULL,NULL,NULL),(197,80,NULL,NULL,NULL,NULL),(197,82,NULL,NULL,NULL,NULL),(197,156,NULL,NULL,NULL,NULL),(198,69,NULL,NULL,NULL,NULL),(198,71,NULL,NULL,NULL,NULL),(198,73,NULL,NULL,NULL,NULL),(198,75,NULL,NULL,NULL,NULL),(198,77,NULL,NULL,NULL,NULL),(198,79,NULL,NULL,NULL,NULL),(198,81,NULL,NULL,NULL,NULL),(198,83,NULL,NULL,NULL,NULL),(199,84,NULL,NULL,NULL,NULL),(199,86,NULL,NULL,NULL,NULL),(199,88,NULL,NULL,NULL,NULL),(199,90,NULL,NULL,NULL,NULL),(199,92,NULL,NULL,NULL,NULL),(199,94,NULL,NULL,NULL,NULL),(199,95,NULL,NULL,NULL,NULL),(199,96,NULL,NULL,NULL,NULL),(199,98,NULL,NULL,NULL,NULL),(200,85,NULL,NULL,NULL,NULL),(200,87,NULL,NULL,NULL,NULL),(200,89,NULL,NULL,NULL,NULL),(200,91,NULL,NULL,NULL,NULL),(200,93,NULL,NULL,NULL,NULL),(200,97,NULL,NULL,NULL,NULL),(200,99,NULL,NULL,NULL,NULL),(201,55,NULL,NULL,NULL,NULL),(201,56,NULL,NULL,NULL,NULL),(201,144,NULL,NULL,NULL,NULL),(201,145,NULL,NULL,NULL,NULL),(201,152,NULL,NULL,NULL,NULL),(201,153,NULL,NULL,NULL,NULL),(201,162,NULL,NULL,NULL,NULL),(201,163,NULL,NULL,NULL,NULL),(201,172,NULL,NULL,NULL,NULL),(201,236,NULL,NULL,NULL,NULL),(201,237,NULL,NULL,NULL,NULL),(201,238,NULL,NULL,NULL,NULL),(202,1,NULL,NULL,NULL,NULL),(202,57,NULL,NULL,NULL,NULL),(202,58,NULL,NULL,NULL,NULL),(202,148,NULL,NULL,NULL,NULL),(202,149,NULL,NULL,NULL,NULL),(202,163,NULL,NULL,NULL,NULL),(202,171,NULL,NULL,NULL,NULL),(202,173,NULL,NULL,NULL,NULL),(202,237,NULL,NULL,NULL,NULL),(202,239,NULL,NULL,NULL,NULL),(203,2,NULL,NULL,NULL,NULL),(203,4,NULL,NULL,NULL,NULL),(203,6,NULL,NULL,NULL,NULL),(203,8,NULL,NULL,NULL,NULL),(203,10,NULL,NULL,NULL,NULL),(203,12,NULL,NULL,NULL,NULL),(203,14,NULL,NULL,NULL,NULL),(203,16,NULL,NULL,NULL,NULL),(203,18,NULL,NULL,NULL,NULL),(204,3,NULL,NULL,NULL,NULL),(204,5,NULL,NULL,NULL,NULL),(204,7,NULL,NULL,NULL,NULL),(204,9,NULL,NULL,NULL,NULL),(204,11,NULL,NULL,NULL,NULL),(204,13,NULL,NULL,NULL,NULL),(204,15,NULL,NULL,NULL,NULL),(204,17,NULL,NULL,NULL,NULL),(204,19,NULL,NULL,NULL,NULL),(205,20,NULL,NULL,NULL,NULL),(205,22,NULL,NULL,NULL,NULL),(205,24,NULL,NULL,NULL,NULL),(205,26,NULL,NULL,NULL,NULL),(205,28,NULL,NULL,NULL,NULL),(205,30,NULL,NULL,NULL,NULL),(205,32,NULL,NULL,NULL,NULL),(205,34,NULL,NULL,NULL,NULL),(205,36,NULL,NULL,NULL,NULL),(205,38,NULL,NULL,NULL,NULL),(206,21,NULL,NULL,NULL,NULL),(206,23,NULL,NULL,NULL,NULL),(206,25,NULL,NULL,NULL,NULL),(206,27,NULL,NULL,NULL,NULL),(206,29,NULL,NULL,NULL,NULL),(206,31,NULL,NULL,NULL,NULL),(206,33,NULL,NULL,NULL,NULL),(206,35,NULL,NULL,NULL,NULL),(206,37,NULL,NULL,NULL,NULL),(207,39,NULL,NULL,NULL,NULL),(207,41,NULL,NULL,NULL,NULL),(207,43,NULL,NULL,NULL,NULL),(207,45,NULL,NULL,NULL,NULL),(207,47,NULL,NULL,NULL,NULL),(207,49,NULL,NULL,NULL,NULL),(207,51,NULL,NULL,NULL,NULL),(207,53,NULL,NULL,NULL,NULL),(208,40,NULL,NULL,NULL,NULL),(208,42,NULL,NULL,NULL,NULL),(208,44,NULL,NULL,NULL,NULL),(208,46,NULL,NULL,NULL,NULL),(208,48,NULL,NULL,NULL,NULL),(208,50,NULL,NULL,NULL,NULL),(208,52,NULL,NULL,NULL,NULL),(208,54,NULL,NULL,NULL,NULL),(209,55,NULL,NULL,NULL,NULL),(209,56,NULL,NULL,NULL,NULL),(209,144,NULL,NULL,NULL,NULL),(209,145,NULL,NULL,NULL,NULL),(209,152,NULL,NULL,NULL,NULL),(209,153,NULL,NULL,NULL,NULL),(209,162,NULL,NULL,NULL,NULL),(209,163,NULL,NULL,NULL,NULL),(209,172,NULL,NULL,NULL,NULL),(209,236,NULL,NULL,NULL,NULL),(209,237,NULL,NULL,NULL,NULL),(209,238,NULL,NULL,NULL,NULL),(210,1,NULL,NULL,NULL,NULL),(210,57,NULL,NULL,NULL,NULL),(210,58,NULL,NULL,NULL,NULL),(210,148,NULL,NULL,NULL,NULL),(210,149,NULL,NULL,NULL,NULL),(210,163,NULL,NULL,NULL,NULL),(210,171,NULL,NULL,NULL,NULL),(210,173,NULL,NULL,NULL,NULL),(210,237,NULL,NULL,NULL,NULL),(210,239,NULL,NULL,NULL,NULL),(211,61,NULL,NULL,NULL,NULL),(211,67,NULL,NULL,NULL,NULL),(211,100,NULL,NULL,NULL,NULL),(211,102,NULL,NULL,NULL,NULL),(211,104,NULL,NULL,NULL,NULL),(211,106,NULL,NULL,NULL,NULL),(211,146,NULL,NULL,NULL,NULL),(211,150,NULL,NULL,NULL,NULL),(211,151,NULL,NULL,NULL,NULL),(211,164,NULL,NULL,NULL,NULL),(212,101,NULL,NULL,NULL,NULL),(212,103,NULL,NULL,NULL,NULL),(212,105,NULL,NULL,NULL,NULL),(212,107,NULL,NULL,NULL,NULL),(212,108,NULL,NULL,NULL,NULL),(212,147,NULL,NULL,NULL,NULL),(212,154,NULL,NULL,NULL,NULL),(212,160,NULL,NULL,NULL,NULL),(212,161,NULL,NULL,NULL,NULL),(213,112,NULL,NULL,NULL,NULL),(213,114,NULL,NULL,NULL,NULL),(213,116,NULL,NULL,NULL,NULL),(213,118,NULL,NULL,NULL,NULL),(213,120,NULL,NULL,NULL,NULL),(213,122,NULL,NULL,NULL,NULL),(213,124,NULL,NULL,NULL,NULL),(213,126,NULL,NULL,NULL,NULL),(214,113,NULL,NULL,NULL,NULL),(214,115,NULL,NULL,NULL,NULL),(214,117,NULL,NULL,NULL,NULL),(214,119,NULL,NULL,NULL,NULL),(214,121,NULL,NULL,NULL,NULL),(214,123,NULL,NULL,NULL,NULL),(214,125,NULL,NULL,NULL,NULL),(214,127,NULL,NULL,NULL,NULL),(214,156,NULL,NULL,NULL,NULL),(215,128,NULL,NULL,NULL,NULL),(215,130,NULL,NULL,NULL,NULL),(215,132,NULL,NULL,NULL,NULL),(215,134,NULL,NULL,NULL,NULL),(215,136,NULL,NULL,NULL,NULL),(215,140,NULL,NULL,NULL,NULL),(215,142,NULL,NULL,NULL,NULL),(216,129,NULL,NULL,NULL,NULL),(216,131,NULL,NULL,NULL,NULL),(216,133,NULL,NULL,NULL,NULL),(216,135,NULL,NULL,NULL,NULL),(216,137,NULL,NULL,NULL,NULL),(216,138,NULL,NULL,NULL,NULL),(216,139,NULL,NULL,NULL,NULL),(216,141,NULL,NULL,NULL,NULL),(216,143,NULL,NULL,NULL,NULL),(217,1,NULL,NULL,NULL,NULL),(217,57,NULL,NULL,NULL,NULL),(217,58,NULL,NULL,NULL,NULL),(217,148,NULL,NULL,NULL,NULL),(217,162,NULL,NULL,NULL,NULL),(217,170,NULL,NULL,NULL,NULL),(217,171,NULL,NULL,NULL,NULL),(217,172,NULL,NULL,NULL,NULL),(217,173,NULL,NULL,NULL,NULL),(217,174,NULL,NULL,NULL,NULL),(217,236,NULL,NULL,NULL,NULL),(217,238,NULL,NULL,NULL,NULL),(218,55,NULL,NULL,NULL,NULL),(218,56,NULL,NULL,NULL,NULL),(218,144,NULL,NULL,NULL,NULL),(218,145,NULL,NULL,NULL,NULL),(218,152,NULL,NULL,NULL,NULL),(218,153,NULL,NULL,NULL,NULL),(218,163,NULL,NULL,NULL,NULL),(218,172,NULL,NULL,NULL,NULL),(218,237,NULL,NULL,NULL,NULL),(218,239,NULL,NULL,NULL,NULL),(219,154,NULL,NULL,NULL,NULL),(219,175,NULL,NULL,NULL,NULL),(219,177,NULL,NULL,NULL,NULL),(219,179,NULL,NULL,NULL,NULL),(219,181,NULL,NULL,NULL,NULL),(219,183,NULL,NULL,NULL,NULL),(219,185,NULL,NULL,NULL,NULL),(219,187,NULL,NULL,NULL,NULL),(219,189,NULL,NULL,NULL,NULL),(220,164,NULL,NULL,NULL,NULL),(220,176,NULL,NULL,NULL,NULL),(220,178,NULL,NULL,NULL,NULL),(220,180,NULL,NULL,NULL,NULL),(220,182,NULL,NULL,NULL,NULL),(220,184,NULL,NULL,NULL,NULL),(220,186,NULL,NULL,NULL,NULL),(220,188,NULL,NULL,NULL,NULL),(220,190,NULL,NULL,NULL,NULL),(221,191,NULL,NULL,NULL,NULL),(221,193,NULL,NULL,NULL,NULL),(221,195,NULL,NULL,NULL,NULL),(221,197,NULL,NULL,NULL,NULL),(221,199,NULL,NULL,NULL,NULL),(221,201,NULL,NULL,NULL,NULL),(221,203,NULL,NULL,NULL,NULL),(221,205,NULL,NULL,NULL,NULL),(221,207,NULL,NULL,NULL,NULL),(221,208,NULL,NULL,NULL,NULL),(222,156,NULL,NULL,NULL,NULL),(222,192,NULL,NULL,NULL,NULL),(222,194,NULL,NULL,NULL,NULL),(222,196,NULL,NULL,NULL,NULL),(222,198,NULL,NULL,NULL,NULL),(222,200,NULL,NULL,NULL,NULL),(222,202,NULL,NULL,NULL,NULL),(222,204,NULL,NULL,NULL,NULL),(222,206,NULL,NULL,NULL,NULL),(223,209,NULL,NULL,NULL,NULL),(223,211,NULL,NULL,NULL,NULL),(223,213,NULL,NULL,NULL,NULL),(223,215,NULL,NULL,NULL,NULL),(223,217,NULL,NULL,NULL,NULL),(223,219,NULL,NULL,NULL,NULL),(223,220,NULL,NULL,NULL,NULL),(223,223,NULL,NULL,NULL,NULL),(224,210,NULL,NULL,NULL,NULL),(224,212,NULL,NULL,NULL,NULL),(224,214,NULL,NULL,NULL,NULL),(224,216,NULL,NULL,NULL,NULL),(224,218,NULL,NULL,NULL,NULL),(224,219,NULL,NULL,NULL,NULL),(224,221,NULL,NULL,NULL,NULL),(224,222,NULL,NULL,NULL,NULL),(225,1,NULL,NULL,NULL,NULL),(225,57,NULL,NULL,NULL,NULL),(225,58,NULL,NULL,NULL,NULL),(225,148,NULL,NULL,NULL,NULL),(225,149,NULL,NULL,NULL,NULL),(225,162,NULL,NULL,NULL,NULL),(225,171,NULL,NULL,NULL,NULL),(225,173,NULL,NULL,NULL,NULL),(225,236,NULL,NULL,NULL,NULL),(225,238,NULL,NULL,NULL,NULL),(226,55,NULL,NULL,NULL,NULL),(226,56,NULL,NULL,NULL,NULL),(226,144,NULL,NULL,NULL,NULL),(226,145,NULL,NULL,NULL,NULL),(226,152,NULL,NULL,NULL,NULL),(226,153,NULL,NULL,NULL,NULL),(226,163,NULL,NULL,NULL,NULL),(226,172,NULL,NULL,NULL,NULL),(226,237,NULL,NULL,NULL,NULL),(226,239,NULL,NULL,NULL,NULL),(227,59,NULL,NULL,NULL,NULL),(227,61,NULL,NULL,NULL,NULL),(227,63,NULL,NULL,NULL,NULL),(227,64,NULL,NULL,NULL,NULL),(227,65,NULL,NULL,NULL,NULL),(227,67,NULL,NULL,NULL,NULL),(227,102,NULL,NULL,NULL,NULL),(227,106,NULL,NULL,NULL,NULL),(227,155,NULL,NULL,NULL,NULL),(227,158,NULL,NULL,NULL,NULL),(228,60,NULL,NULL,NULL,NULL),(228,62,NULL,NULL,NULL,NULL),(228,66,NULL,NULL,NULL,NULL),(228,103,NULL,NULL,NULL,NULL),(228,109,NULL,NULL,NULL,NULL),(228,110,NULL,NULL,NULL,NULL),(228,111,NULL,NULL,NULL,NULL),(228,157,NULL,NULL,NULL,NULL),(228,159,NULL,NULL,NULL,NULL),(228,164,NULL,NULL,NULL,NULL),(229,68,NULL,NULL,NULL,NULL),(229,70,NULL,NULL,NULL,NULL),(229,72,NULL,NULL,NULL,NULL),(229,74,NULL,NULL,NULL,NULL),(229,76,NULL,NULL,NULL,NULL),(229,78,NULL,NULL,NULL,NULL),(229,80,NULL,NULL,NULL,NULL),(229,82,NULL,NULL,NULL,NULL),(229,156,NULL,NULL,NULL,NULL),(230,69,NULL,NULL,NULL,NULL),(230,71,NULL,NULL,NULL,NULL),(230,73,NULL,NULL,NULL,NULL),(230,75,NULL,NULL,NULL,NULL),(230,77,NULL,NULL,NULL,NULL),(230,79,NULL,NULL,NULL,NULL),(230,81,NULL,NULL,NULL,NULL),(230,83,NULL,NULL,NULL,NULL),(231,84,NULL,NULL,NULL,NULL),(231,86,NULL,NULL,NULL,NULL),(231,88,NULL,NULL,NULL,NULL),(231,90,NULL,NULL,NULL,NULL),(231,92,NULL,NULL,NULL,NULL),(231,94,NULL,NULL,NULL,NULL),(231,95,NULL,NULL,NULL,NULL),(231,96,NULL,NULL,NULL,NULL),(231,98,NULL,NULL,NULL,NULL),(232,85,NULL,NULL,NULL,NULL),(232,87,NULL,NULL,NULL,NULL),(232,89,NULL,NULL,NULL,NULL),(232,91,NULL,NULL,NULL,NULL),(232,93,NULL,NULL,NULL,NULL),(232,97,NULL,NULL,NULL,NULL),(232,99,NULL,NULL,NULL,NULL),(233,55,NULL,NULL,NULL,NULL),(233,56,NULL,NULL,NULL,NULL),(233,144,NULL,NULL,NULL,NULL),(233,145,NULL,NULL,NULL,NULL),(233,152,NULL,NULL,NULL,NULL),(233,153,NULL,NULL,NULL,NULL),(233,162,NULL,NULL,NULL,NULL),(233,163,NULL,NULL,NULL,NULL),(233,172,NULL,NULL,NULL,NULL),(233,236,NULL,NULL,NULL,NULL),(233,237,NULL,NULL,NULL,NULL),(233,238,NULL,NULL,NULL,NULL),(234,1,NULL,NULL,NULL,NULL),(234,57,NULL,NULL,NULL,NULL),(234,58,NULL,NULL,NULL,NULL),(234,148,NULL,NULL,NULL,NULL),(234,149,NULL,NULL,NULL,NULL),(234,163,NULL,NULL,NULL,NULL),(234,171,NULL,NULL,NULL,NULL),(234,173,NULL,NULL,NULL,NULL),(234,237,NULL,NULL,NULL,NULL),(234,239,NULL,NULL,NULL,NULL),(235,2,NULL,NULL,NULL,NULL),(235,4,NULL,NULL,NULL,NULL),(235,6,NULL,NULL,NULL,NULL),(235,8,NULL,NULL,NULL,NULL),(235,10,NULL,NULL,NULL,NULL),(235,12,NULL,NULL,NULL,NULL),(235,14,NULL,NULL,NULL,NULL),(235,16,NULL,NULL,NULL,NULL),(235,18,NULL,NULL,NULL,NULL),(236,3,NULL,NULL,NULL,NULL),(236,5,NULL,NULL,NULL,NULL),(236,7,NULL,NULL,NULL,NULL),(236,9,NULL,NULL,NULL,NULL),(236,11,NULL,NULL,NULL,NULL),(236,13,NULL,NULL,NULL,NULL),(236,15,NULL,NULL,NULL,NULL),(236,17,NULL,NULL,NULL,NULL),(236,19,NULL,NULL,NULL,NULL),(237,20,NULL,NULL,NULL,NULL),(237,22,NULL,NULL,NULL,NULL),(237,24,NULL,NULL,NULL,NULL),(237,26,NULL,NULL,NULL,NULL),(237,28,NULL,NULL,NULL,NULL),(237,30,NULL,NULL,NULL,NULL),(237,32,NULL,NULL,NULL,NULL),(237,34,NULL,NULL,NULL,NULL),(237,36,NULL,NULL,NULL,NULL),(237,38,NULL,NULL,NULL,NULL),(238,21,NULL,NULL,NULL,NULL),(238,23,NULL,NULL,NULL,NULL),(238,25,NULL,NULL,NULL,NULL),(238,27,NULL,NULL,NULL,NULL),(238,29,NULL,NULL,NULL,NULL),(238,31,NULL,NULL,NULL,NULL),(238,33,NULL,NULL,NULL,NULL),(238,35,NULL,NULL,NULL,NULL),(238,37,NULL,NULL,NULL,NULL),(239,39,NULL,NULL,NULL,NULL),(239,41,NULL,NULL,NULL,NULL),(239,43,NULL,NULL,NULL,NULL),(239,45,NULL,NULL,NULL,NULL),(239,47,NULL,NULL,NULL,NULL),(239,49,NULL,NULL,NULL,NULL),(239,51,NULL,NULL,NULL,NULL),(239,53,NULL,NULL,NULL,NULL),(240,40,NULL,NULL,NULL,NULL),(240,42,NULL,NULL,NULL,NULL),(240,44,NULL,NULL,NULL,NULL),(240,46,NULL,NULL,NULL,NULL),(240,48,NULL,NULL,NULL,NULL),(240,50,NULL,NULL,NULL,NULL),(240,52,NULL,NULL,NULL,NULL),(240,54,NULL,NULL,NULL,NULL),(241,55,NULL,NULL,NULL,NULL),(241,56,NULL,NULL,NULL,NULL),(241,144,NULL,NULL,NULL,NULL),(241,145,NULL,NULL,NULL,NULL),(241,152,NULL,NULL,NULL,NULL),(241,153,NULL,NULL,NULL,NULL),(241,162,NULL,NULL,NULL,NULL),(241,163,NULL,NULL,NULL,NULL),(241,172,NULL,NULL,NULL,NULL),(241,236,NULL,NULL,NULL,NULL),(241,237,NULL,NULL,NULL,NULL),(241,238,NULL,NULL,NULL,NULL),(242,1,NULL,NULL,NULL,NULL),(242,57,NULL,NULL,NULL,NULL),(242,58,NULL,NULL,NULL,NULL),(242,148,NULL,NULL,NULL,NULL),(242,149,NULL,NULL,NULL,NULL),(242,163,NULL,NULL,NULL,NULL),(242,171,NULL,NULL,NULL,NULL),(242,173,NULL,NULL,NULL,NULL),(242,237,NULL,NULL,NULL,NULL),(242,239,NULL,NULL,NULL,NULL),(243,61,NULL,NULL,NULL,NULL),(243,67,NULL,NULL,NULL,NULL),(243,100,NULL,NULL,NULL,NULL),(243,102,NULL,NULL,NULL,NULL),(243,104,NULL,NULL,NULL,NULL),(243,106,NULL,NULL,NULL,NULL),(243,146,NULL,NULL,NULL,NULL),(243,150,NULL,NULL,NULL,NULL),(243,151,NULL,NULL,NULL,NULL),(243,164,NULL,NULL,NULL,NULL),(244,101,NULL,NULL,NULL,NULL),(244,103,NULL,NULL,NULL,NULL),(244,105,NULL,NULL,NULL,NULL),(244,107,NULL,NULL,NULL,NULL),(244,108,NULL,NULL,NULL,NULL),(244,147,NULL,NULL,NULL,NULL),(244,154,NULL,NULL,NULL,NULL),(244,160,NULL,NULL,NULL,NULL),(244,161,NULL,NULL,NULL,NULL),(245,112,NULL,NULL,NULL,NULL),(245,114,NULL,NULL,NULL,NULL),(245,116,NULL,NULL,NULL,NULL),(245,118,NULL,NULL,NULL,NULL),(245,120,NULL,NULL,NULL,NULL),(245,122,NULL,NULL,NULL,NULL),(245,124,NULL,NULL,NULL,NULL),(245,126,NULL,NULL,NULL,NULL),(246,113,NULL,NULL,NULL,NULL),(246,115,NULL,NULL,NULL,NULL),(246,117,NULL,NULL,NULL,NULL),(246,119,NULL,NULL,NULL,NULL),(246,121,NULL,NULL,NULL,NULL),(246,123,NULL,NULL,NULL,NULL),(246,125,NULL,NULL,NULL,NULL),(246,127,NULL,NULL,NULL,NULL),(246,156,NULL,NULL,NULL,NULL),(247,128,NULL,NULL,NULL,NULL),(247,130,NULL,NULL,NULL,NULL),(247,132,NULL,NULL,NULL,NULL),(247,134,NULL,NULL,NULL,NULL),(247,136,NULL,NULL,NULL,NULL),(247,140,NULL,NULL,NULL,NULL),(247,142,NULL,NULL,NULL,NULL),(248,129,NULL,NULL,NULL,NULL),(248,131,NULL,NULL,NULL,NULL),(248,133,NULL,NULL,NULL,NULL),(248,135,NULL,NULL,NULL,NULL),(248,137,NULL,NULL,NULL,NULL),(248,138,NULL,NULL,NULL,NULL),(248,139,NULL,NULL,NULL,NULL),(248,141,NULL,NULL,NULL,NULL),(248,143,NULL,NULL,NULL,NULL),(249,1,NULL,NULL,NULL,NULL),(249,57,NULL,NULL,NULL,NULL),(249,58,NULL,NULL,NULL,NULL),(249,148,NULL,NULL,NULL,NULL),(249,162,NULL,NULL,NULL,NULL),(249,170,NULL,NULL,NULL,NULL),(249,171,NULL,NULL,NULL,NULL),(249,172,NULL,NULL,NULL,NULL),(249,173,NULL,NULL,NULL,NULL),(249,174,NULL,NULL,NULL,NULL),(249,236,NULL,NULL,NULL,NULL),(249,238,NULL,NULL,NULL,NULL),(250,55,NULL,NULL,NULL,NULL),(250,56,NULL,NULL,NULL,NULL),(250,144,NULL,NULL,NULL,NULL),(250,145,NULL,NULL,NULL,NULL),(250,152,NULL,NULL,NULL,NULL),(250,153,NULL,NULL,NULL,NULL),(250,163,NULL,NULL,NULL,NULL),(250,172,NULL,NULL,NULL,NULL),(250,237,NULL,NULL,NULL,NULL),(250,239,NULL,NULL,NULL,NULL),(251,154,NULL,NULL,NULL,NULL),(251,175,NULL,NULL,NULL,NULL),(251,177,NULL,NULL,NULL,NULL),(251,179,NULL,NULL,NULL,NULL),(251,181,NULL,NULL,NULL,NULL),(251,183,NULL,NULL,NULL,NULL),(251,185,NULL,NULL,NULL,NULL),(251,187,NULL,NULL,NULL,NULL),(251,189,NULL,NULL,NULL,NULL),(252,164,NULL,NULL,NULL,NULL),(252,176,NULL,NULL,NULL,NULL),(252,178,NULL,NULL,NULL,NULL),(252,180,NULL,NULL,NULL,NULL),(252,182,NULL,NULL,NULL,NULL),(252,184,NULL,NULL,NULL,NULL),(252,186,NULL,NULL,NULL,NULL),(252,188,NULL,NULL,NULL,NULL),(252,190,NULL,NULL,NULL,NULL),(253,191,NULL,NULL,NULL,NULL),(253,193,NULL,NULL,NULL,NULL),(253,195,NULL,NULL,NULL,NULL),(253,197,NULL,NULL,NULL,NULL),(253,199,NULL,NULL,NULL,NULL),(253,201,NULL,NULL,NULL,NULL),(253,203,NULL,NULL,NULL,NULL),(253,205,NULL,NULL,NULL,NULL),(253,207,NULL,NULL,NULL,NULL),(253,208,NULL,NULL,NULL,NULL),(254,156,NULL,NULL,NULL,NULL),(254,192,NULL,NULL,NULL,NULL),(254,194,NULL,NULL,NULL,NULL),(254,196,NULL,NULL,NULL,NULL),(254,198,NULL,NULL,NULL,NULL),(254,200,NULL,NULL,NULL,NULL),(254,202,NULL,NULL,NULL,NULL),(254,204,NULL,NULL,NULL,NULL),(254,206,NULL,NULL,NULL,NULL),(255,209,NULL,NULL,NULL,NULL),(255,211,NULL,NULL,NULL,NULL),(255,213,NULL,NULL,NULL,NULL),(255,215,NULL,NULL,NULL,NULL),(255,217,NULL,NULL,NULL,NULL),(255,219,NULL,NULL,NULL,NULL),(255,220,NULL,NULL,NULL,NULL),(255,223,NULL,NULL,NULL,NULL),(256,210,NULL,NULL,NULL,NULL),(256,212,NULL,NULL,NULL,NULL),(256,214,NULL,NULL,NULL,NULL),(256,216,NULL,NULL,NULL,NULL),(256,218,NULL,NULL,NULL,NULL),(256,219,NULL,NULL,NULL,NULL),(256,221,NULL,NULL,NULL,NULL),(256,222,NULL,NULL,NULL,NULL),(257,1,NULL,NULL,NULL,NULL),(257,57,NULL,NULL,NULL,NULL),(257,58,NULL,NULL,NULL,NULL),(257,148,NULL,NULL,NULL,NULL),(257,149,NULL,NULL,NULL,NULL),(257,162,NULL,NULL,NULL,NULL),(257,171,NULL,NULL,NULL,NULL),(257,173,NULL,NULL,NULL,NULL),(257,236,NULL,NULL,NULL,NULL),(257,238,NULL,NULL,NULL,NULL),(258,55,NULL,NULL,NULL,NULL),(258,56,NULL,NULL,NULL,NULL),(258,144,NULL,NULL,NULL,NULL),(258,145,NULL,NULL,NULL,NULL),(258,152,NULL,NULL,NULL,NULL),(258,153,NULL,NULL,NULL,NULL),(258,163,NULL,NULL,NULL,NULL),(258,172,NULL,NULL,NULL,NULL),(258,237,NULL,NULL,NULL,NULL),(258,239,NULL,NULL,NULL,NULL),(259,59,NULL,NULL,NULL,NULL),(259,61,NULL,NULL,NULL,NULL),(259,63,NULL,NULL,NULL,NULL),(259,64,NULL,NULL,NULL,NULL),(259,65,NULL,NULL,NULL,NULL),(259,67,NULL,NULL,NULL,NULL),(259,102,NULL,NULL,NULL,NULL),(259,106,NULL,NULL,NULL,NULL),(259,155,NULL,NULL,NULL,NULL),(259,158,NULL,NULL,NULL,NULL),(260,60,NULL,NULL,NULL,NULL),(260,62,NULL,NULL,NULL,NULL),(260,66,NULL,NULL,NULL,NULL),(260,103,NULL,NULL,NULL,NULL),(260,109,NULL,NULL,NULL,NULL),(260,110,NULL,NULL,NULL,NULL),(260,111,NULL,NULL,NULL,NULL),(260,157,NULL,NULL,NULL,NULL),(260,159,NULL,NULL,NULL,NULL),(260,164,NULL,NULL,NULL,NULL),(261,68,NULL,NULL,NULL,NULL),(261,70,NULL,NULL,NULL,NULL),(261,72,NULL,NULL,NULL,NULL),(261,74,NULL,NULL,NULL,NULL),(261,76,NULL,NULL,NULL,NULL),(261,78,NULL,NULL,NULL,NULL),(261,80,NULL,NULL,NULL,NULL),(261,82,NULL,NULL,NULL,NULL),(261,156,NULL,NULL,NULL,NULL),(262,69,NULL,NULL,NULL,NULL),(262,71,NULL,NULL,NULL,NULL),(262,73,NULL,NULL,NULL,NULL),(262,75,NULL,NULL,NULL,NULL),(262,77,NULL,NULL,NULL,NULL),(262,79,NULL,NULL,NULL,NULL),(262,81,NULL,NULL,NULL,NULL),(262,83,NULL,NULL,NULL,NULL),(263,84,NULL,NULL,NULL,NULL),(263,86,NULL,NULL,NULL,NULL),(263,88,NULL,NULL,NULL,NULL),(263,90,NULL,NULL,NULL,NULL),(263,92,NULL,NULL,NULL,NULL),(263,94,NULL,NULL,NULL,NULL),(263,95,NULL,NULL,NULL,NULL),(263,96,NULL,NULL,NULL,NULL),(263,98,NULL,NULL,NULL,NULL),(264,85,NULL,NULL,NULL,NULL),(264,87,NULL,NULL,NULL,NULL),(264,89,NULL,NULL,NULL,NULL),(264,91,NULL,NULL,NULL,NULL),(264,93,NULL,NULL,NULL,NULL),(264,97,NULL,NULL,NULL,NULL),(264,99,NULL,NULL,NULL,NULL),(265,55,NULL,NULL,NULL,NULL),(265,56,NULL,NULL,NULL,NULL),(265,144,NULL,NULL,NULL,NULL),(265,145,NULL,NULL,NULL,NULL),(265,152,NULL,NULL,NULL,NULL),(265,153,NULL,NULL,NULL,NULL),(265,162,NULL,NULL,NULL,NULL),(265,163,NULL,NULL,NULL,NULL),(265,172,NULL,NULL,NULL,NULL),(265,236,NULL,NULL,NULL,NULL),(265,237,NULL,NULL,NULL,NULL),(265,238,NULL,NULL,NULL,NULL),(266,1,NULL,NULL,NULL,NULL),(266,57,NULL,NULL,NULL,NULL),(266,58,NULL,NULL,NULL,NULL),(266,148,NULL,NULL,NULL,NULL),(266,149,NULL,NULL,NULL,NULL),(266,163,NULL,NULL,NULL,NULL),(266,171,NULL,NULL,NULL,NULL),(266,173,NULL,NULL,NULL,NULL),(266,237,NULL,NULL,NULL,NULL),(266,239,NULL,NULL,NULL,NULL),(267,2,NULL,NULL,NULL,NULL),(267,4,NULL,NULL,NULL,NULL),(267,6,NULL,NULL,NULL,NULL),(267,8,NULL,NULL,NULL,NULL),(267,10,NULL,NULL,NULL,NULL),(267,12,NULL,NULL,NULL,NULL),(267,14,NULL,NULL,NULL,NULL),(267,16,NULL,NULL,NULL,NULL),(267,18,NULL,NULL,NULL,NULL),(268,3,NULL,NULL,NULL,NULL),(268,5,NULL,NULL,NULL,NULL),(268,7,NULL,NULL,NULL,NULL),(268,9,NULL,NULL,NULL,NULL),(268,11,NULL,NULL,NULL,NULL),(268,13,NULL,NULL,NULL,NULL),(268,15,NULL,NULL,NULL,NULL),(268,17,NULL,NULL,NULL,NULL),(268,19,NULL,NULL,NULL,NULL),(269,20,NULL,NULL,NULL,NULL),(269,22,NULL,NULL,NULL,NULL),(269,24,NULL,NULL,NULL,NULL),(269,26,NULL,NULL,NULL,NULL),(269,28,NULL,NULL,NULL,NULL),(269,30,NULL,NULL,NULL,NULL),(269,32,NULL,NULL,NULL,NULL),(269,34,NULL,NULL,NULL,NULL),(269,36,NULL,NULL,NULL,NULL),(269,38,NULL,NULL,NULL,NULL),(270,21,NULL,NULL,NULL,NULL),(270,23,NULL,NULL,NULL,NULL),(270,25,NULL,NULL,NULL,NULL),(270,27,NULL,NULL,NULL,NULL),(270,29,NULL,NULL,NULL,NULL),(270,31,NULL,NULL,NULL,NULL),(270,33,NULL,NULL,NULL,NULL),(270,35,NULL,NULL,NULL,NULL),(270,37,NULL,NULL,NULL,NULL),(271,39,NULL,NULL,NULL,NULL),(271,41,NULL,NULL,NULL,NULL),(271,43,NULL,NULL,NULL,NULL),(271,45,NULL,NULL,NULL,NULL),(271,47,NULL,NULL,NULL,NULL),(271,49,NULL,NULL,NULL,NULL),(271,51,NULL,NULL,NULL,NULL),(271,53,NULL,NULL,NULL,NULL),(272,40,NULL,NULL,NULL,NULL),(272,42,NULL,NULL,NULL,NULL),(272,44,NULL,NULL,NULL,NULL),(272,46,NULL,NULL,NULL,NULL),(272,48,NULL,NULL,NULL,NULL),(272,50,NULL,NULL,NULL,NULL),(272,52,NULL,NULL,NULL,NULL),(272,54,NULL,NULL,NULL,NULL),(273,55,NULL,NULL,NULL,NULL),(273,56,NULL,NULL,NULL,NULL),(273,144,NULL,NULL,NULL,NULL),(273,145,NULL,NULL,NULL,NULL),(273,152,NULL,NULL,NULL,NULL),(273,153,NULL,NULL,NULL,NULL),(273,162,NULL,NULL,NULL,NULL),(273,163,NULL,NULL,NULL,NULL),(273,172,NULL,NULL,NULL,NULL),(273,236,NULL,NULL,NULL,NULL),(273,237,NULL,NULL,NULL,NULL),(273,238,NULL,NULL,NULL,NULL),(274,1,NULL,NULL,NULL,NULL),(274,57,NULL,NULL,NULL,NULL),(274,58,NULL,NULL,NULL,NULL),(274,148,NULL,NULL,NULL,NULL),(274,149,NULL,NULL,NULL,NULL),(274,163,NULL,NULL,NULL,NULL),(274,171,NULL,NULL,NULL,NULL),(274,173,NULL,NULL,NULL,NULL),(274,237,NULL,NULL,NULL,NULL),(274,239,NULL,NULL,NULL,NULL),(275,61,NULL,NULL,NULL,NULL),(275,67,NULL,NULL,NULL,NULL),(275,100,NULL,NULL,NULL,NULL),(275,102,NULL,NULL,NULL,NULL),(275,104,NULL,NULL,NULL,NULL),(275,106,NULL,NULL,NULL,NULL),(275,146,NULL,NULL,NULL,NULL),(275,150,NULL,NULL,NULL,NULL),(275,151,NULL,NULL,NULL,NULL),(275,164,NULL,NULL,NULL,NULL),(276,101,NULL,NULL,NULL,NULL),(276,103,NULL,NULL,NULL,NULL),(276,105,NULL,NULL,NULL,NULL),(276,107,NULL,NULL,NULL,NULL),(276,108,NULL,NULL,NULL,NULL),(276,147,NULL,NULL,NULL,NULL),(276,154,NULL,NULL,NULL,NULL),(276,160,NULL,NULL,NULL,NULL),(276,161,NULL,NULL,NULL,NULL),(277,112,NULL,NULL,NULL,NULL),(277,114,NULL,NULL,NULL,NULL),(277,116,NULL,NULL,NULL,NULL),(277,118,NULL,NULL,NULL,NULL),(277,120,NULL,NULL,NULL,NULL),(277,122,NULL,NULL,NULL,NULL),(277,124,NULL,NULL,NULL,NULL),(277,126,NULL,NULL,NULL,NULL),(278,113,NULL,NULL,NULL,NULL),(278,115,NULL,NULL,NULL,NULL),(278,117,NULL,NULL,NULL,NULL),(278,119,NULL,NULL,NULL,NULL),(278,121,NULL,NULL,NULL,NULL),(278,123,NULL,NULL,NULL,NULL),(278,125,NULL,NULL,NULL,NULL),(278,127,NULL,NULL,NULL,NULL),(278,156,NULL,NULL,NULL,NULL),(279,128,NULL,NULL,NULL,NULL),(279,130,NULL,NULL,NULL,NULL),(279,132,NULL,NULL,NULL,NULL),(279,134,NULL,NULL,NULL,NULL),(279,136,NULL,NULL,NULL,NULL),(279,140,NULL,NULL,NULL,NULL),(279,142,NULL,NULL,NULL,NULL),(280,129,NULL,NULL,NULL,NULL),(280,131,NULL,NULL,NULL,NULL),(280,133,NULL,NULL,NULL,NULL),(280,135,NULL,NULL,NULL,NULL),(280,137,NULL,NULL,NULL,NULL),(280,138,NULL,NULL,NULL,NULL),(280,139,NULL,NULL,NULL,NULL),(280,141,NULL,NULL,NULL,NULL),(280,143,NULL,NULL,NULL,NULL),(281,1,NULL,NULL,NULL,NULL),(281,57,NULL,NULL,NULL,NULL),(281,58,NULL,NULL,NULL,NULL),(281,148,NULL,NULL,NULL,NULL),(281,162,NULL,NULL,NULL,NULL),(281,170,NULL,NULL,NULL,NULL),(281,171,NULL,NULL,NULL,NULL),(281,172,NULL,NULL,NULL,NULL),(281,173,NULL,NULL,NULL,NULL),(281,174,NULL,NULL,NULL,NULL),(281,236,NULL,NULL,NULL,NULL),(281,238,NULL,NULL,NULL,NULL),(282,55,NULL,NULL,NULL,NULL),(282,56,NULL,NULL,NULL,NULL),(282,144,NULL,NULL,NULL,NULL),(282,145,NULL,NULL,NULL,NULL),(282,152,NULL,NULL,NULL,NULL),(282,153,NULL,NULL,NULL,NULL),(282,163,NULL,NULL,NULL,NULL),(282,172,NULL,NULL,NULL,NULL),(282,237,NULL,NULL,NULL,NULL),(282,239,NULL,NULL,NULL,NULL),(283,154,NULL,NULL,NULL,NULL),(283,175,NULL,NULL,NULL,NULL),(283,177,NULL,NULL,NULL,NULL),(283,179,NULL,NULL,NULL,NULL),(283,181,NULL,NULL,NULL,NULL),(283,183,NULL,NULL,NULL,NULL),(283,185,NULL,NULL,NULL,NULL),(283,187,NULL,NULL,NULL,NULL),(283,189,NULL,NULL,NULL,NULL),(284,164,NULL,NULL,NULL,NULL),(284,176,NULL,NULL,NULL,NULL),(284,178,NULL,NULL,NULL,NULL),(284,180,NULL,NULL,NULL,NULL),(284,182,NULL,NULL,NULL,NULL),(284,184,NULL,NULL,NULL,NULL),(284,186,NULL,NULL,NULL,NULL),(284,188,NULL,NULL,NULL,NULL),(284,190,NULL,NULL,NULL,NULL),(285,191,NULL,NULL,NULL,NULL),(285,193,NULL,NULL,NULL,NULL),(285,195,NULL,NULL,NULL,NULL),(285,197,NULL,NULL,NULL,NULL),(285,199,NULL,NULL,NULL,NULL),(285,201,NULL,NULL,NULL,NULL),(285,203,NULL,NULL,NULL,NULL),(285,205,NULL,NULL,NULL,NULL),(285,207,NULL,NULL,NULL,NULL),(285,208,NULL,NULL,NULL,NULL),(286,156,NULL,NULL,NULL,NULL),(286,192,NULL,NULL,NULL,NULL),(286,194,NULL,NULL,NULL,NULL),(286,196,NULL,NULL,NULL,NULL),(286,198,NULL,NULL,NULL,NULL),(286,200,NULL,NULL,NULL,NULL),(286,202,NULL,NULL,NULL,NULL),(286,204,NULL,NULL,NULL,NULL),(286,206,NULL,NULL,NULL,NULL),(287,209,NULL,NULL,NULL,NULL),(287,211,NULL,NULL,NULL,NULL),(287,213,NULL,NULL,NULL,NULL),(287,215,NULL,NULL,NULL,NULL),(287,217,NULL,NULL,NULL,NULL),(287,219,NULL,NULL,NULL,NULL),(287,220,NULL,NULL,NULL,NULL),(287,223,NULL,NULL,NULL,NULL),(288,210,NULL,NULL,NULL,NULL),(288,212,NULL,NULL,NULL,NULL),(288,214,NULL,NULL,NULL,NULL),(288,216,NULL,NULL,NULL,NULL),(288,218,NULL,NULL,NULL,NULL),(288,219,NULL,NULL,NULL,NULL),(288,221,NULL,NULL,NULL,NULL),(288,222,NULL,NULL,NULL,NULL),(289,1,NULL,NULL,NULL,NULL),(289,57,NULL,NULL,NULL,NULL),(289,58,NULL,NULL,NULL,NULL),(289,148,NULL,NULL,NULL,NULL),(289,149,NULL,NULL,NULL,NULL),(289,162,NULL,NULL,NULL,NULL),(289,171,NULL,NULL,NULL,NULL),(289,173,NULL,NULL,NULL,NULL),(289,236,NULL,NULL,NULL,NULL),(289,238,NULL,NULL,NULL,NULL),(290,55,NULL,NULL,NULL,NULL),(290,56,NULL,NULL,NULL,NULL),(290,144,NULL,NULL,NULL,NULL),(290,145,NULL,NULL,NULL,NULL),(290,152,NULL,NULL,NULL,NULL),(290,153,NULL,NULL,NULL,NULL),(290,163,NULL,NULL,NULL,NULL),(290,172,NULL,NULL,NULL,NULL),(290,237,NULL,NULL,NULL,NULL),(290,239,NULL,NULL,NULL,NULL),(291,59,NULL,NULL,NULL,NULL),(291,61,NULL,NULL,NULL,NULL),(291,63,NULL,NULL,NULL,NULL),(291,64,NULL,NULL,NULL,NULL),(291,65,NULL,NULL,NULL,NULL),(291,67,NULL,NULL,NULL,NULL),(291,102,NULL,NULL,NULL,NULL),(291,106,NULL,NULL,NULL,NULL),(291,155,NULL,NULL,NULL,NULL),(291,158,NULL,NULL,NULL,NULL),(292,60,NULL,NULL,NULL,NULL),(292,62,NULL,NULL,NULL,NULL),(292,66,NULL,NULL,NULL,NULL),(292,103,NULL,NULL,NULL,NULL),(292,109,NULL,NULL,NULL,NULL),(292,110,NULL,NULL,NULL,NULL),(292,111,NULL,NULL,NULL,NULL),(292,157,NULL,NULL,NULL,NULL),(292,159,NULL,NULL,NULL,NULL),(292,164,NULL,NULL,NULL,NULL),(293,68,NULL,NULL,NULL,NULL),(293,70,NULL,NULL,NULL,NULL),(293,72,NULL,NULL,NULL,NULL),(293,74,NULL,NULL,NULL,NULL),(293,76,NULL,NULL,NULL,NULL),(293,78,NULL,NULL,NULL,NULL),(293,80,NULL,NULL,NULL,NULL),(293,82,NULL,NULL,NULL,NULL),(293,156,NULL,NULL,NULL,NULL),(294,69,NULL,NULL,NULL,NULL),(294,71,NULL,NULL,NULL,NULL),(294,73,NULL,NULL,NULL,NULL),(294,75,NULL,NULL,NULL,NULL),(294,77,NULL,NULL,NULL,NULL),(294,79,NULL,NULL,NULL,NULL),(294,81,NULL,NULL,NULL,NULL),(294,83,NULL,NULL,NULL,NULL),(295,84,NULL,NULL,NULL,NULL),(295,86,NULL,NULL,NULL,NULL),(295,88,NULL,NULL,NULL,NULL),(295,90,NULL,NULL,NULL,NULL),(295,92,NULL,NULL,NULL,NULL),(295,94,NULL,NULL,NULL,NULL),(295,95,NULL,NULL,NULL,NULL),(295,96,NULL,NULL,NULL,NULL),(295,98,NULL,NULL,NULL,NULL),(296,85,NULL,NULL,NULL,NULL),(296,87,NULL,NULL,NULL,NULL),(296,89,NULL,NULL,NULL,NULL),(296,91,NULL,NULL,NULL,NULL),(296,93,NULL,NULL,NULL,NULL),(296,97,NULL,NULL,NULL,NULL),(296,99,NULL,NULL,NULL,NULL),(297,55,NULL,NULL,NULL,NULL),(297,56,NULL,NULL,NULL,NULL),(297,144,NULL,NULL,NULL,NULL),(297,145,NULL,NULL,NULL,NULL),(297,152,NULL,NULL,NULL,NULL),(297,153,NULL,NULL,NULL,NULL),(297,162,NULL,NULL,NULL,NULL),(297,163,NULL,NULL,NULL,NULL),(297,172,NULL,NULL,NULL,NULL),(297,236,NULL,NULL,NULL,NULL),(297,237,NULL,NULL,NULL,NULL),(297,238,NULL,NULL,NULL,NULL),(298,1,NULL,NULL,NULL,NULL),(298,57,NULL,NULL,NULL,NULL),(298,58,NULL,NULL,NULL,NULL),(298,148,NULL,NULL,NULL,NULL),(298,149,NULL,NULL,NULL,NULL),(298,163,NULL,NULL,NULL,NULL),(298,171,NULL,NULL,NULL,NULL),(298,173,NULL,NULL,NULL,NULL),(298,237,NULL,NULL,NULL,NULL),(298,239,NULL,NULL,NULL,NULL),(299,2,NULL,NULL,NULL,NULL),(299,4,NULL,NULL,NULL,NULL),(299,6,NULL,NULL,NULL,NULL),(299,8,NULL,NULL,NULL,NULL),(299,10,NULL,NULL,NULL,NULL),(299,12,NULL,NULL,NULL,NULL),(299,14,NULL,NULL,NULL,NULL),(299,16,NULL,NULL,NULL,NULL),(299,18,NULL,NULL,NULL,NULL),(300,3,NULL,NULL,NULL,NULL),(300,5,NULL,NULL,NULL,NULL),(300,7,NULL,NULL,NULL,NULL),(300,9,NULL,NULL,NULL,NULL),(300,11,NULL,NULL,NULL,NULL),(300,13,NULL,NULL,NULL,NULL),(300,15,NULL,NULL,NULL,NULL),(300,17,NULL,NULL,NULL,NULL),(300,19,NULL,NULL,NULL,NULL),(301,20,NULL,NULL,NULL,NULL),(301,22,NULL,NULL,NULL,NULL),(301,24,NULL,NULL,NULL,NULL),(301,26,NULL,NULL,NULL,NULL),(301,28,NULL,NULL,NULL,NULL),(301,30,NULL,NULL,NULL,NULL),(301,32,NULL,NULL,NULL,NULL),(301,34,NULL,NULL,NULL,NULL),(301,36,NULL,NULL,NULL,NULL),(301,38,NULL,NULL,NULL,NULL),(302,21,NULL,NULL,NULL,NULL),(302,23,NULL,NULL,NULL,NULL),(302,25,NULL,NULL,NULL,NULL),(302,27,NULL,NULL,NULL,NULL),(302,29,NULL,NULL,NULL,NULL),(302,31,NULL,NULL,NULL,NULL),(302,33,NULL,NULL,NULL,NULL),(302,35,NULL,NULL,NULL,NULL),(302,37,NULL,NULL,NULL,NULL),(303,39,NULL,NULL,NULL,NULL),(303,41,NULL,NULL,NULL,NULL),(303,43,NULL,NULL,NULL,NULL),(303,45,NULL,NULL,NULL,NULL),(303,47,NULL,NULL,NULL,NULL),(303,49,NULL,NULL,NULL,NULL),(303,51,NULL,NULL,NULL,NULL),(303,53,NULL,NULL,NULL,NULL),(304,40,NULL,NULL,NULL,NULL),(304,42,NULL,NULL,NULL,NULL),(304,44,NULL,NULL,NULL,NULL),(304,46,NULL,NULL,NULL,NULL),(304,48,NULL,NULL,NULL,NULL),(304,50,NULL,NULL,NULL,NULL),(304,52,NULL,NULL,NULL,NULL),(304,54,NULL,NULL,NULL,NULL),(305,55,NULL,NULL,NULL,NULL),(305,56,NULL,NULL,NULL,NULL),(305,144,NULL,NULL,NULL,NULL),(305,145,NULL,NULL,NULL,NULL),(305,152,NULL,NULL,NULL,NULL),(305,153,NULL,NULL,NULL,NULL),(305,162,NULL,NULL,NULL,NULL),(305,163,NULL,NULL,NULL,NULL),(305,172,NULL,NULL,NULL,NULL),(305,236,NULL,NULL,NULL,NULL),(305,237,NULL,NULL,NULL,NULL),(305,238,NULL,NULL,NULL,NULL),(306,1,NULL,NULL,NULL,NULL),(306,57,NULL,NULL,NULL,NULL),(306,58,NULL,NULL,NULL,NULL),(306,148,NULL,NULL,NULL,NULL),(306,149,NULL,NULL,NULL,NULL),(306,163,NULL,NULL,NULL,NULL),(306,171,NULL,NULL,NULL,NULL),(306,173,NULL,NULL,NULL,NULL),(306,237,NULL,NULL,NULL,NULL),(306,239,NULL,NULL,NULL,NULL),(307,61,NULL,NULL,NULL,NULL),(307,67,NULL,NULL,NULL,NULL),(307,100,NULL,NULL,NULL,NULL),(307,102,NULL,NULL,NULL,NULL),(307,104,NULL,NULL,NULL,NULL),(307,106,NULL,NULL,NULL,NULL),(307,146,NULL,NULL,NULL,NULL),(307,150,NULL,NULL,NULL,NULL),(307,151,NULL,NULL,NULL,NULL),(307,164,NULL,NULL,NULL,NULL),(308,101,NULL,NULL,NULL,NULL),(308,103,NULL,NULL,NULL,NULL),(308,105,NULL,NULL,NULL,NULL),(308,107,NULL,NULL,NULL,NULL),(308,108,NULL,NULL,NULL,NULL),(308,147,NULL,NULL,NULL,NULL),(308,154,NULL,NULL,NULL,NULL),(308,160,NULL,NULL,NULL,NULL),(308,161,NULL,NULL,NULL,NULL),(309,112,NULL,NULL,NULL,NULL),(309,114,NULL,NULL,NULL,NULL),(309,116,NULL,NULL,NULL,NULL),(309,118,NULL,NULL,NULL,NULL),(309,120,NULL,NULL,NULL,NULL),(309,122,NULL,NULL,NULL,NULL),(309,124,NULL,NULL,NULL,NULL),(309,126,NULL,NULL,NULL,NULL),(310,113,NULL,NULL,NULL,NULL),(310,115,NULL,NULL,NULL,NULL),(310,117,NULL,NULL,NULL,NULL),(310,119,NULL,NULL,NULL,NULL),(310,121,NULL,NULL,NULL,NULL),(310,123,NULL,NULL,NULL,NULL),(310,125,NULL,NULL,NULL,NULL),(310,127,NULL,NULL,NULL,NULL),(310,156,NULL,NULL,NULL,NULL),(311,128,NULL,NULL,NULL,NULL),(311,130,NULL,NULL,NULL,NULL),(311,132,NULL,NULL,NULL,NULL),(311,134,NULL,NULL,NULL,NULL),(311,136,NULL,NULL,NULL,NULL),(311,140,NULL,NULL,NULL,NULL),(311,142,NULL,NULL,NULL,NULL),(312,129,NULL,NULL,NULL,NULL),(312,131,NULL,NULL,NULL,NULL),(312,133,NULL,NULL,NULL,NULL),(312,135,NULL,NULL,NULL,NULL),(312,137,NULL,NULL,NULL,NULL),(312,138,NULL,NULL,NULL,NULL),(312,139,NULL,NULL,NULL,NULL),(312,141,NULL,NULL,NULL,NULL),(312,143,NULL,NULL,NULL,NULL),(313,1,NULL,NULL,NULL,NULL),(313,57,NULL,NULL,NULL,NULL),(313,58,NULL,NULL,NULL,NULL),(313,148,NULL,NULL,NULL,NULL),(313,162,NULL,NULL,NULL,NULL),(313,170,NULL,NULL,NULL,NULL),(313,171,NULL,NULL,NULL,NULL),(313,172,NULL,NULL,NULL,NULL),(313,173,NULL,NULL,NULL,NULL),(313,174,NULL,NULL,NULL,NULL),(313,236,NULL,NULL,NULL,NULL),(313,238,NULL,NULL,NULL,NULL),(314,55,NULL,NULL,NULL,NULL),(314,56,NULL,NULL,NULL,NULL),(314,144,NULL,NULL,NULL,NULL),(314,145,NULL,NULL,NULL,NULL),(314,152,NULL,NULL,NULL,NULL),(314,153,NULL,NULL,NULL,NULL),(314,163,NULL,NULL,NULL,NULL),(314,172,NULL,NULL,NULL,NULL),(314,237,NULL,NULL,NULL,NULL),(314,239,NULL,NULL,NULL,NULL),(315,154,NULL,NULL,NULL,NULL),(315,175,NULL,NULL,NULL,NULL),(315,177,NULL,NULL,NULL,NULL),(315,179,NULL,NULL,NULL,NULL),(315,181,NULL,NULL,NULL,NULL),(315,183,NULL,NULL,NULL,NULL),(315,185,NULL,NULL,NULL,NULL),(315,187,NULL,NULL,NULL,NULL),(315,189,NULL,NULL,NULL,NULL),(316,164,NULL,NULL,NULL,NULL),(316,176,NULL,NULL,NULL,NULL),(316,178,NULL,NULL,NULL,NULL),(316,180,NULL,NULL,NULL,NULL),(316,182,NULL,NULL,NULL,NULL),(316,184,NULL,NULL,NULL,NULL),(316,186,NULL,NULL,NULL,NULL),(316,188,NULL,NULL,NULL,NULL),(316,190,NULL,NULL,NULL,NULL),(317,191,NULL,NULL,NULL,NULL),(317,193,NULL,NULL,NULL,NULL),(317,195,NULL,NULL,NULL,NULL),(317,197,NULL,NULL,NULL,NULL),(317,199,NULL,NULL,NULL,NULL),(317,201,NULL,NULL,NULL,NULL),(317,203,NULL,NULL,NULL,NULL),(317,205,NULL,NULL,NULL,NULL),(317,207,NULL,NULL,NULL,NULL),(317,208,NULL,NULL,NULL,NULL),(318,156,NULL,NULL,NULL,NULL),(318,192,NULL,NULL,NULL,NULL),(318,194,NULL,NULL,NULL,NULL),(318,196,NULL,NULL,NULL,NULL),(318,198,NULL,NULL,NULL,NULL),(318,200,NULL,NULL,NULL,NULL),(318,202,NULL,NULL,NULL,NULL),(318,204,NULL,NULL,NULL,NULL),(318,206,NULL,NULL,NULL,NULL),(319,209,NULL,NULL,NULL,NULL),(319,211,NULL,NULL,NULL,NULL),(319,213,NULL,NULL,NULL,NULL),(319,215,NULL,NULL,NULL,NULL),(319,217,NULL,NULL,NULL,NULL),(319,219,NULL,NULL,NULL,NULL),(319,220,NULL,NULL,NULL,NULL),(319,223,NULL,NULL,NULL,NULL),(320,210,NULL,NULL,NULL,NULL),(320,212,NULL,NULL,NULL,NULL),(320,214,NULL,NULL,NULL,NULL),(320,216,NULL,NULL,NULL,NULL),(320,218,NULL,NULL,NULL,NULL),(320,219,NULL,NULL,NULL,NULL),(320,221,NULL,NULL,NULL,NULL),(320,222,NULL,NULL,NULL,NULL),(321,1,NULL,NULL,NULL,NULL),(321,57,NULL,NULL,NULL,NULL),(321,58,NULL,NULL,NULL,NULL),(321,148,NULL,NULL,NULL,NULL),(321,149,NULL,NULL,NULL,NULL),(321,162,NULL,NULL,NULL,NULL),(321,171,NULL,NULL,NULL,NULL),(321,173,NULL,NULL,NULL,NULL),(321,236,NULL,NULL,NULL,NULL),(321,238,NULL,NULL,NULL,NULL),(322,55,NULL,NULL,NULL,NULL),(322,56,NULL,NULL,NULL,NULL),(322,144,NULL,NULL,NULL,NULL),(322,145,NULL,NULL,NULL,NULL),(322,152,NULL,NULL,NULL,NULL),(322,153,NULL,NULL,NULL,NULL),(322,163,NULL,NULL,NULL,NULL),(322,172,NULL,NULL,NULL,NULL),(322,237,NULL,NULL,NULL,NULL),(322,239,NULL,NULL,NULL,NULL),(323,59,NULL,NULL,NULL,NULL),(323,61,NULL,NULL,NULL,NULL),(323,63,NULL,NULL,NULL,NULL),(323,64,NULL,NULL,NULL,NULL),(323,65,NULL,NULL,NULL,NULL),(323,67,NULL,NULL,NULL,NULL),(323,102,NULL,NULL,NULL,NULL),(323,106,NULL,NULL,NULL,NULL),(323,155,NULL,NULL,NULL,NULL),(323,158,NULL,NULL,NULL,NULL),(324,60,NULL,NULL,NULL,NULL),(324,62,NULL,NULL,NULL,NULL),(324,66,NULL,NULL,NULL,NULL),(324,103,NULL,NULL,NULL,NULL),(324,109,NULL,NULL,NULL,NULL),(324,110,NULL,NULL,NULL,NULL),(324,111,NULL,NULL,NULL,NULL),(324,157,NULL,NULL,NULL,NULL),(324,159,NULL,NULL,NULL,NULL),(324,164,NULL,NULL,NULL,NULL),(325,68,NULL,NULL,NULL,NULL),(325,70,NULL,NULL,NULL,NULL),(325,72,NULL,NULL,NULL,NULL),(325,74,NULL,NULL,NULL,NULL),(325,76,NULL,NULL,NULL,NULL),(325,78,NULL,NULL,NULL,NULL),(325,80,NULL,NULL,NULL,NULL),(325,82,NULL,NULL,NULL,NULL),(325,156,NULL,NULL,NULL,NULL),(326,69,NULL,NULL,NULL,NULL),(326,71,NULL,NULL,NULL,NULL),(326,73,NULL,NULL,NULL,NULL),(326,75,NULL,NULL,NULL,NULL),(326,77,NULL,NULL,NULL,NULL),(326,79,NULL,NULL,NULL,NULL),(326,81,NULL,NULL,NULL,NULL),(326,83,NULL,NULL,NULL,NULL),(327,84,NULL,NULL,NULL,NULL),(327,86,NULL,NULL,NULL,NULL),(327,88,NULL,NULL,NULL,NULL),(327,90,NULL,NULL,NULL,NULL),(327,92,NULL,NULL,NULL,NULL),(327,94,NULL,NULL,NULL,NULL),(327,95,NULL,NULL,NULL,NULL),(327,96,NULL,NULL,NULL,NULL),(327,98,NULL,NULL,NULL,NULL),(328,85,NULL,NULL,NULL,NULL),(328,87,NULL,NULL,NULL,NULL),(328,89,NULL,NULL,NULL,NULL),(328,91,NULL,NULL,NULL,NULL),(328,93,NULL,NULL,NULL,NULL),(328,97,NULL,NULL,NULL,NULL),(328,99,NULL,NULL,NULL,NULL),(329,55,NULL,NULL,NULL,NULL),(329,56,NULL,NULL,NULL,NULL),(329,144,NULL,NULL,NULL,NULL),(329,145,NULL,NULL,NULL,NULL),(329,152,NULL,NULL,NULL,NULL),(329,153,NULL,NULL,NULL,NULL),(329,162,NULL,NULL,NULL,NULL),(329,163,NULL,NULL,NULL,NULL),(329,172,NULL,NULL,NULL,NULL),(329,236,NULL,NULL,NULL,NULL),(329,237,NULL,NULL,NULL,NULL),(329,238,NULL,NULL,NULL,NULL),(330,1,NULL,NULL,NULL,NULL),(330,57,NULL,NULL,NULL,NULL),(330,58,NULL,NULL,NULL,NULL),(330,148,NULL,NULL,NULL,NULL),(330,149,NULL,NULL,NULL,NULL),(330,163,NULL,NULL,NULL,NULL),(330,171,NULL,NULL,NULL,NULL),(330,173,NULL,NULL,NULL,NULL),(330,237,NULL,NULL,NULL,NULL),(330,239,NULL,NULL,NULL,NULL),(331,2,NULL,NULL,NULL,NULL),(331,4,NULL,NULL,NULL,NULL),(331,6,NULL,NULL,NULL,NULL),(331,8,NULL,NULL,NULL,NULL),(331,10,NULL,NULL,NULL,NULL),(331,12,NULL,NULL,NULL,NULL),(331,14,NULL,NULL,NULL,NULL),(331,16,NULL,NULL,NULL,NULL),(331,18,NULL,NULL,NULL,NULL),(332,3,NULL,NULL,NULL,NULL),(332,5,NULL,NULL,NULL,NULL),(332,7,NULL,NULL,NULL,NULL),(332,9,NULL,NULL,NULL,NULL),(332,11,NULL,NULL,NULL,NULL),(332,13,NULL,NULL,NULL,NULL),(332,15,NULL,NULL,NULL,NULL),(332,17,NULL,NULL,NULL,NULL),(332,19,NULL,NULL,NULL,NULL),(333,20,NULL,NULL,NULL,NULL),(333,22,NULL,NULL,NULL,NULL),(333,24,NULL,NULL,NULL,NULL),(333,26,NULL,NULL,NULL,NULL),(333,28,NULL,NULL,NULL,NULL),(333,30,NULL,NULL,NULL,NULL),(333,32,NULL,NULL,NULL,NULL),(333,34,NULL,NULL,NULL,NULL),(333,36,NULL,NULL,NULL,NULL),(333,38,NULL,NULL,NULL,NULL),(334,21,NULL,NULL,NULL,NULL),(334,23,NULL,NULL,NULL,NULL),(334,25,NULL,NULL,NULL,NULL),(334,27,NULL,NULL,NULL,NULL),(334,29,NULL,NULL,NULL,NULL),(334,31,NULL,NULL,NULL,NULL),(334,33,NULL,NULL,NULL,NULL),(334,35,NULL,NULL,NULL,NULL),(334,37,NULL,NULL,NULL,NULL),(335,39,NULL,NULL,NULL,NULL),(335,41,NULL,NULL,NULL,NULL),(335,43,NULL,NULL,NULL,NULL),(335,45,NULL,NULL,NULL,NULL),(335,47,NULL,NULL,NULL,NULL),(335,49,NULL,NULL,NULL,NULL),(335,51,NULL,NULL,NULL,NULL),(335,53,NULL,NULL,NULL,NULL),(336,40,NULL,NULL,NULL,NULL),(336,42,NULL,NULL,NULL,NULL),(336,44,NULL,NULL,NULL,NULL),(336,46,NULL,NULL,NULL,NULL),(336,48,NULL,NULL,NULL,NULL),(336,50,NULL,NULL,NULL,NULL),(336,52,NULL,NULL,NULL,NULL),(336,54,NULL,NULL,NULL,NULL),(337,55,NULL,NULL,NULL,NULL),(337,56,NULL,NULL,NULL,NULL),(337,144,NULL,NULL,NULL,NULL),(337,145,NULL,NULL,NULL,NULL),(337,152,NULL,NULL,NULL,NULL),(337,153,NULL,NULL,NULL,NULL),(337,162,NULL,NULL,NULL,NULL),(337,163,NULL,NULL,NULL,NULL),(337,172,NULL,NULL,NULL,NULL),(337,236,NULL,NULL,NULL,NULL),(337,237,NULL,NULL,NULL,NULL),(337,238,NULL,NULL,NULL,NULL),(338,1,NULL,NULL,NULL,NULL),(338,57,NULL,NULL,NULL,NULL),(338,58,NULL,NULL,NULL,NULL),(338,148,NULL,NULL,NULL,NULL),(338,149,NULL,NULL,NULL,NULL),(338,163,NULL,NULL,NULL,NULL),(338,171,NULL,NULL,NULL,NULL),(338,173,NULL,NULL,NULL,NULL),(338,237,NULL,NULL,NULL,NULL),(338,239,NULL,NULL,NULL,NULL),(339,61,NULL,NULL,NULL,NULL),(339,67,NULL,NULL,NULL,NULL),(339,100,NULL,NULL,NULL,NULL),(339,102,NULL,NULL,NULL,NULL),(339,104,NULL,NULL,NULL,NULL),(339,106,NULL,NULL,NULL,NULL),(339,146,NULL,NULL,NULL,NULL),(339,150,NULL,NULL,NULL,NULL),(339,151,NULL,NULL,NULL,NULL),(339,164,NULL,NULL,NULL,NULL),(340,101,NULL,NULL,NULL,NULL),(340,103,NULL,NULL,NULL,NULL),(340,105,NULL,NULL,NULL,NULL),(340,107,NULL,NULL,NULL,NULL),(340,108,NULL,NULL,NULL,NULL),(340,147,NULL,NULL,NULL,NULL),(340,154,NULL,NULL,NULL,NULL),(340,160,NULL,NULL,NULL,NULL),(340,161,NULL,NULL,NULL,NULL),(341,112,NULL,NULL,NULL,NULL),(341,114,NULL,NULL,NULL,NULL),(341,116,NULL,NULL,NULL,NULL),(341,118,NULL,NULL,NULL,NULL),(341,120,NULL,NULL,NULL,NULL),(341,122,NULL,NULL,NULL,NULL),(341,124,NULL,NULL,NULL,NULL),(341,126,NULL,NULL,NULL,NULL),(342,113,NULL,NULL,NULL,NULL),(342,115,NULL,NULL,NULL,NULL),(342,117,NULL,NULL,NULL,NULL),(342,119,NULL,NULL,NULL,NULL),(342,121,NULL,NULL,NULL,NULL),(342,123,NULL,NULL,NULL,NULL),(342,125,NULL,NULL,NULL,NULL),(342,127,NULL,NULL,NULL,NULL),(342,156,NULL,NULL,NULL,NULL),(343,128,NULL,NULL,NULL,NULL),(343,130,NULL,NULL,NULL,NULL),(343,132,NULL,NULL,NULL,NULL),(343,134,NULL,NULL,NULL,NULL),(343,136,NULL,NULL,NULL,NULL),(343,140,NULL,NULL,NULL,NULL),(343,142,NULL,NULL,NULL,NULL),(344,129,NULL,NULL,NULL,NULL),(344,131,NULL,NULL,NULL,NULL),(344,133,NULL,NULL,NULL,NULL),(344,135,NULL,NULL,NULL,NULL),(344,137,NULL,NULL,NULL,NULL),(344,138,NULL,NULL,NULL,NULL),(344,139,NULL,NULL,NULL,NULL),(344,141,NULL,NULL,NULL,NULL),(344,143,NULL,NULL,NULL,NULL),(345,1,NULL,NULL,NULL,NULL),(345,57,NULL,NULL,NULL,NULL),(345,58,NULL,NULL,NULL,NULL),(345,148,NULL,NULL,NULL,NULL),(345,162,NULL,NULL,NULL,NULL),(345,170,NULL,NULL,NULL,NULL),(345,171,NULL,NULL,NULL,NULL),(345,172,NULL,NULL,NULL,NULL),(345,173,NULL,NULL,NULL,NULL),(345,174,NULL,NULL,NULL,NULL),(345,236,NULL,NULL,NULL,NULL),(345,238,NULL,NULL,NULL,NULL),(346,55,NULL,NULL,NULL,NULL),(346,56,NULL,NULL,NULL,NULL),(346,144,NULL,NULL,NULL,NULL),(346,145,NULL,NULL,NULL,NULL),(346,152,NULL,NULL,NULL,NULL),(346,153,NULL,NULL,NULL,NULL),(346,163,NULL,NULL,NULL,NULL),(346,172,NULL,NULL,NULL,NULL),(346,237,NULL,NULL,NULL,NULL),(346,239,NULL,NULL,NULL,NULL),(347,154,NULL,NULL,NULL,NULL),(347,175,NULL,NULL,NULL,NULL),(347,177,NULL,NULL,NULL,NULL),(347,179,NULL,NULL,NULL,NULL),(347,181,NULL,NULL,NULL,NULL),(347,183,NULL,NULL,NULL,NULL),(347,185,NULL,NULL,NULL,NULL),(347,187,NULL,NULL,NULL,NULL),(347,189,NULL,NULL,NULL,NULL),(348,164,NULL,NULL,NULL,NULL),(348,176,NULL,NULL,NULL,NULL),(348,178,NULL,NULL,NULL,NULL),(348,180,NULL,NULL,NULL,NULL),(348,182,NULL,NULL,NULL,NULL),(348,184,NULL,NULL,NULL,NULL),(348,186,NULL,NULL,NULL,NULL),(348,188,NULL,NULL,NULL,NULL),(348,190,NULL,NULL,NULL,NULL),(349,191,NULL,NULL,NULL,NULL),(349,193,NULL,NULL,NULL,NULL),(349,195,NULL,NULL,NULL,NULL),(349,197,NULL,NULL,NULL,NULL),(349,199,NULL,NULL,NULL,NULL),(349,201,NULL,NULL,NULL,NULL),(349,203,NULL,NULL,NULL,NULL),(349,205,NULL,NULL,NULL,NULL),(349,207,NULL,NULL,NULL,NULL),(349,208,NULL,NULL,NULL,NULL),(350,156,NULL,NULL,NULL,NULL),(350,192,NULL,NULL,NULL,NULL),(350,194,NULL,NULL,NULL,NULL),(350,196,NULL,NULL,NULL,NULL),(350,198,NULL,NULL,NULL,NULL),(350,200,NULL,NULL,NULL,NULL),(350,202,NULL,NULL,NULL,NULL),(350,204,NULL,NULL,NULL,NULL),(350,206,NULL,NULL,NULL,NULL),(351,209,NULL,NULL,NULL,NULL),(351,211,NULL,NULL,NULL,NULL),(351,213,NULL,NULL,NULL,NULL),(351,215,NULL,NULL,NULL,NULL),(351,217,NULL,NULL,NULL,NULL),(351,219,NULL,NULL,NULL,NULL),(351,220,NULL,NULL,NULL,NULL),(351,223,NULL,NULL,NULL,NULL),(352,210,NULL,NULL,NULL,NULL),(352,212,NULL,NULL,NULL,NULL),(352,214,NULL,NULL,NULL,NULL),(352,216,NULL,NULL,NULL,NULL),(352,218,NULL,NULL,NULL,NULL),(352,219,NULL,NULL,NULL,NULL),(352,221,NULL,NULL,NULL,NULL),(352,222,NULL,NULL,NULL,NULL);

/*Data for the table `competitive_exam` */

insert  into `competitive_exam`(`exam_id`,`name`,`abbreviation`) values (1,'AIEEE','AIEEE'),(2,'LEET','LEET'),(3,'GATE','GATE');

/*Data for the table `configs` */

/*Data for the table `country` */

/*Data for the table `diploma` */

/*Data for the table `discipline` */

insert  into `discipline`(`discipline_id`,`discipline_name`) values ('BT','BT'),('CSE','CSE'),('DIPLOMA','DIPLOMA'),('ECE','ECE'),('MECH','MECH'),('MEDICAL','MEDICAL');

/*Data for the table `dmc` */

/*Data for the table `dmc_info` */

/*Data for the table `dmc_marks` */

/*Data for the table `internal_marks` */

/*Data for the table `matric` */

/*Data for the table `member_qualification` */

/*Data for the table `members` */

/*Data for the table `mod_action` */

insert  into `mod_action`(`module_id`,`controller_id`,`action_id`) values ('academic','batch','aclconfig'),('academic','batch','getbatchids'),('academic','batch','getbatchinfo'),('academic','batch','index'),('academic','batch','savebatch'),('academic','batch','viewbatchinfo'),('academic','class','aclconfig'),('academic','class','addclass'),('academic','class','getclassids'),('academic','class','getclassinfo'),('academic','class','index'),('academic','class','saveclass'),('academic','class','viewclassinfo'),('academic','index','index'),('academic','search','index'),('academic','search','search'),('academic','student','aclconfig'),('academic','student','adddmc'),('academic','student','collectexportabledata'),('academic','student','createprofile'),('academic','student','editaieeeinfo'),('academic','student','editbtechinfo'),('academic','student','editdiplomainfo'),('academic','student','editdmc'),('academic','student','editdmcinfo'),('academic','student','editdmcsubjectmarks'),('academic','student','editgateinfo'),('academic','student','editleetinfo'),('academic','student','editmatricinfo'),('academic','student','editmtechinfo'),('academic','student','edittwelfthinfo'),('academic','student','fetchacademicinfo'),('academic','student','fetchcriticalinfo'),('academic','student','fetchdmcinfoids'),('academic','student','fetchsubjectdmc'),('academic','student','fetchsubjects'),('academic','student','index'),('academic','student','memberidcheck'),('academic','student','profile'),('academic','student','register'),('academic','student','saveaieeeinfo'),('academic','student','savebtechinfo'),('academic','student','savediplomainfo'),('academic','student','savedmc'),('academic','student','savedmcinfo'),('academic','student','savedmcsubjectmarks'),('academic','student','savegateinfo'),('academic','student','saveleetinfo'),('academic','student','savematricinfo'),('academic','student','savemtechinfo'),('academic','student','savetwelfthinfo'),('academic','student','viewaieeeinfo'),('academic','student','viewbtechinfo'),('academic','student','viewdiplomainfo'),('academic','student','viewdmc'),('academic','student','viewdmcinfo'),('academic','student','viewdmcsubjectmarks'),('academic','student','viewgateinfo'),('academic','student','viewleetinfo'),('academic','student','viewmatricinfo'),('academic','student','viewmtechinfo'),('academic','student','viewtwelfthinfo');

/*Data for the table `mod_controller` */

insert  into `mod_controller`(`module_id`,`controller_id`) values ('academic','batch'),('academic','class'),('academic','index'),('academic','search'),('academic','student');

/*Data for the table `mod_role` */

insert  into `mod_role`(`role_id`,`role_name`) values ('guest','guest'),('student','student');

/*Data for the table `mod_role_resource` */

insert  into `mod_role_resource`(`role_id`,`action_id`,`controller_id`,`module_id`) values ('student','aclconfig','batch','academic'),('student','aclconfig','class','academic'),('student','aclconfig','student','academic'),('student','addclass','class','academic'),('student','adddmc','student','academic'),('student','collectexportabledata','student','academic'),('student','createprofile','student','academic'),('student','editaieeeinfo','student','academic'),('student','editbtechinfo','student','academic'),('student','editdiplomainfo','student','academic'),('student','editdmc','student','academic'),('student','editdmcinfo','student','academic'),('student','editdmcsubjectmarks','student','academic'),('student','editgateinfo','student','academic'),('student','editleetinfo','student','academic'),('student','editmatricinfo','student','academic'),('student','editmtechinfo','student','academic'),('student','edittwelfthinfo','student','academic'),('student','fetchacademicinfo','student','academic'),('student','fetchcriticalinfo','student','academic'),('student','fetchdmcinfoids','student','academic'),('student','fetchsubjectdmc','student','academic'),('student','fetchsubjects','student','academic'),('student','getbatchids','batch','academic'),('student','getbatchinfo','batch','academic'),('student','getclassids','class','academic'),('student','getclassinfo','class','academic'),('student','index','batch','academic'),('student','index','class','academic'),('student','index','index','academic'),('student','index','search','academic'),('student','index','student','academic'),('student','memberidcheck','student','academic'),('student','profile','student','academic'),('student','register','student','academic'),('student','saveaieeeinfo','student','academic'),('student','savebatch','batch','academic'),('student','savebtechinfo','student','academic'),('student','saveclass','class','academic'),('student','savediplomainfo','student','academic'),('student','savedmc','student','academic'),('student','savedmcinfo','student','academic'),('student','savedmcsubjectmarks','student','academic'),('student','savegateinfo','student','academic'),('student','saveleetinfo','student','academic'),('student','savematricinfo','student','academic'),('student','savemtechinfo','student','academic'),('student','savetwelfthinfo','student','academic'),('student','search','search','academic'),('student','viewaieeeinfo','student','academic'),('student','viewbatchinfo','batch','academic'),('student','viewbtechinfo','student','academic'),('student','viewclassinfo','class','academic'),('student','viewdiplomainfo','student','academic'),('student','viewdmc','student','academic'),('student','viewdmcinfo','student','academic'),('student','viewdmcsubjectmarks','student','academic'),('student','viewgateinfo','student','academic'),('student','viewleetinfo','student','academic'),('student','viewmatricinfo','student','academic'),('student','viewmtechinfo','student','academic'),('student','viewtwelfthinfo','student','academic');

/*Data for the table `module` */

insert  into `module`(`module_id`) values ('academic');

/*Data for the table `mtech` */

/*Data for the table `no_attendance_purpose` */

/*Data for the table `no_attendanceday` */

/*Data for the table `period` */

/*Data for the table `period_attendance` */

/*Data for the table `period_attendance2` */

/*Data for the table `period_info` */

/*Data for the table `period_type` */

/*Data for the table `qualification` */

insert  into `qualification`(`qualification_id`,`qualification_name`) values (4,'BTECH'),(3,'DIPLOMA'),(1,'MATRIC'),(5,'MTECH'),(2,'TWELFTH');

/*Data for the table `result_type` */

insert  into `result_type`(`result_type_id`,`result_type_name`) values (1,'regular_pass'),(2,'re_appear_fail'),(3,'re_evaluation_pass'),(4,'regular_fail'),(5,'re_appear_pass'),(6,'re_appear_fail');

/*Data for the table `semester_degree` */

/*Data for the table `state` */

/*Data for the table `student_academic` */

/*Data for the table `student_attendance` */

/*Data for the table `student_attendance2` */

/*Data for the table `student_class` */

/*Data for the table `student_competitive_exam` */

/*Data for the table `student_subject` */

/*Data for the table `subject` */

insert  into `subject`(`subject_id`,`subject_code`,`abbr`,`subject_name`,`subject_type_id`,`is_optional`,`lecture_per_week`,`tutorial_per_week`,`practical_per_week`,`suggested_duration`) values (1,'BT-101E','IBT','Introduction to biotechnology','TH',0,0,0,0,1),(2,'BTT-201E','','Cell Biology','TH',0,0,0,0,1),(3,'BTT-202E','MOL l','MOLECULAR BIOLOGY','TH',0,4,1,0,1),(4,'BTT-203E','','Microbiology','TH',0,0,0,0,1),(5,'BTT-204E','IMMUNO','IMMUNOLOGY','TH',0,3,1,0,1),(6,'BTT-205E','','Biochemistry','TH',0,0,0,0,1),(7,'BTT-206E','BAT','BIOANALYTICAL TECHNOLOGY','TH',0,3,1,0,1),(8,'BTT-207E','','Genetics','TH',0,0,0,0,1),(9,'BTT-208E','IND MICRO','INDUSTRIAL MICROBIOLOGY','TH',0,3,1,0,1),(10,'BTT-209E','','Organic Chemistry','TH',0,0,0,0,1),(11,'BTT-210E','THERMO','THERMODYNAMICS OF BIOPROCESSES','TH',0,3,1,0,1),(12,'BTT-211E','','Cell Biology & Genetics Lab','PR',0,0,0,0,1),(13,'BTT-212E','MOLL','MOLECULAR BIOLOGY LAB','PR',0,0,0,1,4),(14,'BTT-213E','','Microbiology Lab ','PR',0,0,0,0,1),(15,'BTT-214E','IMMUNO LAB','IMMUNOLOGY LAB','PR',0,0,0,1,3),(16,'BTT-215E','','Biochemistry Lab','PR',0,0,0,0,1),(17,'BTT-216E','BAT L','BIOANALYTICAL TECH. LAB','PR',0,0,0,1,3),(18,'BTT-217E','','Organic Chemistry Lab','PR',0,0,0,0,1),(19,'BTT-218E','IND.MICRO','INDUSTRIAL MICROBIOLOGY LAB','PR',0,0,0,1,4),(20,'BTT-301E','','Recombinant DNA Technology','TH',0,0,0,0,1),(21,'BTT-302E','MBT','MICROBIAL BIOTECH','TH',0,3,1,0,1),(22,'BTT-303E','','Bioreactor Analysis & Design','TH',0,0,0,0,1),(23,'BTT-304E','PBT','PLANT BIOTECH','TH',0,3,1,0,1),(24,'BTT-305E','','Bioprocess Engineering','TH',0,0,0,0,1),(25,'BTT-306E','ABT','ANIMAL BIOTECH','TH',0,3,1,0,1),(26,'BTT-307E','','Downstream Processing','TH',0,0,0,0,1),(27,'BTT-308E','HBT','HEALTH BIOTECH','TH',0,3,1,0,1),(28,'BTT-309E','','Diagnostic Techniques','TH',0,0,0,0,1),(29,'BTT-310E','EBT','ENVIRONMENT BIOTECH','TH',0,3,1,0,1),(30,'BTT-311E','','Biostatistics & Computer App.','TH',0,0,0,0,1),(31,'BTT-312E','FBT','FOOD BIOTECH','TH',0,3,1,0,1),(32,'BTT-313E','','Recombinant DNA Technology Lab','PR',0,0,0,0,1),(33,'BTT-314E','TISSUE CUL','CELL & TISSUE CULTURE LAB','PR',0,0,0,1,4),(34,'BTT-315E','','Fermentation Downstream Processing Lab','PR',0,0,0,0,1),(35,'BTT-316E','HBT L','HEALTH BIOTECH LAB','PR',0,0,0,1,3),(36,'BTT-317E','','Diagnostic Tech. & Biostats. Lab','PR',0,0,0,0,1),(37,'BTT-318E','FBT L','MICROBIAL , FOOD, ENVIRON BT L','PR',0,0,0,1,4),(38,'BTT-319E','','Training Evaluation(Viva-voce)','VV',0,0,0,0,1),(39,'BTT-401E','','Bioinformatics','TH',0,0,0,0,1),(40,'BTT-402E','BIOETHICS','BIOETHICS & BIOSAFETY','TH',0,4,1,0,1),(41,'BTT-403E','','Stem Cell in Healthcare','TH',0,0,0,0,1),(42,'BTT-404E','MGMT','PRINCIPLES OF MANAGEMENT','TH',0,4,1,0,1),(43,'BTT-405E','','Essentials of Virology','TH',0,0,0,0,1),(44,'BTT-406E','COMM SKILLS','COMMUNICATION SKILLS IN ENG.','TH',0,3,0,0,1),(45,'BTT-407E','','Intellectual Property Rights in Biotech','TH',0,0,0,0,1),(46,'BTT-408E','AD BT L','ADVANCED TECH. IN BT L','PR',0,0,0,1,3),(47,'BTT-409E','','Bioinformatics Lab','PR',0,0,0,0,1),(48,'BTT-410E','SEMINAR','SEMINAR','PR',0,2,0,0,1),(49,'BTT-411E','','Training Evaluation(Viva-voce)','VV',0,0,0,0,1),(50,'BTT-412E','GP','GENERAL PROFICIENCY','PR',0,0,0,0,1),(51,'BTT-413E','','Minor Project','PR',0,0,0,0,1),(52,'BTT-414E','M PROJ','MAJOR PROJECT','PR',0,0,0,0,1),(53,'BTT-421E','','Pharma ceutical Biotechnology','TH',0,0,0,0,1),(54,'BTT-424E','HGP','HUMAN GENETICS & GENOMICS','TH',1,4,1,0,1),(55,'CH-101E','Chemistry','Chemistry','TH',0,0,0,0,1),(56,'CH-103E','Chemistry lab','Chemistry lab','PR',0,0,0,0,1),(57,'CSE-101E','FOCP','Fundamentals of comuter programming','TH',0,0,0,0,1),(58,'CSE-103E','programming lab','programming lab','PR',0,0,0,0,1),(59,'CSE-201E','DBMS','DATABASE MANAGEMENT SYSTEMS','TH',0,0,0,0,1),(60,'CSE-202E','CAO','COMPUTER ARCHITECTURE AND ORGANIZATION','TH',0,3,1,0,1),(61,'CSE-203E','DS','DATA STRUCTURES','TH',0,0,0,0,1),(62,'CSE-204E','PL','PROGRAMMING LANGUAGES','TH',0,3,1,0,1),(63,'CSE-205E','DIS','DISCRETE STRUCTURE','TH',0,0,0,0,1),(64,'CSE-207E','IF','INTERNET FUNDAMENTALS','TH',0,0,0,0,1),(65,'CSE-209E','DBMS LAB','DBMS LAB','PR',0,0,0,0,3),(66,'CSE-210','GP','GP','SEM',1,0,1,0,1),(67,'CSE-211E','DS LAB','DATA STRUCTURES LAB','PR',0,0,0,0,3),(68,'CSE-301','DAA ','DESIGN AND ANALYSIS OF ALGORITHMS','TH',0,0,0,0,1),(69,'CSE-302','MC','MOBILE COMPUTING','TH',0,4,2,0,1),(70,'CSE-303','CN','COMPUTER NETWORKS','TH',0,0,0,0,1),(71,'CSE-304','CHT','COMPUTER HARDWARE TECHNOLOGIES','TH',0,4,1,0,1),(72,'CSE-305','AT','AUTOMATA THEORY','TH',0,0,0,0,1),(73,'CSE-306','NMS','NETWORK MANAGEMENT AND SECURITY','TH',0,4,1,0,1),(74,'CSE-307','OS','OPERATING SYSTEMS','TH',0,0,0,0,1),(75,'CSE-308','SE','SOFTWARE ENGINEERING','TH',0,4,1,0,1),(76,'CSE-311','ATL','ADVANCED TECHNOLOGIES LAB','PR',0,0,0,0,3),(77,'CSE-312','CHT LAB','COMPUTER HARDWARE TECHNOLOGIES LAB','PR',0,0,0,3,3),(78,'CSE-313','OS LAB','OPERATINGS SYSTEMS LAB','PR',0,0,0,0,3),(79,'CSE-314','MC LAB','MOBILE COMPUTING LAB','PR',0,0,0,3,3),(80,'CSE-315','DAA LAB','ALGORITHMS DESIGN LAB','PR',0,0,0,0,3),(81,'CSE-316','SE LAB','SOFTWARE ENGINEERING LAB','PR',0,0,0,3,3),(82,'CSE-317','SMR','Seminar','SEM',0,0,1,0,2),(83,'CSE-324','ADS','ADVANCED DATABASE SYSTEMS','TH',1,3,2,0,1),(84,'CSE-401','CD','COMPILER DESIGN','TH',0,0,0,0,1),(85,'CSE-402','NNFL ','NEURAL NETWORKS AND FUZZY LOGIC','TH',0,4,1,0,1),(86,'CSE-403','WE','WEB ENGINEERING','TH',0,0,0,0,1),(87,'CSE-404','ICG','INTERACTIVE COMPUTER GRAPHICS','TH',0,4,1,0,1),(88,'CSE-405','SMCS','STATISTICAL MODELS FOR COMPUTER SCIENCE','TH',0,0,0,0,1),(89,'CSE-406','NNFL LAB','NEURAL NETWORKS LAB','PR',0,0,0,3,3),(90,'CSE-407','ULP LAB','UNIX LINUX PROGRAMMING','PR',0,0,0,1,3),(91,'CSE-408','MP','MAJOR PROJECT','PR',0,0,0,4,3),(92,'CSE-409','WE PR','WEB ENGINEERING LAB','PR',0,0,0,0,3),(93,'CSE-410','SEM','SEMINAR','TH',0,1,0,1,1),(94,'CSE-411','Minor Projet','Minor Project','PR',0,0,0,1,3),(95,'CSE-413','SMR','Seminar','SEM',0,2,1,0,1),(96,'CSE-445','AI','ARTIFICIAL INTELLIGENCE','TH',0,0,0,0,1),(97,'CSE-446','ES','EXPERT SYSTEMS','TH',1,3,1,0,1),(98,'CSE-471','ULP','UNIX LINUX PROGRAMMING','TH',0,0,0,0,1),(99,'CSE-474','SM','SIMULATION AND MODELLING','TH',1,3,1,0,1),(100,'ECE-201E','SDC','Semiconductor Devices & Circuits','TH',0,0,0,0,1),(101,'ECE-202E','EIM','Electronics instrumentation & measurment','TH',0,3,1,0,1),(102,'ECE-203E','AC','ANALOG COMMUNICATIONS','TH',0,0,0,0,1),(103,'ECE-204E','DE','DIGITAL ELECTRONICS','TH',0,3,1,0,1),(104,'ECE-205E','SDC LAB','Semiconductor Devices & Circuits Lab','PR',0,0,0,0,1),(105,'ECE-206E','F&W','FIELD & WAVE','TH',0,3,1,0,1),(106,'ECE-207E','AC LAB','ANALOG COMMUNICATIONS LAB','PR',0,0,0,0,3),(107,'ECE-208E','EIM LAB','Electronics measurment LAB','PR',0,0,0,3,3),(108,'ECE-210E','DE LAB','DIGITAL ELECTRONICS LAB','PR',0,0,0,3,3),(109,'ECE-212E','DE LAB','DIGITAL ELECTRONICS LAB','PR',0,0,0,1,3),(110,'ECE-216E','MP','MICROPROCESSORS AND INTERFACING','TH',0,3,1,0,1),(111,'ECE-218','MP LAB','MICROPROCESSORS AND INTERFACING LAB','PR',0,0,0,1,3),(112,'ECE-301E','AWP','Antenna And Wave Propagation','TH',0,0,0,0,1),(113,'ECE-302E','CSE','CONTROL SYSTEM ENGINEERING','TH',0,4,1,0,1),(114,'ECE-303E','CHD','Computer Hardware Design','TH',0,0,0,0,1),(115,'ECE-304E','VHDL','VHDL & DIGITAL DESIGN','TH',0,4,1,0,1),(116,'ECE-305E','ITC','Information Theory And Coding','TH',0,0,0,0,1),(117,'ECE-306E','DSP','DIGITAL SIGNA PROCESSING','TH',0,4,1,0,1),(118,'ECE-307E','LICA','Linear IC Applications','TH',0,0,0,0,1),(119,'ECE-308E','DC','DIGITAL COMMUNICATION','TH',0,4,1,0,1),(120,'ECE-309E','ME','Micro-Electronics','TH',0,0,0,0,1),(121,'ECE-310E','CCN','COMPUTER COMM. NETWORK','TH',0,4,1,0,1),(122,'ECE-311E','MP','Microprocessors & Interfacing','TH',0,0,0,0,1),(123,'ECE-312E','DC LAB','DIGITAL COMM. (PR.)','PR',0,0,0,3,3),(124,'ECE-313E','LICA LAB','Linear IC Practical','PR',0,0,0,0,1),(125,'ECE-314E','EDP','ELECTRONICS DESIGN (PR)','PR',0,0,0,3,3),(126,'ECE-315E','MP LAB','Microprocessors Practical','PR',0,0,0,0,1),(127,'ECE-316E','VHDL LAB','VHDL LAB','PR',0,0,0,3,3),(128,'ECE-401E','VLSI','VLSI Design','TH',0,0,0,0,1),(129,'ECE-402E','WMC','WIRELESS & MOBILE COMM.','TH',0,5,0,0,1),(130,'ECE-403E','TV','Television Engineering','TH',0,0,0,0,1),(131,'ECE-404E','RADAR','RADAR ENGINEERING','TH',0,4,1,0,1),(132,'ECE-405E','OC','Optical Communication ','TH',0,0,0,0,1),(133,'ECE-406E','MMC','MULTIMEDIA COMM.','TH',0,3,1,0,1),(134,'ECE-407E','MW','Microwave Engineering','TH',0,0,0,0,1),(135,'ECE-408E','MW(PR)','MICROWAVE PR.','PR',0,0,0,3,3),(136,'ECE-409E','DSP PR','Digital Signal Processing Practical','PR',0,0,0,0,1),(137,'ECE-410E','AV LAB','AUDIO VISUAL ELECTRONICS (PR)','PR',0,0,0,3,3),(138,'ECE-412E','MP','MAJOR PROJECT','PR',0,0,0,1,4),(139,'ECE-414E','SEM','SEMINAR','TH',0,0,0,2,2),(140,'ECE-415E','MC','Microcontrollers','TH',0,0,0,0,1),(141,'ECE-424E','EMB','EMBEDDED SYSTEM DS.','TH',1,3,1,0,1),(142,'ECE-425E','AI','Artificial Intelligence And Expert Systems','TH',0,0,0,0,1),(143,'ECE-426E','NFS','NEURO FUZZY SYSTEM','TH',1,4,1,0,1),(144,'EE-101E','Electrical','Electrical','TH',0,3,1,0,1),(145,'EE-103E','ET lab','Electrical lab','PR',0,0,0,0,1),(146,'EE-203E','NAS','Network Analysis & Synthesis','TH',0,0,0,0,1),(147,'EE-208E','S&S','SIGNAL & SYSTEM','TH',0,3,1,0,1),(148,'EL-101E','Electronics','Elements of Electronics','TH',0,3,1,0,1),(149,'EL-109E','ECT-lab','ECT-lab','PR',0,0,0,0,1),(150,'ELE-201E','EMEC','Electromechanical Energy Conversion','TH',0,0,0,0,1),(151,'ELE-203E','EM LAB','Electrical Machines Lab','PR',0,0,0,0,1),(152,'ES-101E','EVS','Environmental Studies','TH',0,0,0,0,1),(153,'HUM-101E','English','Communication skills in english','TH',0,0,0,0,1),(154,'HUM-201E','BM','Basics of Economics and Management','TH',1,3,1,0,1),(155,'HUM-210E','BEM','BUSINESS MANAGEMNT','TH',0,3,1,0,1),(156,'HUT-302E','FOM','FUNDAMENTAL OF MANAGMENT','TH',0,4,1,0,1),(157,'IT-252E','OOPS','OBJECT ORIENTED PROGRAMMING USING C++','TH',0,3,1,0,1),(158,'IT-253E','IF LAB','INTERNET FUNDAMENTALS LAB','PR',0,0,0,0,3),(159,'IT-256E','C++ LAB','C++ PROGRAMMING LAB','PR',0,0,0,1,3),(160,'MAT-204E','CT','Computational Techniques','TH',0,3,1,0,1),(161,'MAT-206E','CT LAB','Computational Techniques LAB','PR',0,0,0,3,3),(162,'MATH-101E','MATH I','Math I','TH',0,4,1,0,1),(163,'MATH-102E','Math II','Math II','TH',0,4,1,0,1),(164,'MATH-201E','Math III','Math III','TH',0,4,1,0,1),(165,'MBT-101E','','Genomics and Proteomics','TH',0,0,0,0,1),(166,'MBT-103E','','Biomaterials Technology','TH',0,0,0,0,1),(167,'MBT-105E','','Advances in Bioprocess Engg.','TH',0,0,0,0,1),(168,'MBT-107E','','Biodiversity & BioresourceTechnology','TH',0,0,0,0,1),(169,'MBT-109E','','Biophysical &Bioanalytical Lab','PR',0,0,0,0,1),(170,'ME-101E','EME','Elements of mechanical engg.','TH',0,0,0,0,1),(171,'ME-103E','MP','Manufacturing processes','TH',0,0,0,0,1),(172,'ME-105E','ED Lab','Engg. graphics','PR',0,0,0,0,1),(173,'ME-107E','W/S','Workshop','PR',0,0,0,0,1),(174,'ME-109E','EME lab','EME-lab','PR',0,0,0,0,1),(175,'ME-201E','TD','Thermodynamics','TH',0,0,0,0,1),(176,'ME-202E','PT-II','Production Technology','TH',0,3,1,0,1),(177,'ME-203E','SM','Strength of Materials','TH',0,0,0,0,1),(178,'ME-204E','MS','Material Science','TH',0,4,0,0,1),(179,'ME-205E','MC DRG','Machine Drawing','PR',0,0,0,1,3),(180,'ME-206E','SOM-II','Strength of Materials','TH',0,3,1,0,1),(181,'ME-207E','KOM','Kinematics of Machines','TH',0,0,0,0,1),(182,'ME-208E','FM','Fluid Mechanics','TH',0,3,1,0,1),(183,'ME-209E','PR-1','Production Technology-1','TH',0,0,0,0,1),(184,'ME-210E','DOM','Dynamics of Machine','TH',0,3,1,0,1),(185,'ME-211E','KOMLAB','Kinematics of Machines Lab','PR',0,0,0,0,1),(186,'ME-212E','PT-LAB','Production Technology','PR',0,0,0,3,3),(187,'ME-213E','TD LAB','Thermodynamics Lab','PR',0,0,0,0,1),(188,'ME-214E','FM-LAB','Fluid Mechanics','PR',0,0,0,3,3),(189,'ME-215E','SM','Strength of Materials Lab','PR',0,0,0,0,1),(190,'ME-216E','DOM-LAB','Dynamics of Machine','PR',0,0,0,3,3),(191,'ME-301E','ICEGT','IC Engines& Gas Turbines','TH',0,0,0,0,1),(192,'ME-302E','RAC','Rafrigeration & Air Conditioning','TH',0,3,1,0,1),(193,'ME-303E','FM','Fluid Machines','TH',0,0,0,0,1),(194,'ME-304E','T','Tribology','TH',0,3,1,0,1),(195,'ME-305E','HT','Heat Transfer','TH',0,0,0,0,1),(196,'ME-306E','MV','Mechanical Vibration','TH',0,3,1,0,1),(197,'ME-307E','IE','Industrial Engineering','TH',0,0,0,0,1),(198,'ME-308E','CADCAM','Computer aided design & mfng','TH',0,4,1,0,1),(199,'ME-309E','MD','Machine Design','TH',0,0,0,0,1),(200,'ME-310E','MD-II','Machine Design','TH',0,2,0,6,3),(201,'ME-311E','SGP','Steam Generation & Power','TH',0,0,0,0,1),(202,'ME-312E','RAC-LAB','Rafrigeration & Air Conditioning','PR',0,0,0,0,3),(203,'ME-313E','TENGG','Thermal Engg Pr','PR',0,0,0,0,1),(204,'ME-314E','T&MV-LAB','Tribology & Mechanical Vibration','PR',0,0,0,2,2),(205,'ME-315E','FM PR','Fluid Machines PR','PR',0,0,0,0,1),(206,'ME-316E','CAD-LAB','Computer aided design & mfng','PR',0,0,0,2,2),(207,'ME-317E','HT PR','Heat Transfer PR','PR',0,0,0,0,1),(208,'ME-319E','IE PR','Industrial Engineering PR','PR',0,0,0,0,1),(209,'ME-401E','AE','Automobile Engineering','TH',0,0,0,0,1),(210,'ME-402E','ENT','Entrepreneurship','TH',0,3,1,0,1),(211,'ME-403E','M&C','Measurement & Control','TH',0,0,0,0,1),(212,'ME-404E','PPE','Power Plant Engineering','TH',0,4,1,0,1),(213,'ME-405E','SQCR','Statistical Quality Control &Reliability','TH',0,0,0,0,1),(214,'ME-406E','OR','Operation Research','TH',0,3,1,0,1),(215,'ME-407E','MPR','Measurement PR','PR',0,0,0,0,1),(216,'ME-408E','ENT-PR','Entrepreneurship','PR',0,0,0,2,2),(217,'ME-409E','P1 CO.','Project-1 Co-ordination','PR',0,0,0,0,1),(218,'ME-410E','PR-II','Project-II','PR',0,0,0,3,3),(219,'ME-411E','SEM','Seminar','TH',0,0,0,2,2),(220,'ME-419E','ADV MT','Advanced Mfg Technology','TH',0,0,0,0,1),(221,'ME-420E','NCM','Non-Conventional Machining','TH',0,4,1,0,1),(222,'ME-432E','MIS','Management Information System','TH',0,3,1,0,1),(223,'ME-435','RER','Renewable Energy Resources','TH',0,0,0,0,1),(224,'ME-502','MECH','Mechatronics','TH',1,3,1,0,1),(225,'ME-504','AMT','Advance Manufacturing Technology','TH',1,3,1,0,1),(226,'ME-506','Tribo','Tribology','TH',0,3,1,0,1),(227,'ME-508','OT','Optimisation Techniques','TH',0,3,1,0,1),(228,'ME-510','PD','Product Design','TH',0,3,1,0,1),(229,'ME-512','OT&CP Lab','Optimisation Technique & Computer Programming Lab','PR',0,0,0,2,2),(230,'ME-514','Mech lab','Mechatronic Lab','PR',0,0,0,2,2),(231,'MTEC 1.1','DCS','Digital Communication Systems','TH',0,0,0,0,1),(232,'MTEC 1.2','DSP','Digital Signal Processing','TH',0,0,0,0,1),(233,'MTEC 1.3','BSVT','Basics of State Variable Techniques','TH',0,0,0,0,1),(234,'MTEC 1.4','SM','Stochastic Methods','TH',0,0,0,0,1),(235,'MTEC 1.5','COMM LAB','Communication Laboratory','PR',0,0,0,0,1),(236,'PHY-101E','Physics-1','Physics-1','TH',0,0,0,0,1),(237,'PHY-102E','Phy II','Physics II','TH',0,4,1,0,1),(238,'PHY-103E','Physics lab','Physics lab','PR',0,0,0,1,2),(239,'PHY-104E','Phy Lab','Physics Lab','PR',0,0,0,1,2);

/*Data for the table `subject_department` */

insert  into `subject_department`(`department_id`,`semester_id`,`degree_id`,`subject_code`) values ('BT',2,'BTECH','BT-101E'),('CSE',1,'BTECH','BT-101E'),('ECE',2,'BTECH','BT-101E'),('MECH',1,'BTECH','BT-101E'),('BT',3,'BTECH','BTT-201E'),('BT',4,'BTECH','BTT-202E'),('BT',3,'BTECH','BTT-203E'),('BT',4,'BTECH','BTT-204E'),('BT',3,'BTECH','BTT-205E'),('BT',4,'BTECH','BTT-206E'),('BT',3,'BTECH','BTT-207E'),('BT',4,'BTECH','BTT-208E'),('BT',3,'BTECH','BTT-209E'),('BT',4,'BTECH','BTT-210E'),('BT',3,'BTECH','BTT-211E'),('BT',4,'BTECH','BTT-212E'),('BT',3,'BTECH','BTT-213E'),('BT',4,'BTECH','BTT-214E'),('BT',3,'BTECH','BTT-215E'),('BT',4,'BTECH','BTT-216E'),('BT',3,'BTECH','BTT-217E'),('BT',4,'BTECH','BTT-218E'),('BT',5,'BTECH','BTT-301E'),('BT',6,'BTECH','BTT-302E'),('BT',5,'BTECH','BTT-303E'),('BT',6,'BTECH','BTT-304E'),('BT',5,'BTECH','BTT-305E'),('BT',6,'BTECH','BTT-306E'),('BT',5,'BTECH','BTT-307E'),('BT',6,'BTECH','BTT-308E'),('BT',5,'BTECH','BTT-309E'),('BT',6,'BTECH','BTT-310E'),('BT',5,'BTECH','BTT-311E'),('BT',6,'BTECH','BTT-312E'),('BT',5,'BTECH','BTT-313E'),('BT',6,'BTECH','BTT-314E'),('BT',5,'BTECH','BTT-315E'),('BT',6,'BTECH','BTT-316E'),('BT',5,'BTECH','BTT-317E'),('BT',6,'BTECH','BTT-318E'),('BT',5,'BTECH','BTT-319E'),('BT',7,'BTECH','BTT-401E'),('BT',8,'BTECH','BTT-402E'),('BT',7,'BTECH','BTT-403E'),('BT',8,'BTECH','BTT-404E'),('BT',7,'BTECH','BTT-405E'),('BT',8,'BTECH','BTT-406E'),('BT',7,'BTECH','BTT-407E'),('BT',8,'BTECH','BTT-408E'),('BT',7,'BTECH','BTT-409E'),('BT',8,'BTECH','BTT-410E'),('BT',7,'BTECH','BTT-411E'),('BT',8,'BTECH','BTT-412E'),('BT',7,'BTECH','BTT-413E'),('BT',8,'BTECH','BTT-414E'),('BT',7,'BTECH','BTT-421E'),('BT',8,'BTECH','BTT-424E'),('BT',1,'BTECH','CH-101E'),('CSE',2,'BTECH','CH-101E'),('ECE',1,'BTECH','CH-101E'),('MECH',2,'BTECH','CH-101E'),('BT',1,'BTECH','CH-103E'),('CSE',2,'BTECH','CH-103E'),('ECE',1,'BTECH','CH-103E'),('MECH',2,'BTECH','CH-103E'),('BT',2,'BTECH','CSE-101E'),('CSE',1,'BTECH','CSE-101E'),('ECE',2,'BTECH','CSE-101E'),('MECH',1,'BTECH','CSE-101E'),('BT',2,'BTECH','CSE-103E'),('CSE',1,'BTECH','CSE-103E'),('ECE',2,'BTECH','CSE-103E'),('MECH',1,'BTECH','CSE-103E'),('CSE',3,'BTECH','CSE-201E'),('CSE',4,'BTECH','CSE-202E'),('CSE',3,'BTECH','CSE-203E'),('ECE',3,'BTECH','CSE-203E'),('CSE',4,'BTECH','CSE-204E'),('CSE',3,'BTECH','CSE-205E'),('CSE',3,'BTECH','CSE-207E'),('CSE',3,'BTECH','CSE-209E'),('cse',4,'BTECH','CSE-210'),('CSE',3,'BTECH','CSE-211E'),('ECE',3,'BTECH','CSE-211E'),('CSE',5,'BTECH','CSE-301'),('CSE',6,'BTECH','CSE-302'),('CSE',5,'BTECH','CSE-303'),('CSE',6,'BTECH','CSE-304'),('CSE',5,'BTECH','CSE-305'),('CSE',6,'BTECH','CSE-306'),('CSE',5,'BTECH','CSE-307'),('CSE',6,'BTECH','CSE-308'),('CSE',5,'BTECH','CSE-311'),('CSE',6,'BTECH','CSE-312'),('CSE',5,'BTECH','CSE-313'),('CSE',6,'BTECH','CSE-314'),('CSE',5,'BTECH','CSE-315'),('CSE',6,'BTECH','CSE-316'),('CSE',5,'BTECH','CSE-317'),('CSE',6,'BTECH','CSE-324'),('CSE',7,'BTECH','CSE-401'),('CSE',8,'BTECH','CSE-402'),('CSE',7,'BTECH','CSE-403'),('CSE',8,'BTECH','CSE-404'),('CSE',7,'BTECH','CSE-405'),('CSE',8,'BTECH','CSE-406'),('CSE',7,'BTECH','CSE-407'),('CSE',8,'BTECH','CSE-408'),('CSE',7,'BTECH','CSE-409'),('CSE',8,'BTECH','CSE-410'),('CSE',7,'BTECH','CSE-411'),('CSE',7,'BTECH','CSE-413'),('CSE',7,'BTECH','CSE-445'),('CSE',8,'BTECH','CSE-446'),('CSE',7,'BTECH','CSE-471'),('CSE',8,'BTECH','CSE-474'),('ECE',3,'BTECH','ECE-201E'),('ECE',4,'BTECH','ECE-202E'),('CSE',3,'BTECH','ECE-203E'),('ECE',3,'BTECH','ECE-203E'),('CSE',4,'BTECH','ECE-204E'),('ECE',4,'BTECH','ECE-204E'),('ECE',3,'BTECH','ECE-205E'),('ECE',4,'BTECH','ECE-206E'),('CSE',3,'BTECH','ECE-207E'),('ECE',3,'BTECH','ECE-207E'),('ECE',4,'BTECH','ECE-208E'),('ECE',4,'BTECH','ECE-210E'),('CSE',4,'BTECH','ECE-212E'),('CSE',4,'BTECH','ECE-216E'),('CSE',4,'BTECH','ECE-218'),('ECE',5,'BTECH','ECE-301E'),('ECE',6,'BTECH','ECE-302E'),('ECE',5,'BTECH','ECE-303E'),('ECE',6,'BTECH','ECE-304E'),('ECE',5,'BTECH','ECE-305E'),('ECE',6,'BTECH','ECE-306E'),('ECE',5,'BTECH','ECE-307E'),('ECE',6,'BTECH','ECE-308E'),('ECE',5,'BTECH','ECE-309E'),('ECE',6,'BTECH','ECE-310E'),('ECE',5,'BTECH','ECE-311E'),('ECE',6,'BTECH','ECE-312E'),('ECE',5,'BTECH','ECE-313E'),('ECE',6,'BTECH','ECE-314E'),('ECE',5,'BTECH','ECE-315E'),('ECE',6,'BTECH','ECE-316E'),('ECE',7,'BTECH','ECE-401E'),('ECE',8,'BTECH','ECE-402E'),('ECE',7,'BTECH','ECE-403E'),('ECE',8,'BTECH','ECE-404E'),('ECE',7,'BTECH','ECE-405E'),('ECE',8,'BTECH','ECE-406E'),('ECE',7,'BTECH','ECE-407E'),('ECE',8,'BTECH','ECE-408E'),('ECE',7,'BTECH','ECE-409E'),('ECE',8,'BTECH','ECE-410E'),('ECE',8,'BTECH','ECE-412E'),('ECE',8,'BTECH','ECE-414E'),('ECE',7,'BTECH','ECE-415E'),('ECE',8,'BTECH','ECE-424E'),('ECE',7,'BTECH','ECE-425E'),('ECE',8,'BTECH','ECE-426E'),('BT',1,'BTECH','EE-101E'),('CSE',2,'BTECH','EE-101E'),('ECE',1,'BTECH','EE-101E'),('MECH',2,'BTECH','EE-101E'),('BT',1,'BTECH','EE-103E'),('CSE',2,'BTECH','EE-103E'),('ECE',1,'BTECH','EE-103E'),('MECH',2,'BTECH','EE-103E'),('ECE',3,'BTECH','EE-203E'),('ECE',4,'BTECH','EE-208E'),('BT',2,'BTECH','EL-101E'),('CSE',1,'BTECH','EL-101E'),('ECE',2,'BTECH','EL-101E'),('MECH',1,'BTECH','EL-101E'),('BT',2,'BTECH','EL-109E'),('CSE',1,'BTECH','EL-109E'),('ECE',2,'BTECH','EL-109E'),('ECE',3,'BTECH','ELE-201E'),('ECE',3,'BTECH','ELE-203E'),('BT',1,'BTECH','ES-101E'),('CSE',2,'BTECH','ES-101E'),('ECE',1,'BTECH','ES-101E'),('MECH',2,'BTECH','ES-101E'),('BT',1,'BTECH','HUM-101E'),('CSE',2,'BTECH','HUM-101E'),('ECE',1,'BTECH','HUM-101E'),('MECH',2,'BTECH','HUM-101E'),('ECE',4,'BTECH','HUM-201E'),('MECH',3,'BTECH','HUM-201E'),('CSE',3,'BTECH','HUM-210E'),('CSE',5,'BTECH','HUT-302E'),('ECE',6,'BTECH','HUT-302E'),('MECH',6,'BTECH','HUT-302E'),('CSE',4,'BTECH','IT-252E'),('CSE',3,'BTECH','IT-253E'),('CSE',4,'BTECH','IT-256E'),('ECE',4,'BTECH','MAT-204E'),('ECE',4,'BTECH','MAT-206E'),('BT',1,'BTECH','MATH-101E'),('CSE',1,'BTECH','MATH-101E'),('ECE',1,'BTECH','MATH-101E'),('MECH',1,'BTECH','MATH-101E'),('BT',1,'BTECH','MATH-102E'),('BT',2,'BTECH','MATH-102E'),('CSE',2,'BTECH','MATH-102E'),('ECE',1,'BTECH','MATH-102E'),('ECE',2,'BTECH','MATH-102E'),('MECH',2,'BTECH','MATH-102E'),('CSE',4,'BTECH','MATH-201E'),('ECE',3,'BTECH','MATH-201E'),('MECH',4,'BTECH','MATH-201E'),('BT',1,'MTECH','MBT-101E'),('BT',1,'MTECH','MBT-103E'),('BT',1,'MTECH','MBT-105E'),('BT',1,'MTECH','MBT-107E'),('BT',1,'MTECH','MBT-109E'),('MECH',1,'BTECH','ME-101E'),('BT',2,'BTECH','ME-103E'),('CSE',1,'BTECH','ME-103E'),('ECE',2,'BTECH','ME-103E'),('MECH',1,'BTECH','ME-103E'),('BT',1,'BTECH','ME-105E'),('CSE',2,'BTECH','ME-105E'),('ECE',1,'BTECH','ME-105E'),('MECH',1,'BTECH','ME-105E'),('MECH',2,'BTECH','ME-105E'),('BT',2,'BTECH','ME-107E'),('CSE',1,'BTECH','ME-107E'),('ECE',2,'BTECH','ME-107E'),('MECH',1,'BTECH','ME-107E'),('MECH',1,'BTECH','ME-109E'),('MECH',3,'BTECH','ME-201E'),('MECH',4,'BTECH','ME-202E'),('MECH',3,'BTECH','ME-203E'),('MECH',4,'BTECH','ME-204E'),('MECH',3,'BTECH','ME-205E'),('MECH',4,'BTECH','ME-206E'),('MECH',3,'BTECH','ME-207E'),('MECH',4,'BTECH','ME-208E'),('MECH',3,'BTECH','ME-209E'),('MECH',4,'BTECH','ME-210E'),('MECH',3,'BTECH','ME-211E'),('MECH',4,'BTECH','ME-212E'),('MECH',3,'BTECH','ME-213E'),('MECH',4,'BTECH','ME-214E'),('MECH',3,'BTECH','ME-215E'),('MECH',4,'BTECH','ME-216E'),('MECH',5,'BTECH','ME-301E'),('MECH',6,'BTECH','ME-302E'),('MECH',5,'BTECH','ME-303E'),('MECH',6,'BTECH','ME-304E'),('MECH',5,'BTECH','ME-305E'),('MECH',6,'BTECH','ME-306E'),('MECH',5,'BTECH','ME-307E'),('MECH',6,'BTECH','ME-308E'),('MECH',5,'BTECH','ME-309E'),('MECH',6,'BTECH','ME-310E'),('MECH',5,'BTECH','ME-311E'),('MECH',6,'BTECH','ME-312E'),('MECH',5,'BTECH','ME-313E'),('MECH',6,'BTECH','ME-314E'),('MECH',5,'BTECH','ME-315E'),('MECH',6,'BTECH','ME-316E'),('MECH',5,'BTECH','ME-317E'),('MECH',5,'BTECH','ME-319E'),('MECH',7,'BTECH','ME-401E'),('MECH',8,'BTECH','ME-402E'),('MECH',7,'BTECH','ME-403E'),('MECH',8,'BTECH','ME-404E'),('MECH',7,'BTECH','ME-405E'),('MECH',8,'BTECH','ME-406E'),('MECH',7,'BTECH','ME-407E'),('MECH',8,'BTECH','ME-408E'),('MECH',7,'BTECH','ME-409E'),('MECH',8,'BTECH','ME-410E'),('MECH',7,'BTECH','ME-411E'),('MECH',8,'BTECH','ME-411E'),('MECH',7,'BTECH','ME-419E'),('MECH',8,'BTECH','ME-420E'),('MECH',8,'BTECH','ME-432E'),('MECH',7,'BTECH','ME-435'),('MECH',2,'MTECH','ME-512'),('ECE',1,'MTECH','MTEC 1.1'),('ECE',1,'MTECH','MTEC 1.2'),('ECE',1,'MTECH','MTEC 1.3'),('ECE',1,'MTECH','MTEC 1.4'),('ECE',1,'MTECH','MTEC 1.5'),('BT',1,'BTECH','PHY-101E'),('CSE',1,'BTECH','PHY-101E'),('ECE',1,'BTECH','PHY-101E'),('MECH',1,'BTECH','PHY-101E'),('BT',1,'BTECH','PHY-102E'),('BT',2,'BTECH','PHY-102E'),('CSE',2,'BTECH','PHY-102E'),('ECE',1,'BTECH','PHY-102E'),('ECE',2,'BTECH','PHY-102E'),('MECH',2,'BTECH','PHY-102E'),('BT',1,'BTECH','PHY-103E'),('CSE',1,'BTECH','PHY-103E'),('ECE',1,'BTECH','PHY-103E'),('MECH',1,'BTECH','PHY-103E'),('BT',2,'BTECH','PHY-104E'),('CSE',2,'BTECH','PHY-104E'),('ECE',2,'BTECH','PHY-104E'),('MECH',2,'BTECH','PHY-104E');

/*Data for the table `subject_faculty` */

/*Data for the table `subject_mode` */

insert  into `subject_mode`(`subject_mode_id`,`subject_mode_name`,`subject_type_id`,`group_together`) values ('LEC','Lecture','TH',1),('PRC','Practical','PR',0),('SEM','Seminar','SEM',1),('SEMG','Group Seminar','SEM',0),('TUT','Tutorial','TH',0);

/*Data for the table `subject_type` */

insert  into `subject_type`(`subject_type_id`,`description`) values ('PR','Practical'),('SEM','Seminar'),('TH','Theory'),('VV','Viva-voce');

/*Data for the table `test` */

/*Data for the table `test_info` */

/*Data for the table `test_marks` */

/*Data for the table `test_type` */

/*Data for the table `timetable` */

/*Data for the table `twelfth` */

/*Data for the table `weekday` */

/*!40101 SET SQL_MODE=@OLD_SQL_MODE */;
/*!40014 SET FOREIGN_KEY_CHECKS=@OLD_FOREIGN_KEY_CHECKS */;
/*!40014 SET UNIQUE_CHECKS=@OLD_UNIQUE_CHECKS */;
/*!40111 SET SQL_NOTES=@OLD_SQL_NOTES */;
