/*
SQLyog Ultimate v8.55 
MySQL - 5.5.19 : Database - core
*********************************************************************
*/

/*!40101 SET NAMES utf8 */;

/*!40101 SET SQL_MODE=''*/;

/*!40014 SET @OLD_UNIQUE_CHECKS=@@UNIQUE_CHECKS, UNIQUE_CHECKS=0 */;
/*!40014 SET @OLD_FOREIGN_KEY_CHECKS=@@FOREIGN_KEY_CHECKS, FOREIGN_KEY_CHECKS=0 */;
/*!40101 SET @OLD_SQL_MODE=@@SQL_MODE, SQL_MODE='NO_AUTO_VALUE_ON_ZERO' */;
/*!40111 SET @OLD_SQL_NOTES=@@SQL_NOTES, SQL_NOTES=0 */;
USE `core`;

/*Data for the table `academic_session` */

/*Data for the table `batch` */

insert  into `batch`(`batch_id`,`department_id`,`programme_id`,`batch_start`,`batch_number`,`is_active`) values (1,'CSE','BTECH',2008,2,1),(2,'ECE','BTECH',2008,2,1),(3,'MECH','BTECH',2008,2,1),(4,'BT','BTECH',2008,2,1),(5,'CSE','BTECH',2009,3,1),(6,'CSE','BTECH',2010,4,1),(7,'CSE','BTECH',2011,5,1),(8,'BT','BTECH',2011,5,1),(9,'ECE','BTECH',2011,5,1),(10,'MECH','BTECH',2011,5,1);

/*Data for the table `block` */

insert  into `block`(`block_id`,`block_name`) values ('ADM_B1','Admin Block 1'),('ADM_B2','Admin Block 2');

/*Data for the table `bus_stations` */

/*Data for the table `casts` */

insert  into `casts`(`cast_id`,`cast_name`) values (1,'GEN'),(2,'OBC'),(3,'SC'),(4,'ST'),(5,'BC');

/*Data for the table `class` */

insert  into `class`(`class_id`,`batch_id`,`handled_by_dept`,`semester_id`,`semester_type`,`semester_duration`,`start_date`,`completion_date`,`is_active`) values (1,1,'CSE',8,'EVEN',6,'2011-02-22',NULL,1),(2,2,'ECE',8,'EVEN',6,'2011-02-22',NULL,1),(3,3,'MECH',8,'EVEN',6,'2011-02-22',NULL,1);

/*Data for the table `configs` */

insert  into `configs`(`parameter`,`value`) values ('EVNT_PRD_ATT','TRUE');

/*Data for the table `contact_type` */

insert  into `contact_type`(`contact_type_id`,`contact_type_name`) values (1,'HOME LANDLINE'),(2,'OFFICE LANDLINE'),(3,'P.G.'),(4,'RELATIVE'),(5,'PERSONAL MOBILE'),(6,'HOME MOBILE');

/*Data for the table `department` */

insert  into `department`(`department_id`,`department_name`) values ('APSC','APPLIED SCIENCE'),('BT','BIOTECH'),('CSE','COMPUTER SCIENCE AND ENGINEERING'),('ECE','ELECTRONICS AND COMMUNICATION'),('LIB','LIBRARY'),('MECH','MECHANICAL ENGINEERING'),('MGMT','MANAGEMENT');

/*Data for the table `department_programme` */

insert  into `department_programme`(`department_id`,`programme_id`) values ('BT','BTECH'),('CSE','BTECH'),('ECE','BTECH'),('MECH','BTECH'),('BT','MTECH'),('CSE','MTECH'),('ECE','MTECH'),('MECH','MTECH');

/*Data for the table `groups` */

insert  into `groups`(`group_id`,`department_id`,`programme_id`) values ('ALL','ALL','ALL'),('C1','BT','BTECH'),('C2','BT','BTECH'),('C3','BT','BTECH'),('A1','CSE','BTECH'),('A2','CSE','BTECH'),('A3','CSE','BTECH'),('B1','ECE','BTECH'),('B2','ECE','BTECH'),('B3','ECE','BTECH'),('D1','MECH','BTECH'),('D2','MECH','BTECH'),('D3','MECH','BTECH');

/*Data for the table `holiday` */

insert  into `holiday`(`date_from`,`date_upto`,`purpose`) values ('2010-01-26','2010-01-26','Republic Day'),('2010-02-12','2010-02-12','Mahashivra'),('2010-02-27','2010-03-01','Holi'),('2010-03-24','2010-03-24','Ram Navami'),('2010-09-02','2010-09-02','Janmashtami '),('2010-09-15','2010-09-15','Engineering Day'),('2010-10-01','2010-10-01','Holiday'),('2010-10-02','2010-10-02','Mahatma Gandhi Jynti'),('2010-10-16','2010-10-07','Dusshera'),('2010-11-05','2010-11-06','Diwali');

/*Data for the table `member_address` */

/*Data for the table `member_bus_stop` */

/*Data for the table `member_contacts` */

/*Data for the table `member_relatives` */

/*Data for the table `member_type` */

insert  into `member_type`(`member_type_id`,`member_type_name`) values (1,'STUDENT'),(2,'STAFF'),(3,'MANAGEMENT'),(4,'OUTSIDER');

/*Data for the table `members` */

insert  into `members`(`member_id`,`member_type_id`,`cast_id`,`religion_id`,`nationality_id`,`first_name`,`middle_name`,`last_name`,`dob`,`blood_group`,`gender`,`join_date`,`relieve_date`,`is_active`,`image_no`) values (1,1,1,1,1,'Hemant','Kumar','Sangwan','1987-01-01','A+','MALE',NULL,NULL,1,NULL),(2,1,1,1,1,'DEEPAK',NULL,NULL,'1987-01-01','A+','MALE',NULL,NULL,0,NULL),(3,1,1,1,1,'ANSHUL',NULL,NULL,'1987-01-01','A+','MALE',NULL,NULL,0,NULL),(4,1,1,1,1,'SHEETAL',NULL,NULL,'1987-01-01','A+','MALE',NULL,NULL,0,NULL),(5,1,1,1,1,'SANDEEP',NULL,NULL,'1987-01-01','A+','MALE',NULL,NULL,0,NULL),(6,1,1,1,1,'GEETIKA',NULL,NULL,'1987-01-01','A+','MALE',NULL,NULL,0,NULL),(7,1,1,1,1,'PRIYANKA',NULL,NULL,'1987-01-01','A+','MALE',NULL,NULL,0,NULL),(8,1,1,1,1,'NITESH',NULL,NULL,'1987-01-01','A+','MALE',NULL,NULL,0,NULL),(9,1,1,1,1,'ANURAG',NULL,'BAKSHI ','1987-01-01','A+','MALE',NULL,NULL,0,NULL),(10,1,1,1,1,'ANUJ',NULL,NULL,'1987-01-01','A+','MALE',NULL,NULL,0,NULL),(11,1,1,1,1,'GAURAV',NULL,NULL,'1987-01-01','A+','MALE',NULL,NULL,0,NULL),(12,1,1,1,1,'NAVEEN',NULL,NULL,'1987-01-01','A+','MALE',NULL,NULL,0,NULL),(13,1,1,1,1,'HARMANPREET',NULL,NULL,'1987-01-01','A+','MALE',NULL,NULL,0,NULL),(14,1,1,1,1,'SHIVANGI',NULL,NULL,'1987-01-01','A+','MALE',NULL,NULL,0,NULL),(15,1,1,1,1,'AMANDEEP',NULL,NULL,'1987-01-01','A+','MALE',NULL,NULL,0,NULL),(16,1,1,1,1,'SAKSHI',NULL,NULL,'1987-01-01','A+','MALE',NULL,NULL,0,NULL),(17,1,1,1,1,'SAJAL',NULL,NULL,'1987-01-01','A+','MALE',NULL,NULL,0,NULL),(18,1,1,1,1,'LOHIT',NULL,NULL,'1987-01-01','A+','MALE',NULL,NULL,0,NULL),(19,1,1,1,1,'NUPUR',NULL,NULL,'1987-01-01','A+','MALE',NULL,NULL,0,NULL),(20,1,1,1,1,'ABHINAV',NULL,NULL,'1987-01-01','A+','MALE',NULL,NULL,0,NULL),(21,1,1,1,1,'SRISHTI',NULL,NULL,'1987-01-01','A+','MALE',NULL,NULL,0,NULL),(22,1,1,1,1,'STUTI',NULL,NULL,'1987-01-01','A+','MALE',NULL,NULL,0,NULL),(23,1,1,1,1,'ROCHAK',NULL,NULL,'1987-01-01','A+','MALE',NULL,NULL,0,NULL),(24,1,1,1,1,'PRABHJOT',NULL,NULL,'1987-01-01','A+','MALE',NULL,NULL,0,NULL),(25,1,1,1,1,'DINESH',NULL,NULL,'1987-01-01','A+','MALE',NULL,NULL,0,NULL),(26,1,1,1,1,'HARKAMAL',NULL,NULL,'1987-01-01','A+','MALE',NULL,NULL,0,NULL),(27,1,1,1,1,'SUROJIT',NULL,NULL,'1987-01-01','A+','MALE',NULL,NULL,0,NULL),(28,1,1,1,1,'ANKIT',NULL,NULL,'1987-01-01','A+','MALE',NULL,NULL,0,NULL),(29,1,1,1,1,'PARUL',NULL,'AGGARWAL','1987-01-01','A+','MALE',NULL,NULL,0,NULL),(30,1,1,1,1,'SANCHIT',NULL,NULL,'1987-01-01','A+','MALE',NULL,NULL,0,NULL),(31,1,1,1,1,'SHINKY',NULL,NULL,'1987-01-01','A+','MALE',NULL,NULL,0,NULL),(32,1,1,1,1,'HENNA',NULL,NULL,'1987-01-01','A+','MALE',NULL,NULL,0,NULL),(33,1,1,1,1,'RUPINDER',NULL,NULL,'1987-01-01','A+','MALE',NULL,NULL,0,NULL),(34,1,1,1,1,'ALKA',NULL,NULL,'1987-01-01','A+','MALE',NULL,NULL,0,NULL),(35,1,1,1,1,'SHIVASTUTI',NULL,NULL,'1987-01-01','A+','MALE',NULL,NULL,0,NULL),(36,1,1,1,1,'SUJATA',NULL,NULL,'1987-01-01','A+','MALE',NULL,NULL,0,NULL),(37,1,1,1,1,'RITIKA',NULL,NULL,'1987-01-01','A+','MALE',NULL,NULL,0,NULL),(38,1,1,1,1,'SAURAV',NULL,NULL,'1987-01-01','A+','MALE',NULL,NULL,0,NULL),(39,1,1,1,1,'NITIKA',NULL,NULL,'1987-01-01','A+','MALE',NULL,NULL,0,NULL),(40,1,1,1,1,'CHETAN',NULL,NULL,'1987-01-01','A+','MALE',NULL,NULL,0,NULL),(41,1,1,1,1,'DISHA',NULL,NULL,'1987-01-01','A+','MALE',NULL,NULL,0,NULL),(42,1,1,1,1,'PRABHJEET',NULL,NULL,'1987-01-01','A+','MALE',NULL,NULL,0,NULL),(43,1,1,1,1,'HARSHDEEP',NULL,NULL,'1987-01-01','A+','MALE',NULL,NULL,0,NULL),(44,1,1,1,1,'VARUN',NULL,NULL,'1987-01-01','A+','MALE',NULL,NULL,0,NULL),(45,1,1,1,1,'RAHUL',NULL,'TOMAR ','1987-01-01','A+','MALE',NULL,NULL,0,NULL),(46,1,1,1,1,'POOJA',NULL,'MANGLA ','1987-01-01','A+','MALE',NULL,NULL,0,NULL),(47,1,1,1,1,'ABHISHEK',NULL,'CHAWLA ','1987-01-01','A+','MALE',NULL,NULL,0,NULL),(48,1,1,1,1,'MUKESH',NULL,'MANN ','1987-01-01','A+','MALE',NULL,NULL,0,NULL),(49,1,1,1,1,'SUGNDHA',NULL,'RANA','1987-01-01','A+','MALE',NULL,NULL,0,NULL),(50,1,1,1,1,'PRASHANT',NULL,'SAROHA','1987-01-01','A+','MALE',NULL,NULL,0,NULL),(51,1,1,1,1,'ANKUSH',NULL,'CHHABRA','1987-01-01','A+','MALE',NULL,NULL,0,NULL),(52,1,1,1,1,'GAURAV',NULL,'CHAUHAN','1987-01-01','A+','MALE',NULL,NULL,0,NULL),(53,1,1,1,1,'ASHISH',NULL,'CHAWLA','1987-01-01','A+','MALE',NULL,NULL,0,NULL),(54,1,1,1,1,'PUNESSH',NULL,'SACHDEVA','1987-01-01','A+','MALE',NULL,NULL,0,NULL),(55,1,1,1,1,'KAWAL',NULL,NULL,'1987-01-01','A+','MALE',NULL,NULL,0,NULL),(56,1,1,1,1,'RADHIKA',NULL,'GUPTA','1987-01-01','A+','MALE',NULL,NULL,0,NULL),(57,1,1,1,1,'SANCHIT',NULL,'AGGARWAL','1987-01-01','A+','MALE',NULL,NULL,0,NULL),(58,1,1,1,1,'AVINASH',NULL,'SINGH','1987-01-01','A+','MALE',NULL,NULL,0,NULL),(59,1,1,1,1,'MUKUL',NULL,'GOEL','1987-01-01','A+','MALE',NULL,NULL,0,NULL),(60,1,1,1,1,'RAJPRRET',NULL,'SINGH','1987-01-01','A+','MALE',NULL,NULL,0,NULL),(61,1,1,1,1,'MADHU',NULL,'YADAV','1987-01-01','A+','MALE',NULL,NULL,0,NULL),(62,1,1,1,1,'VISHALI',NULL,'RAINA','1987-01-01','A+','MALE',NULL,NULL,0,NULL),(63,1,1,1,1,'SHAVETA',NULL,NULL,'1987-01-01','A+','MALE',NULL,NULL,0,NULL),(64,1,1,1,1,'IQBAL',NULL,NULL,'1987-01-01','A+','MALE',NULL,NULL,0,NULL),(65,1,1,1,1,'MANISH',NULL,NULL,'1987-01-01','A+','MALE',NULL,NULL,0,NULL),(66,1,1,1,1,'DEEPAK',NULL,NULL,'1987-01-01','A+','MALE',NULL,NULL,0,NULL),(67,1,1,1,1,'AYUSH',NULL,NULL,'1987-01-01','A+','MALE',NULL,NULL,0,NULL),(68,1,1,1,1,'CHIRAG',NULL,NULL,'1987-01-01','A+','MALE',NULL,NULL,0,NULL),(69,1,1,1,1,'SWATI',NULL,NULL,'1987-01-01','A+','MALE',NULL,NULL,0,NULL),(70,1,1,1,1,'NEERAJ',NULL,NULL,'1987-01-01','A+','MALE',NULL,NULL,0,NULL),(71,1,1,1,1,'NEHA',NULL,NULL,'1987-01-01','A+','MALE',NULL,NULL,0,NULL),(72,1,1,1,1,'ASHISH',NULL,NULL,'1987-01-01','A+','MALE',NULL,NULL,0,NULL),(73,1,1,1,1,'ANUJ',NULL,NULL,'1987-01-01','A+','MALE',NULL,NULL,0,NULL),(74,1,1,1,1,'J',NULL,NULL,'1987-01-01','A+','MALE',NULL,NULL,0,NULL),(75,1,1,1,1,'SARVJIT',NULL,NULL,'1987-01-01','A+','MALE',NULL,NULL,0,NULL),(76,1,1,1,1,'MANJOT',NULL,NULL,'1987-01-01','A+','MALE',NULL,NULL,0,NULL),(77,1,1,1,1,'ANURAG',NULL,NULL,'1987-01-01','A+','MALE',NULL,NULL,0,NULL),(78,1,1,1,1,'UTKARSH',NULL,NULL,'1987-01-01','A+','MALE',NULL,NULL,0,NULL),(79,1,1,1,1,'NITIN',NULL,NULL,'1987-01-01','A+','MALE',NULL,NULL,0,NULL),(80,1,1,1,1,'ROHIT',NULL,NULL,'1987-01-01','A+','MALE',NULL,NULL,0,NULL),(81,1,1,1,1,'NAVJOT',NULL,NULL,'1987-01-01','A+','MALE',NULL,NULL,0,NULL),(82,1,1,1,1,'SHUBHAM',NULL,NULL,'1987-01-01','A+','MALE',NULL,NULL,0,NULL),(83,1,1,1,1,'RISHABH',NULL,NULL,'1987-01-01','A+','MALE',NULL,NULL,0,NULL),(84,1,1,1,1,'NAVEEN',NULL,NULL,'1987-01-01','A+','MALE',NULL,NULL,0,NULL),(85,1,1,1,1,'CHAKSHU',NULL,NULL,'1987-01-01','A+','MALE',NULL,NULL,0,NULL),(86,1,1,1,1,'DIPANSH',NULL,NULL,'1987-01-01','A+','MALE',NULL,NULL,0,NULL),(87,1,1,1,1,'SUMIT',NULL,NULL,'1987-01-01','A+','MALE',NULL,NULL,0,NULL),(88,1,1,1,1,'VIKRAM',NULL,NULL,'1987-01-01','A+','MALE',NULL,NULL,0,NULL),(89,1,1,1,1,'AMIT',NULL,NULL,'1987-01-01','A+','MALE',NULL,NULL,0,NULL),(90,1,1,1,1,'SHARAD',NULL,NULL,'1987-01-01','A+','MALE',NULL,NULL,0,NULL),(91,1,1,1,1,'DEVAL',NULL,NULL,'1987-01-01','A+','MALE',NULL,NULL,0,NULL),(92,1,1,1,1,'SHAINA',NULL,NULL,'1987-01-01','A+','MALE',NULL,NULL,0,NULL),(93,1,1,1,1,'ANKIT',NULL,NULL,'1987-01-01','A+','MALE',NULL,NULL,0,NULL),(94,1,1,1,1,'HARSIMRAN',NULL,NULL,'1987-01-01','A+','MALE',NULL,NULL,0,NULL),(95,1,1,1,1,'POOJA',NULL,NULL,'1987-01-01','A+','MALE',NULL,NULL,0,NULL),(96,1,1,1,1,'ABHISHEK',NULL,NULL,'1987-01-01','A+','MALE',NULL,NULL,0,NULL),(97,1,1,1,1,'SONAL',NULL,'KHANNA ','1987-01-01','A+','MALE',NULL,NULL,0,NULL),(98,1,1,1,1,'KUSUM',NULL,'KUMAR','1987-01-01','A+','MALE',NULL,NULL,0,NULL),(99,1,1,1,1,'RAVI',NULL,'SHARMA ','1987-01-01','A+','MALE',NULL,NULL,0,NULL),(100,1,1,1,1,'SHIVANGI',NULL,'GUPTA ','1987-01-01','A+','MALE',NULL,NULL,0,NULL),(101,1,1,1,1,'LAKSHIT',NULL,'AGGARWAL','1987-01-01','A+','MALE',NULL,NULL,0,NULL),(102,1,1,1,1,'SHUBHAM',NULL,'DAS ','1987-01-01','A+','MALE',NULL,NULL,0,NULL),(103,1,1,1,1,'DEEPANKAR',NULL,'SAJWAN ','1987-01-01','A+','MALE',NULL,NULL,0,NULL),(104,1,1,1,1,'VARUNIKA',NULL,'ARYA ','1987-01-01','A+','MALE',NULL,NULL,0,NULL),(105,1,1,1,1,'PARVEEN',NULL,'KANWAR','1987-01-01','A+','MALE',NULL,NULL,0,NULL),(106,1,1,1,1,'BRIHAD',NULL,'MITTAL','1987-01-01','A+','MALE',NULL,NULL,0,NULL),(107,1,1,1,1,'PIYUSH',NULL,'SHARMA','1987-01-01','A+','MALE',NULL,NULL,0,NULL),(108,1,1,1,1,'SONAM',NULL,'AGGARWAL','1987-01-01','A+','MALE',NULL,NULL,0,NULL),(109,1,1,1,1,'ROHIT',NULL,'JAIN','1987-01-01','A+','MALE',NULL,NULL,0,NULL),(110,1,1,1,1,'SOURAV',NULL,'KUMAR','1987-01-01','A+','MALE',NULL,NULL,0,NULL),(111,1,1,1,1,'PARUL',NULL,'PARUL','1987-01-01','A+','MALE',NULL,NULL,0,NULL),(112,1,1,1,1,'SAHIL',NULL,'GUPTA','1987-01-01','A+','MALE',NULL,NULL,0,NULL),(113,1,1,1,1,'NEHA',NULL,'GARG','1987-01-01','A+','MALE',NULL,NULL,0,NULL),(114,1,1,1,1,'VISHAL',NULL,'BHANDARI','1987-01-01','A+','MALE',NULL,NULL,0,NULL),(115,1,1,1,1,'GAGANDEEP',NULL,'SINGH','1987-01-01','A+','MALE',NULL,NULL,0,NULL),(116,1,1,1,1,'JAGDEEP',NULL,'KAUR','1987-01-01','A+','MALE',NULL,NULL,0,NULL),(117,1,1,1,1,'MONIKA',NULL,'SHARMA','1987-01-01','A+','MALE',NULL,NULL,0,NULL),(118,1,1,1,1,'VASHU',NULL,'BAJAJ','1987-01-01','A+','MALE',NULL,NULL,0,NULL),(119,1,1,1,1,'ANISHA',NULL,'RAINA','1987-01-01','A+','MALE',NULL,NULL,0,NULL),(120,1,1,1,1,'SHALINI',NULL,NULL,'1987-01-01','A+','MALE',NULL,NULL,0,NULL),(121,1,1,1,1,'SUJATA',NULL,NULL,'1987-01-01','A+','MALE',NULL,NULL,0,NULL),(122,1,1,1,1,'HIMANSHU',NULL,NULL,'1987-01-01','A+','MALE',NULL,NULL,0,NULL),(123,1,1,1,1,'SUGANDHA',NULL,NULL,'1987-01-01','A+','MALE',NULL,NULL,0,NULL),(124,1,1,1,1,'GURLEEN',NULL,NULL,'1987-01-01','A+','MALE',NULL,NULL,0,NULL),(125,1,1,1,1,'NANCY',NULL,NULL,'1987-01-01','A+','MALE',NULL,NULL,0,NULL),(126,1,1,1,1,'NATYA',NULL,NULL,'1987-01-01','A+','MALE',NULL,NULL,0,NULL),(127,1,1,1,1,'SHALLU',NULL,NULL,'1987-01-01','A+','MALE',NULL,NULL,0,NULL),(128,1,1,1,1,'PANKHURI',NULL,NULL,'1987-01-01','A+','MALE',NULL,NULL,0,NULL),(129,1,1,1,1,'DEEPAK',NULL,NULL,'1987-01-01','A+','MALE',NULL,NULL,0,NULL),(130,1,1,1,1,'DIVYA',NULL,NULL,'1987-01-01','A+','MALE',NULL,NULL,0,NULL),(131,1,1,1,1,'HINA',NULL,NULL,'1987-01-01','A+','MALE',NULL,NULL,0,NULL),(132,1,1,1,1,'AMAN',NULL,NULL,'1987-01-01','A+','MALE',NULL,NULL,0,NULL),(133,1,1,1,1,'BHUMIKA',NULL,NULL,'1987-01-01','A+','MALE',NULL,NULL,0,NULL),(134,1,1,1,1,'SUPREET',NULL,NULL,'1987-01-01','A+','MALE',NULL,NULL,0,NULL),(135,1,1,1,1,'AJAY',NULL,NULL,'1987-01-01','A+','MALE',NULL,NULL,0,NULL),(136,1,1,1,1,'GURJIT',NULL,NULL,'1987-01-01','A+','MALE',NULL,NULL,0,NULL),(137,1,1,1,1,'VIDHU',NULL,NULL,'1987-01-01','A+','MALE',NULL,NULL,0,NULL),(138,1,1,1,1,'SAKSHI',NULL,NULL,'1987-01-01','A+','MALE',NULL,NULL,0,NULL),(139,1,1,1,1,'AMANDEEP',NULL,NULL,'1987-01-01','A+','MALE',NULL,NULL,0,NULL),(140,1,1,1,1,'KRITIKA',NULL,NULL,'1987-01-01','A+','MALE',NULL,NULL,0,NULL),(141,1,1,1,1,'PULKIT',NULL,'PULKIT','1987-01-01','A+','MALE',NULL,NULL,0,NULL),(142,1,1,1,1,'AASTHA',NULL,NULL,'1987-01-01','A+','MALE',NULL,NULL,0,NULL),(143,1,1,1,1,'MEETU',NULL,NULL,'1987-01-01','A+','MALE',NULL,NULL,0,NULL),(144,1,1,1,1,'NITIN',NULL,NULL,'1987-01-01','A+','MALE',NULL,NULL,0,NULL),(145,1,1,1,1,'RESHMI',NULL,NULL,'1987-01-01','A+','MALE',NULL,NULL,0,NULL),(146,1,1,1,1,'ABHISHEK',NULL,'ACHARYA ','1987-01-01','A+','MALE',NULL,NULL,0,NULL),(147,1,1,1,1,'SIDDHARTH',NULL,'ANAND ','1987-01-01','A+','MALE',NULL,NULL,0,NULL),(148,1,1,1,1,'PRATEEK',NULL,'GULATI ','1987-01-01','A+','MALE',NULL,NULL,0,NULL),(149,1,1,1,1,'RAJINDER',NULL,'NAGPAL ','1987-01-01','A+','MALE',NULL,NULL,0,NULL),(150,1,1,1,1,'ABHISHEK',NULL,'SINHA ','1987-01-01','A+','MALE',NULL,NULL,0,NULL),(151,1,1,1,1,'KUSHALDEEP',NULL,NULL,'1987-01-01','A+','MALE',NULL,NULL,0,NULL),(152,1,1,1,1,'RAVI',NULL,'TIWARI','1987-01-01','A+','MALE',NULL,NULL,0,NULL),(153,1,1,1,1,'PREETI',NULL,'PREETI','1987-01-01','A+','MALE',NULL,NULL,0,NULL),(154,1,1,1,1,'MEGHA',NULL,'GANDHI','1987-01-01','A+','MALE',NULL,NULL,0,NULL),(155,1,1,1,1,'RIDHI',NULL,'MEHTA','1987-01-01','A+','MALE',NULL,NULL,0,NULL),(156,1,1,1,1,'HIMANSHU',NULL,'SHARMA','1987-01-01','A+','MALE',NULL,NULL,0,NULL),(157,1,1,1,1,'ASHWANI',NULL,'KUMAR','1987-01-01','A+','MALE',NULL,NULL,0,NULL),(158,1,1,1,1,'MANISHA',NULL,'MITTAL','1987-01-01','A+','MALE',NULL,NULL,0,NULL),(159,1,1,1,1,'RUPINDER',NULL,'KAUR','1987-01-01','A+','MALE',NULL,NULL,0,NULL),(160,1,1,1,1,'PRIYANKA',NULL,'GUPTA','1987-01-01','A+','MALE',NULL,NULL,0,NULL),(161,1,1,1,1,'SHIKHA',NULL,'SAINI','1987-01-01','A+','MALE',NULL,NULL,0,NULL),(162,1,1,1,1,'PRAGATI',NULL,'SHARMA','1987-01-01','A+','MALE',NULL,NULL,0,NULL),(163,1,1,1,1,'NEHA',NULL,'KASHYAP','1987-01-01','A+','MALE',NULL,NULL,0,NULL),(164,1,1,1,1,'NEHA',NULL,'SINGLA','1987-01-01','A+','MALE',NULL,NULL,0,NULL),(165,1,1,1,1,'PAAVAN',NULL,'PAAVAN','1987-01-01','A+','MALE',NULL,NULL,0,NULL),(166,1,1,1,1,'SHVETA',NULL,'SHVETA','1987-01-01','A+','MALE',NULL,NULL,0,NULL),(167,1,1,1,1,'SARU',NULL,'SAINI','1987-01-01','A+','MALE',NULL,NULL,0,NULL),(168,1,1,1,1,'RITIKA',NULL,'GERA','1987-01-01','A+','MALE',NULL,NULL,0,NULL),(169,1,1,1,1,'DEEPIKA',NULL,'RANA','1987-01-01','A+','MALE',NULL,NULL,0,NULL),(170,1,1,1,1,'SABNEET',NULL,'KAUR','1987-01-01','A+','MALE',NULL,NULL,0,NULL),(171,1,1,1,1,'GAURAV',NULL,'YADAV','1987-01-01','A+','MALE',NULL,NULL,0,NULL),(172,1,1,1,1,'KARAN',NULL,'KAUSHIK ','1987-01-01','A+','MALE',NULL,NULL,0,NULL),(173,1,1,1,1,'SAURABH',NULL,'KUMAR','1987-01-01','A+','MALE',NULL,NULL,0,NULL),(174,1,1,1,1,'HUMA',NULL,'HUMA','1987-01-01','A+','MALE',NULL,NULL,0,NULL),(175,1,1,1,1,'SUMEET',NULL,'KUMAR','1987-01-01','A+','MALE',NULL,NULL,0,NULL),(176,1,1,1,1,'SONAM',NULL,'SONAM','1987-01-01','A+','MALE',NULL,NULL,0,NULL),(177,1,1,1,1,'SHIKHA',NULL,'KOUL','1987-01-01','A+','MALE',NULL,NULL,0,NULL),(178,1,1,1,1,'JASPREET',NULL,'SINGH','1987-01-01','A+','MALE',NULL,NULL,0,NULL),(179,1,1,1,1,'HIMANSHU',NULL,NULL,'1987-01-01','A+','MALE',NULL,NULL,0,NULL),(180,1,1,1,1,'GURJINDER',NULL,NULL,'1987-01-01','A+','MALE',NULL,NULL,0,NULL),(181,1,1,1,1,'ROHIT',NULL,NULL,'1987-01-01','A+','MALE',NULL,NULL,0,NULL),(182,1,1,1,1,'SWAPNIL',NULL,NULL,'1987-01-01','A+','MALE',NULL,NULL,0,NULL),(183,1,1,1,1,'KRISHAN',NULL,'KUMAR','1987-01-01','A+','MALE',NULL,NULL,0,NULL),(184,1,1,1,1,'MOHIT',NULL,NULL,'1987-01-01','A+','MALE',NULL,NULL,0,NULL),(185,1,1,1,1,'AJAY',NULL,NULL,'1987-01-01','A+','MALE',NULL,NULL,0,NULL),(186,1,1,1,1,'VAIDYA',NULL,NULL,'1987-01-01','A+','MALE',NULL,NULL,0,NULL),(187,1,1,1,1,'VIVEK',NULL,NULL,'1987-01-01','A+','MALE',NULL,NULL,0,NULL),(188,1,1,1,1,'VIKAS',NULL,NULL,'1987-01-01','A+','MALE',NULL,NULL,0,NULL),(189,1,1,1,1,'ANKUR',NULL,NULL,'1987-01-01','A+','MALE',NULL,NULL,0,NULL),(190,1,1,1,1,'PARDEEP',NULL,'SINGH','1987-01-01','A+','MALE',NULL,NULL,0,NULL),(191,1,1,1,1,'ANKIT',NULL,NULL,'1987-01-01','A+','MALE',NULL,NULL,0,NULL),(192,1,1,1,1,'RISHABH',NULL,NULL,'1987-01-01','A+','MALE',NULL,NULL,0,NULL),(193,1,1,1,1,'SHOBHIT',NULL,NULL,'1987-01-01','A+','MALE',NULL,NULL,0,NULL),(194,1,1,1,1,'ASHISH',NULL,NULL,'1987-01-01','A+','MALE',NULL,NULL,0,NULL),(195,1,1,1,1,'VINOD',NULL,NULL,'1987-01-01','A+','MALE',NULL,NULL,0,NULL),(196,1,1,1,1,'SISHUTOSH',NULL,NULL,'1987-01-01','A+','MALE',NULL,NULL,0,NULL),(197,1,1,1,1,'HARPREET',NULL,NULL,'1987-01-01','A+','MALE',NULL,NULL,0,NULL),(198,1,1,1,1,'ABHINAV',NULL,NULL,'1987-01-01','A+','MALE',NULL,NULL,0,NULL),(199,1,1,1,1,'RAHUL',NULL,NULL,'1987-01-01','A+','MALE',NULL,NULL,0,NULL),(200,1,1,1,1,'SAMRAT',NULL,NULL,'1987-01-01','A+','MALE',NULL,NULL,0,NULL),(201,1,1,1,1,'ISHU',NULL,NULL,'1987-01-01','A+','MALE',NULL,NULL,0,NULL),(202,1,1,1,1,'NAVEEN',NULL,NULL,'1987-01-01','A+','MALE',NULL,NULL,0,NULL),(203,1,1,1,1,'JITENDER',NULL,NULL,'1987-01-01','A+','MALE',NULL,NULL,0,NULL),(204,1,1,1,1,'ROHIT',NULL,NULL,'1987-01-01','A+','MALE',NULL,NULL,0,NULL),(205,1,1,1,1,'GAURAV',NULL,NULL,'1987-01-01','A+','MALE',NULL,NULL,0,NULL),(206,1,1,1,1,'DEEPAK',NULL,NULL,'1987-01-01','A+','MALE',NULL,NULL,0,NULL),(207,1,1,1,1,'SUPREET',NULL,NULL,'1987-01-01','A+','MALE',NULL,NULL,0,NULL),(208,1,1,1,1,'ANKUR',NULL,NULL,'1987-01-01','A+','MALE',NULL,NULL,0,NULL),(209,1,1,1,1,'MANPREET',NULL,NULL,'1987-01-01','A+','MALE',NULL,NULL,0,NULL),(210,1,1,1,1,'MANUJ',NULL,'SHARMA ','1987-01-01','A+','MALE',NULL,NULL,0,NULL),(211,1,1,1,1,'YOGESH',NULL,'SAINI ','1987-01-01','A+','MALE',NULL,NULL,0,NULL),(212,1,1,1,1,'KIRTI',NULL,'AZAD ','1987-01-01','A+','MALE',NULL,NULL,0,NULL),(213,1,1,1,1,'SANJEEV',NULL,'KUMAR','1987-01-01','A+','MALE',NULL,NULL,0,NULL),(214,1,1,1,1,'VISHAL',NULL,'TAYAL','1987-01-01','A+','MALE',NULL,NULL,0,NULL),(215,1,1,1,1,'GAGANDEEP',NULL,'SINGH','1987-01-01','A+','MALE',NULL,NULL,0,NULL),(216,1,1,1,1,'SANDEEP',NULL,'KUMAR','1987-01-01','A+','MALE',NULL,NULL,0,NULL),(217,1,1,1,1,'ROHIT',NULL,'SINGLA','1987-01-01','A+','MALE',NULL,NULL,0,NULL),(218,1,1,1,1,'AMAN',NULL,'SHARMA','1987-01-01','A+','MALE',NULL,NULL,0,NULL),(219,1,1,1,1,'ANKUR',NULL,'GUPTA','1987-01-01','A+','MALE',NULL,NULL,0,NULL),(220,1,1,1,1,'MANPREET',NULL,'SINGH','1987-01-01','A+','MALE',NULL,NULL,0,NULL),(221,1,1,1,1,'VINEET',NULL,NULL,'1987-01-01','A+','MALE',NULL,NULL,0,NULL),(222,1,1,1,1,'VIKAS',NULL,'YADAV','1987-01-01','A+','MALE',NULL,NULL,0,NULL),(223,1,1,1,1,'RAGHAV',NULL,'KAPOOR','1987-01-01','A+','MALE',NULL,NULL,0,NULL),(224,1,1,1,1,'MAYANK',NULL,'SHARMA','1987-01-01','A+','MALE',NULL,NULL,0,NULL),(225,1,1,1,1,'SANDEEP',NULL,'SHARMA','1987-01-01','A+','MALE',NULL,NULL,0,NULL),(226,1,1,1,1,'JITENDER',NULL,'YADAV','1987-01-01','A+','MALE',NULL,NULL,0,NULL),(227,1,1,1,1,'ANUJ',NULL,'GULATI','1987-01-01','A+','MALE',NULL,NULL,0,NULL),(228,1,1,1,1,'JASPREET',NULL,'SINGH','1987-01-01','A+','MALE',NULL,NULL,0,NULL),(229,1,1,1,1,'PARTH',NULL,'SHARMA','1987-01-01','A+','MALE',NULL,NULL,0,NULL),(230,1,1,1,1,'SIDHANT',NULL,'GUPTA','1987-01-01','A+','MALE',NULL,NULL,0,NULL),(231,1,1,1,1,'GAGANDEEP',NULL,'SINGH','1987-01-01','A+','MALE',NULL,NULL,0,NULL),(232,1,1,1,1,'SUNIL',NULL,NULL,'1987-01-01','A+','MALE',NULL,NULL,0,NULL),(233,1,1,1,1,'RAJESH',NULL,'SANGWAN','1987-01-01','A+','MALE',NULL,NULL,0,NULL),(234,1,1,1,1,'SHIPRA',NULL,'GROVER','1987-01-01','A+','MALE',NULL,NULL,0,NULL),(235,1,1,1,1,'UDIT',NULL,'NARAYAN','1987-01-01','A+','MALE',NULL,NULL,0,NULL),(236,1,1,1,1,'MEENU',NULL,'SAINI','1987-01-01','A+','MALE',NULL,NULL,0,NULL),(237,1,1,1,1,'BHAWNA',NULL,'BHAWNA','1987-01-01','A+','MALE',NULL,NULL,0,NULL),(238,1,1,1,1,'NIDHI',NULL,'CHOUDHERY','1987-01-01','A+','MALE',NULL,NULL,0,NULL),(239,1,1,1,1,'HIMANSHU',NULL,'SONKAR','1987-01-01','A+','MALE',NULL,NULL,0,NULL),(240,1,1,1,1,'PRAJAYA',NULL,'TALWAR','1987-01-01','A+','MALE',NULL,NULL,0,NULL),(241,1,1,1,1,'ANKITA',NULL,'NARANG','1987-01-01','A+','MALE',NULL,NULL,0,NULL),(242,1,1,1,1,'ANKITA',NULL,'GULATI','1987-01-01','A+','MALE',NULL,NULL,0,NULL),(243,1,1,1,1,'TARUNPREET',NULL,'BHATIA','1987-01-01','A+','MALE',NULL,NULL,0,NULL),(244,1,1,1,1,'RASHMI',NULL,'KUMAR','1987-01-01','A+','MALE',NULL,NULL,0,NULL),(245,1,1,1,1,'HEMANT',NULL,'DABRA','1987-01-01','A+','MALE',NULL,NULL,0,NULL),(246,1,1,1,1,'NITIKA',NULL,'AGGARWAL','1987-01-01','A+','MALE',NULL,NULL,0,NULL),(247,1,1,1,1,'VIBHUTI',NULL,'AGGARWAL','1987-01-01','A+','MALE',NULL,NULL,0,NULL),(248,1,1,1,1,'RAMANPREET',NULL,'KAUR','1987-01-01','A+','MALE',NULL,NULL,0,NULL),(249,1,1,1,1,'GARIMA',NULL,'GUPTA','1987-01-01','A+','MALE',NULL,NULL,0,NULL),(250,1,1,1,1,'VIKRAM',NULL,'KUMAR','1987-01-01','A+','MALE',NULL,NULL,0,NULL),(251,1,1,1,1,'PALWINDER',NULL,'GREWAL','1987-01-01','A+','MALE',NULL,NULL,0,NULL),(252,1,1,1,1,'GAURAV',NULL,'GUPTA','1987-01-01','A+','MALE',NULL,NULL,0,NULL),(253,1,1,1,1,'ASHU',NULL,'GUPTA','1987-01-01','A+','MALE',NULL,NULL,0,NULL),(254,1,1,1,1,'KARAN',NULL,'SAMBHI','1987-01-01','A+','MALE',NULL,NULL,0,NULL),(255,1,1,1,1,'SHAGUN',NULL,'SHAGUN','1987-01-01','A+','MALE',NULL,NULL,0,NULL),(256,1,1,1,1,'SHAVETA',NULL,'BAKSHI','1987-01-01','A+','MALE',NULL,NULL,0,NULL),(257,1,1,1,1,'TAMANNA',NULL,'TAMANNA','1987-01-01','A+','MALE',NULL,NULL,0,NULL),(258,1,1,1,1,'MEETALI',NULL,'JOHAR','1987-01-01','A+','MALE',NULL,NULL,0,NULL),(259,1,1,1,1,'KIRTI',NULL,'KIRTI','1987-01-01','A+','MALE',NULL,NULL,0,NULL),(260,1,1,1,1,'SATYA',NULL,'YADAV','1987-01-01','A+','MALE',NULL,NULL,0,NULL),(261,1,1,1,1,'KUSUM',NULL,'LATA','1987-01-01','A+','MALE',NULL,NULL,0,NULL),(262,1,1,1,1,'NIPUN',NULL,'GUPTA','1987-01-01','A+','MALE',NULL,NULL,0,NULL),(263,1,1,1,1,'RAVI',NULL,'DALAL','1987-01-01','A+','MALE',NULL,NULL,0,NULL),(264,1,1,1,1,'AMARJEET',NULL,'SINGH','1987-01-01','A+','MALE',NULL,NULL,0,NULL),(265,1,1,1,1,'HITESH',NULL,'AHUJA','1987-01-01','A+','MALE',NULL,NULL,0,NULL),(266,1,1,1,1,'ATUL',NULL,'GOYAL','1987-01-01','A+','MALE',NULL,NULL,0,NULL),(267,1,1,1,1,'ISHANT',NULL,'OBERAI','1987-01-01','A+','MALE',NULL,NULL,0,NULL),(268,1,1,1,1,'RAJWINDER',NULL,'KAUR','1987-01-01','A+','MALE',NULL,NULL,0,NULL),(269,1,1,1,1,'DISHANT',NULL,'VINAYAK','1987-01-01','A+','MALE',NULL,NULL,0,NULL),(270,1,1,1,1,'RAVI',NULL,'DHAWAN','1987-01-01','A+','MALE',NULL,NULL,0,NULL),(271,1,1,1,1,'JASDEEP',NULL,NULL,'1987-01-01','A+','MALE',NULL,NULL,0,NULL),(272,1,1,1,1,'HAPPY',NULL,'SAINI','1987-01-01','A+','MALE',NULL,NULL,0,NULL),(273,1,1,1,1,'SWATI',NULL,'SAINI','1987-01-01','A+','MALE',NULL,NULL,0,NULL),(274,1,1,1,1,'MANNU',NULL,'GUPTA','1987-01-01','A+','MALE',NULL,NULL,0,NULL),(275,1,1,1,1,'YASHIKA',NULL,NULL,'1987-01-01','A+','MALE',NULL,NULL,0,NULL),(276,1,1,1,1,'MEGHA',NULL,'MEHRA','1987-01-01','A+','MALE',NULL,NULL,0,NULL),(277,1,1,1,1,'ABHISHEK',NULL,'SAINI','1987-01-01','A+','MALE',NULL,NULL,0,NULL),(278,1,1,1,1,'BIJENDER',NULL,'KUMAR','1987-01-01','A+','MALE',NULL,NULL,0,NULL),(279,1,1,1,1,'DINESH',NULL,'KUMAR','1987-01-01','A+','MALE',NULL,NULL,0,NULL),(280,1,1,1,1,'RAM',NULL,'NARESH','1987-01-01','A+','MALE',NULL,NULL,0,NULL),(281,1,1,1,1,'PARAMANS',NULL,'YADAV','1987-01-01','A+','MALE',NULL,NULL,0,NULL),(282,1,1,1,1,'HARDEEP',NULL,'SINGH','1987-01-01','A+','MALE',NULL,NULL,0,NULL),(283,1,1,1,1,'PARMOD',NULL,'KUMAR','1987-01-01','A+','MALE',NULL,NULL,0,NULL),(284,1,1,1,1,'SANYA',NULL,'KATYAL','1987-01-01','A+','MALE',NULL,NULL,0,NULL),(285,1,1,1,1,'NITISH',NULL,'KUMAR','1987-01-01','A+','MALE',NULL,NULL,0,NULL),(286,1,1,1,1,'RICHA',NULL,'AHULWALIA','1987-01-01','A+','MALE',NULL,NULL,0,NULL),(287,1,1,1,1,'SIMARJEET',NULL,'NAGRA','1987-01-01','A+','MALE',NULL,NULL,0,NULL),(288,1,1,1,1,'NIVESH',NULL,'KUMAR','1987-01-01','A+','MALE',NULL,NULL,0,NULL),(289,1,1,1,1,'SONAM',NULL,'RANI','1987-01-01','A+','MALE',NULL,NULL,0,NULL),(290,1,1,1,1,'ANKUR',NULL,'BEHL','1987-01-01','A+','MALE',NULL,NULL,0,NULL),(291,1,1,1,1,'SOHIT',NULL,'KAPOOR','1987-01-01','A+','MALE',NULL,NULL,0,NULL),(292,1,1,1,1,'ROMA',NULL,'SONI','1987-01-01','A+','MALE',NULL,NULL,0,NULL),(293,1,1,1,1,'SALONI',NULL,'DHIMAN','1987-01-01','A+','MALE',NULL,NULL,0,NULL),(294,1,1,1,1,'SUMEETA',NULL,'(KM)','1987-01-01','A+','MALE',NULL,NULL,0,NULL),(295,1,1,1,1,'CHAND',NULL,'KAMYA','1987-01-01','A+','MALE',NULL,NULL,0,NULL),(296,1,1,1,1,'POONAM',NULL,'POONAM','1987-01-01','A+','MALE',NULL,NULL,0,NULL),(297,1,1,1,1,'GURPREET',NULL,'KAUR','1987-01-01','A+','MALE',NULL,NULL,0,NULL),(298,1,1,1,1,'SUMAN',NULL,'SUMAN','1987-01-01','A+','MALE',NULL,NULL,0,NULL),(299,1,1,1,1,'RAJESH',NULL,'KUMAR','1987-01-01','A+','MALE',NULL,NULL,0,NULL),(300,1,1,1,1,'SHALINI',NULL,'VERMA','1987-01-01','A+','MALE',NULL,NULL,0,NULL),(301,1,1,1,1,'SWATI',NULL,'GUPTA','1987-01-01','A+','MALE',NULL,NULL,0,NULL),(302,1,1,1,1,'TARUN',NULL,'SAINI','1987-01-01','A+','MALE',NULL,NULL,1,NULL),(303,1,1,1,1,'GURPAL',NULL,'SINGH','1987-01-01','A+','MALE',NULL,NULL,0,NULL),(304,1,1,1,1,'SHIVANI',NULL,'MITTAL','1987-01-01','A+','MALE',NULL,NULL,0,NULL),(305,1,1,1,1,'AYUSHI',NULL,'GARG','1987-01-01','A+','MALE',NULL,NULL,0,NULL),(306,1,1,1,1,'VIKAS',NULL,'KUMAR','1987-01-01','A+','MALE',NULL,NULL,0,NULL),(307,1,1,1,1,'SAURABH',NULL,'KOHLI','1987-01-01','A+','MALE',NULL,NULL,0,NULL),(308,1,1,1,1,'DEEPAK',NULL,'BANSAL','1987-01-01','A+','MALE',NULL,NULL,0,NULL),(309,1,1,1,1,'ABHINAV',NULL,'SYAL','1987-01-01','A+','MALE',NULL,NULL,0,NULL),(310,1,1,1,1,'RACHIT',NULL,'MANCHANDA','1987-01-01','A+','MALE',NULL,NULL,0,NULL),(311,1,1,1,1,'BHARAT',NULL,'GAUTAM','1987-01-01','A+','MALE',NULL,NULL,0,NULL),(312,1,1,1,1,'SUNITA',NULL,'YADAV','1987-01-01','A+','MALE',NULL,NULL,0,NULL),(313,1,1,1,1,'VIKAS',NULL,'YADAV','1987-01-01','A+','MALE',NULL,NULL,0,NULL),(314,1,1,1,1,'DRISHTI',NULL,'DHAM','1987-01-01','A+','MALE',NULL,NULL,0,NULL),(315,1,1,1,1,'ANKUR',NULL,'CHADHA','1987-01-01','A+','MALE',NULL,NULL,0,NULL),(316,1,1,1,1,'AKSHI',NULL,'SETHI','1987-01-01','A+','MALE',NULL,NULL,0,NULL),(317,1,1,1,1,'CHIRAG',NULL,'CHIRAG','1987-01-01','A+','MALE',NULL,NULL,0,NULL),(318,1,1,1,1,'SAHIL',NULL,'GUPTA','1987-01-01','A+','MALE',NULL,NULL,0,NULL),(319,1,1,1,1,'AMANDEEP',NULL,'SINGH','1987-01-01','A+','MALE',NULL,NULL,0,NULL),(320,1,1,1,1,'RAHUL',NULL,'SHARMA','1987-01-01','A+','MALE',NULL,NULL,0,NULL),(321,1,1,1,1,'ROHIT',NULL,'GUPTA','1987-01-01','A+','MALE',NULL,NULL,0,NULL),(322,1,1,1,1,'ANKUSH',NULL,'ANKUSH','1987-01-01','A+','MALE',NULL,NULL,0,NULL),(323,1,1,1,1,'ABHISHEK',NULL,NULL,'1987-01-01','A+','MALE',NULL,NULL,0,NULL),(324,1,1,1,1,'POOJA',NULL,'POOJA','1987-01-01','A+','MALE',NULL,NULL,0,NULL),(325,1,1,1,1,'SHIVANI',NULL,'BANSAL','1987-01-01','A+','MALE',NULL,NULL,0,NULL),(326,1,1,1,1,'CHARAN',NULL,'SINGH','1987-01-01','A+','MALE',NULL,NULL,0,NULL),(327,1,1,1,1,'JATIN',NULL,'KUMAR','1987-01-01','A+','MALE',NULL,NULL,0,NULL),(328,1,1,1,1,'ANKIT',NULL,'NEGI','1987-01-01','A+','MALE',NULL,NULL,0,NULL),(329,1,1,1,1,'ASHIM',NULL,'BATRA','1987-01-01','A+','MALE',NULL,NULL,0,NULL),(330,1,1,1,1,'RAVI',NULL,NULL,'1987-01-01','A+','MALE',NULL,NULL,0,NULL),(331,1,1,1,1,'SUDEEP',NULL,'YADAV','1987-01-01','A+','MALE',NULL,NULL,0,NULL),(332,1,1,1,1,'RAKESH',NULL,'RAKESH','1987-01-01','A+','MALE',NULL,NULL,0,NULL),(333,1,1,1,1,'ROOMA',NULL,'DEVI','1987-01-01','A+','MALE',NULL,NULL,0,NULL),(334,1,1,1,1,'SAPNA',NULL,'KUMARI','1987-01-01','A+','MALE',NULL,NULL,0,NULL),(335,1,1,1,1,'PUNEET',NULL,'CHUGH','1987-01-01','A+','MALE',NULL,NULL,0,NULL),(336,1,1,1,1,'HIMANI',NULL,'GAUDWAL','1987-01-01','A+','MALE',NULL,NULL,0,NULL),(337,1,1,1,1,'JATIN',NULL,'KAUSHAL','1987-01-01','A+','MALE',NULL,NULL,0,NULL),(338,1,1,1,1,'MANISH',NULL,'YADAV','1987-01-01','A+','MALE',NULL,NULL,0,NULL),(339,1,1,1,1,'NISHANT',NULL,'SOLANKI','1987-01-01','A+','MALE',NULL,NULL,0,NULL),(340,1,1,1,1,'GEETA',NULL,'BHATIA','1987-01-01','A+','MALE',NULL,NULL,0,NULL),(341,1,1,1,1,'VIKAS',NULL,'KUMAR','1987-01-01','A+','MALE',NULL,NULL,0,NULL),(342,1,1,1,1,'NEERU',NULL,'NEERU','1987-01-01','A+','MALE',NULL,NULL,0,NULL),(343,1,1,1,1,'POONAM',NULL,'SACHDEVA','1987-01-01','A+','MALE',NULL,NULL,0,NULL),(344,1,1,1,1,'YOGESH',NULL,'KUMAR','1987-01-01','A+','MALE',NULL,NULL,0,NULL),(345,1,1,1,1,'ROHIT',NULL,'MOHAN','1987-01-01','A+','MALE',NULL,NULL,0,NULL),(346,1,1,1,1,'VERINDER',NULL,'KUMAR','1987-01-01','A+','MALE',NULL,NULL,0,NULL),(347,1,1,1,1,'DEEPAK',NULL,'DEEPAK','1987-01-01','A+','MALE',NULL,NULL,0,NULL),(348,1,1,1,1,'GURPREET',NULL,'SINGH','1987-01-01','A+','MALE',NULL,NULL,0,NULL),(349,1,1,1,1,'MUDIT',NULL,'KAPOOR','1987-01-01','A+','MALE',NULL,NULL,0,NULL),(350,1,1,1,1,'SANJAY',NULL,'JAWA','1987-01-01','A+','MALE',NULL,NULL,0,NULL),(351,1,1,1,1,'SURAJ',NULL,'SURAJ','1987-01-01','A+','MALE',NULL,NULL,0,NULL),(352,1,1,1,1,'CHAVI',NULL,'GUPTA','1987-01-01','A+','MALE',NULL,NULL,0,NULL),(353,1,1,1,1,'MANJIT',NULL,'KUMAR','1987-01-01','A+','MALE',NULL,NULL,0,NULL),(354,1,1,1,1,'AMANDEEP',NULL,'SAINI','1987-01-01','A+','MALE',NULL,NULL,0,NULL),(355,1,1,1,1,'KANWARDEEP',NULL,'SINGH','1987-01-01','A+','MALE',NULL,NULL,0,NULL),(356,1,1,1,1,'POOJA',NULL,'POOJA','1987-01-01','A+','MALE',NULL,NULL,0,NULL),(357,1,1,1,1,'MOHIT',NULL,'CHOPRA','1987-01-01','A+','MALE',NULL,NULL,0,NULL),(358,1,1,1,1,'MEENAKSHI',NULL,'CHAWHAN','1987-01-01','A+','MALE',NULL,NULL,0,NULL),(359,1,1,1,1,'RAGHAV',NULL,'KUMAR','1987-01-01','A+','MALE',NULL,NULL,0,NULL),(360,1,1,1,1,'JYOTIRMAYA',NULL,'SHARMA','1987-01-01','A+','MALE',NULL,NULL,0,NULL),(361,1,1,1,1,'SHIVETA',NULL,'(KM)','1987-01-01','A+','MALE',NULL,NULL,1,NULL),(362,1,1,1,1,'POOJA',NULL,'POOJA','1987-01-01','A+','MALE',NULL,NULL,0,NULL),(363,1,1,1,1,'MANDEEP',NULL,'SINGH','1987-01-01','A+','MALE',NULL,NULL,0,NULL),(364,1,1,1,1,'ANUPMA',NULL,'ANUPMA','1987-01-01','A+','MALE',NULL,NULL,0,NULL),(365,1,1,1,1,'MOHIT',NULL,'CHAHAL','1987-01-01','A+','MALE',NULL,NULL,0,NULL),(366,1,1,1,1,'SUMIT',NULL,'KUMAR','1987-01-01','A+','MALE',NULL,NULL,0,NULL),(367,1,1,1,1,'GAURAV',NULL,'KAUSHAL','1987-01-01','A+','MALE',NULL,NULL,0,NULL),(368,1,1,1,1,'EESHU',NULL,'AGGARWAL','1987-01-01','A+','MALE',NULL,NULL,0,NULL),(369,1,1,1,1,'PUNEET',NULL,'CHADHA','1987-01-01','A+','MALE',NULL,NULL,0,NULL),(370,1,1,1,1,'DEEPAK',NULL,'KUMAR','1987-01-01','A+','MALE',NULL,NULL,0,NULL),(371,1,1,1,1,'ANJALI',NULL,NULL,'1987-01-01','A+','MALE',NULL,NULL,0,NULL),(372,1,1,1,1,'RUCHI',NULL,'HUDA','1987-01-01','A+','MALE',NULL,NULL,0,NULL),(373,1,1,1,1,'RANDEEP',NULL,'SINGH','1987-01-01','A+','MALE',NULL,NULL,0,NULL),(374,1,1,1,1,'DEEPIKA',NULL,'SHARMA','1987-01-01','A+','MALE',NULL,NULL,0,NULL),(375,1,1,1,1,'VINOD',NULL,'VINOD','1987-01-01','A+','MALE',NULL,NULL,0,NULL),(376,1,1,1,1,'SEEMA',NULL,'BENIWAL','1987-01-01','A+','MALE',NULL,NULL,0,NULL),(377,1,1,1,1,'CHETAN',NULL,'PARKASH','1987-01-01','A+','MALE',NULL,NULL,0,NULL),(378,1,1,1,1,'GEETIKA',NULL,'GEETIKA','1987-01-01','A+','MALE',NULL,NULL,0,NULL),(379,1,1,1,1,'GURLEEN',NULL,'KAUR','1987-01-01','A+','MALE',NULL,NULL,0,NULL),(380,1,1,1,1,'NITIN',NULL,'ARORA','1987-01-01','A+','MALE',NULL,NULL,0,NULL),(381,1,1,1,1,'ALEESHA',NULL,'SHARMA','1987-01-01','A+','MALE',NULL,NULL,0,NULL),(382,1,1,1,1,'ASHIMA',NULL,'GANOTRA','1987-01-01','A+','MALE',NULL,NULL,0,NULL),(383,1,1,1,1,'ABHILASHA',NULL,'ABHILASHA','1987-01-01','A+','MALE',NULL,NULL,0,NULL),(384,1,1,1,1,'SHIVALIKA',NULL,'SHARMA','1987-01-01','A+','MALE',NULL,NULL,0,NULL),(385,1,1,1,1,'SHAVETA',NULL,'RANI','1987-01-01','A+','MALE',NULL,NULL,0,NULL),(386,1,1,1,1,'MANISHA',NULL,'RANI','1987-01-01','A+','MALE',NULL,NULL,0,NULL),(387,1,1,1,1,'RUPSI',NULL,'GARG','1987-01-01','A+','MALE',NULL,NULL,0,NULL),(388,1,1,1,1,'RAJESH',NULL,'KUMAR','1987-01-01','A+','MALE',NULL,NULL,0,NULL),(389,1,1,1,1,'BASANT',NULL,'KUMAR','1987-01-01','A+','MALE',NULL,NULL,0,NULL),(390,1,1,1,1,'ESHITA',NULL,'KUMAR','1987-01-01','A+','MALE',NULL,NULL,0,NULL),(391,1,1,1,1,'NEERAJ',NULL,'KUMAR','1987-01-01','A+','MALE',NULL,NULL,0,NULL),(392,1,1,1,1,'RUPINDER',NULL,'KAUR','1987-01-01','A+','MALE',NULL,NULL,0,NULL),(393,1,1,1,1,'PRAVEEN',NULL,'KUMAR','1987-01-01','A+','MALE',NULL,NULL,0,NULL),(394,1,1,1,1,'POOJA',NULL,'SHARMA','1987-01-01','A+','MALE',NULL,NULL,0,NULL),(395,1,1,1,1,'PREM',NULL,'SINGH','1987-01-01','A+','MALE',NULL,NULL,0,NULL),(396,1,1,1,1,'NAVNEET',NULL,'SINGH','1987-01-01','A+','MALE',NULL,NULL,0,NULL),(397,1,1,1,1,'SAKSHI',NULL,'BHARDWAJ','1987-01-01','A+','MALE',NULL,NULL,0,NULL),(398,1,1,1,1,'GURPREET',NULL,'KAUR','1987-01-01','A+','MALE',NULL,NULL,0,NULL),(399,1,1,1,1,'AVTAR',NULL,'SINGH','1987-01-01','A+','MALE',NULL,NULL,0,NULL),(400,1,1,1,1,'ADITI',NULL,'OJHA','1987-01-01','A+','MALE',NULL,NULL,0,NULL),(401,1,1,1,1,'GUNEET',NULL,'KAUR','1987-01-01','A+','MALE',NULL,NULL,0,NULL),(402,1,1,1,1,'RENU',NULL,'SAINI','1987-01-01','A+','MALE',NULL,NULL,0,NULL),(403,1,1,1,1,'SUPRIYA',NULL,'JAGGA','1987-01-01','A+','MALE',NULL,NULL,0,NULL),(404,1,1,1,1,'SARITA',NULL,'SARITA','1987-01-01','A+','MALE',NULL,NULL,0,NULL),(405,1,1,1,1,'MOKSHA',NULL,'SANDILYA','1987-01-01','A+','MALE',NULL,NULL,0,NULL),(406,1,1,1,1,'MANHAR',NULL,'WALIA','1987-01-01','A+','MALE',NULL,NULL,0,NULL),(407,1,1,1,1,'SATISH',NULL,'KUMAR','1987-01-01','A+','MALE',NULL,NULL,0,NULL),(408,1,1,1,1,'PRATIMA',NULL,'JAIN','1987-01-01','A+','MALE',NULL,NULL,0,NULL),(409,1,1,1,1,'KANIKA',NULL,'MALHOTRA','1987-01-01','A+','MALE',NULL,NULL,0,NULL),(410,1,1,1,1,'SHWETA',NULL,'HALDUNIA','1987-01-01','A+','MALE',NULL,NULL,0,NULL),(411,1,1,1,1,'SAKSHI',NULL,'SAKSHI','1987-01-01','A+','MALE',NULL,NULL,0,NULL),(412,1,1,1,1,'BANINDER',NULL,'KAUR','1987-01-01','A+','MALE',NULL,NULL,0,NULL),(413,1,1,1,1,'SAPNA',NULL,'CHAUHAN','1987-01-01','A+','MALE',NULL,NULL,0,NULL),(414,1,1,1,1,'GAURAV',NULL,'ADHAR','1987-01-01','A+','MALE',NULL,NULL,0,NULL),(415,1,1,1,1,'DIVYA',NULL,'BANSAL','1987-01-01','A+','MALE',NULL,NULL,0,NULL),(416,1,1,1,1,'GURPREET',NULL,'KAUR','1987-01-01','A+','MALE',NULL,NULL,0,NULL),(417,1,1,1,1,'HARWINDER',NULL,'KAUR','1987-01-01','A+','MALE',NULL,NULL,0,NULL),(418,1,1,1,1,'SMRITI',NULL,'GUPTA','1987-01-01','A+','MALE',NULL,NULL,0,NULL),(419,1,1,1,1,'DEEPANJALI',NULL,'AGGARWAL','1987-01-01','A+','MALE',NULL,NULL,0,NULL),(420,1,1,1,1,'SAKSHI',NULL,'CHADHA','1987-01-01','A+','MALE',NULL,NULL,0,NULL),(421,1,1,1,1,'GEETA',NULL,'SANDHU','1987-01-01','A+','MALE',NULL,NULL,0,NULL),(422,1,1,1,1,'SANDEEP',NULL,'KUMAR','1987-01-01','A+','MALE',NULL,NULL,0,NULL),(423,1,1,1,1,'SANDEEP',NULL,'KAUR','1987-01-01','A+','MALE',NULL,NULL,0,NULL),(424,1,1,1,1,'RAHUL',NULL,'SAKLANI','1987-01-01','A+','MALE',NULL,NULL,0,NULL),(425,1,1,1,1,'SWATI',NULL,'SHARMA','1987-01-01','A+','MALE',NULL,NULL,0,NULL),(426,1,1,1,1,'DEEPIKA',NULL,'DEEPIKA','1987-01-01','A+','MALE',NULL,NULL,0,NULL),(427,1,1,1,1,'SALONIKA',NULL,'AGGARWAL','1987-01-01','A+','MALE',NULL,NULL,0,NULL),(428,1,1,1,1,'MEGHA',NULL,'BEDI','1987-01-01','A+','MALE',NULL,NULL,0,NULL),(429,1,1,1,1,'HARDEEP',NULL,'KAUR','1987-01-01','A+','MALE',NULL,NULL,0,NULL),(430,1,1,1,1,'PARNEET',NULL,'KAUR','1987-01-01','A+','MALE',NULL,NULL,0,NULL),(431,1,1,1,1,'APURVA',NULL,'(KM)','1987-01-01','A+','MALE',NULL,NULL,0,NULL),(432,1,1,1,1,'DEEPAK',NULL,'SUDAN','1987-01-01','A+','MALE',NULL,NULL,0,NULL),(433,1,1,1,1,'PALVINDER',NULL,'SANDHU','1987-01-01','A+','MALE',NULL,NULL,0,NULL),(434,1,1,1,1,'SANJAY',NULL,'SANJAY','1987-01-01','A+','MALE',NULL,NULL,0,NULL),(435,1,1,1,1,'RAHUL',NULL,'KUMAR','1987-01-01','A+','MALE',NULL,NULL,0,NULL),(436,1,1,1,1,'NAVEEN',NULL,'VERMA','1987-01-01','A+','MALE',NULL,NULL,0,NULL),(437,1,1,1,1,'KARANDEEP',NULL,'SINGH','1987-01-01','A+','MALE',NULL,NULL,0,NULL),(438,1,1,1,1,'MANDEEP',NULL,'KUMAR','1987-01-01','A+','MALE',NULL,NULL,0,NULL),(439,1,1,1,1,'PUNEET',NULL,'KUMAR','1987-01-01','A+','MALE',NULL,NULL,0,NULL),(440,1,1,1,1,'WARJINDER',NULL,'SINGH','1987-01-01','A+','MALE',NULL,NULL,0,NULL),(441,1,1,1,1,'DHERINDER',NULL,'SAINI','1987-01-01','A+','MALE',NULL,NULL,0,NULL),(442,1,1,1,1,'NARINDER',NULL,'KUMAR','1987-01-01','A+','MALE',NULL,NULL,0,NULL),(443,1,1,1,1,'YUDHVEER',NULL,'YUDHVEER','1987-01-01','A+','MALE',NULL,NULL,0,NULL),(444,1,1,1,1,'ARPIT',NULL,'BHASIN','1987-01-01','A+','MALE',NULL,NULL,0,NULL),(445,1,1,1,1,'SHIWA',NULL,'ADHIKARI','1987-01-01','A+','MALE',NULL,NULL,0,NULL),(446,1,1,1,1,'MANINDER',NULL,'SINGH','1987-01-01','A+','MALE',NULL,NULL,0,NULL),(447,1,1,1,1,'DHEERAJ',NULL,'KUMAR','1987-01-01','A+','MALE',NULL,NULL,0,NULL),(448,1,1,1,1,'GURMEET',NULL,'KUMAR','1987-01-01','A+','MALE',NULL,NULL,0,NULL),(449,1,1,1,1,'ASHISH',NULL,'SEHGAL','1987-01-01','A+','MALE',NULL,NULL,0,NULL),(450,1,1,1,1,'AMIT',NULL,'KUMAR','1987-01-01','A+','MALE',NULL,NULL,0,NULL),(451,1,1,1,1,'VISHAL',NULL,'VISHAL','1987-01-01','A+','MALE',NULL,NULL,0,NULL),(452,1,1,1,1,'PRINCE',NULL,'SHARMA','1987-01-01','A+','MALE',NULL,NULL,0,NULL),(453,1,1,1,1,'SUMIT',NULL,'RUHAL','1987-01-01','A+','MALE',NULL,NULL,0,NULL),(454,1,1,1,1,'LOVEJEET',NULL,'SINGH','1987-01-01','A+','MALE',NULL,NULL,0,NULL),(455,1,1,1,1,'SUNIL',NULL,'KUMAR','1987-01-01','A+','MALE',NULL,NULL,0,NULL),(456,1,1,1,1,'PARDEEP',NULL,'KUMAR','1987-01-01','A+','MALE',NULL,NULL,0,NULL),(457,1,1,1,1,'RAJESH',NULL,'TANWAR','1987-01-01','A+','MALE',NULL,NULL,0,NULL),(458,1,1,1,1,'SUNIL',NULL,'KANDPAL','1987-01-01','A+','MALE',NULL,NULL,0,NULL),(459,1,1,1,1,'SANDEEP',NULL,'KUMAR','1987-01-01','A+','MALE',NULL,NULL,0,NULL),(460,1,1,1,1,'HARDEEP',NULL,'SINGH','1987-01-01','A+','MALE',NULL,NULL,0,NULL),(461,1,1,1,1,'GURVINDER',NULL,'SINGH','1987-01-01','A+','MALE',NULL,NULL,0,NULL),(462,1,1,1,1,'SANDEEP',NULL,'YADAV','1987-01-01','A+','MALE',NULL,NULL,0,NULL),(463,1,1,1,1,'RAMESH',NULL,'KUMAR','1987-01-01','A+','MALE',NULL,NULL,0,NULL),(464,1,1,1,1,'ROHIT',NULL,'NARANG','1987-01-01','A+','MALE',NULL,NULL,0,NULL),(465,1,1,1,1,'VIRENDER',NULL,'KUMAR','1987-01-01','A+','MALE',NULL,NULL,0,NULL),(466,1,1,1,1,'TEJENDER',NULL,'KUMAR','1987-01-01','A+','MALE',NULL,NULL,0,NULL),(467,1,1,1,1,'RAHUL',NULL,'MALHOTRA','1987-01-01','A+','MALE',NULL,NULL,0,NULL),(468,1,1,1,1,'RAJINDER',NULL,'SINGH','1987-01-01','A+','MALE',NULL,NULL,0,NULL),(469,1,1,1,1,'RAMANDEEP',NULL,'RAMANDEEP','1987-01-01','A+','MALE',NULL,NULL,0,NULL),(470,1,1,1,1,'HARENDER',NULL,'HARENDER','1987-01-01','A+','MALE',NULL,NULL,0,NULL),(471,1,1,1,1,'SAHIL',NULL,'ARORA','1987-01-01','A+','MALE',NULL,NULL,0,NULL),(472,1,1,1,1,'PANKIL',NULL,'MALIK','1987-01-01','A+','MALE',NULL,NULL,0,NULL),(473,1,1,1,1,'ABHIJIT',NULL,'SAINI','1987-01-01','A+','MALE',NULL,NULL,0,NULL),(474,1,1,1,1,'GURJINDER',NULL,'SINGH','1987-01-01','A+','MALE',NULL,NULL,0,NULL),(475,1,1,1,1,'ANMOL',NULL,'BALI','1987-01-01','A+','MALE',NULL,NULL,0,NULL),(476,1,1,1,1,'SATISH',NULL,'KUMAR','1987-01-01','A+','MALE',NULL,NULL,0,NULL),(477,1,1,1,1,'AMIT',NULL,'SAINI','1987-01-01','A+','MALE',NULL,NULL,0,NULL),(478,1,1,1,1,'SHSHANK',NULL,'BHATLA','1987-01-01','A+','MALE',NULL,NULL,0,NULL),(479,1,1,1,1,'DEEPAK',NULL,'GARG','1987-01-01','A+','MALE',NULL,NULL,0,NULL),(480,1,1,1,1,'RAHUL',NULL,'GOYAL','1987-01-01','A+','MALE',NULL,NULL,0,NULL),(481,1,1,1,1,'HARSHIT',NULL,'RASTOGI','1987-01-01','A+','MALE',NULL,NULL,0,NULL),(482,1,1,1,1,'ANKUSH',NULL,'AGGARWAL','1987-01-01','A+','MALE',NULL,NULL,0,NULL),(483,1,1,1,1,'RAJEEV',NULL,'PRAJAPATI','1987-01-01','A+','MALE',NULL,NULL,0,NULL),(484,1,1,1,1,'VIPIN',NULL,'MOHIL','1987-01-01','A+','MALE',NULL,NULL,0,NULL),(485,1,1,1,1,'VIKAS',NULL,'SAINI','1987-01-01','A+','MALE',NULL,NULL,0,NULL),(486,1,1,1,1,'KARAN',NULL,'(KM)','1987-01-01','A+','MALE',NULL,NULL,0,NULL),(487,1,1,1,1,'AMAN',NULL,'DHIMAN','1987-01-01','A+','MALE',NULL,NULL,0,NULL),(488,1,1,1,1,'LALIT',NULL,'KUMAR','1987-01-01','A+','MALE',NULL,NULL,0,NULL),(489,1,1,1,1,'RAMAN',NULL,'KUMAR','1987-01-01','A+','MALE',NULL,NULL,0,NULL),(490,1,1,1,1,'NAVNEET',NULL,'SINGH','1987-01-01','A+','MALE',NULL,NULL,0,NULL),(491,1,1,1,1,'VINOD',NULL,'SANDHU','1987-01-01','A+','MALE',NULL,NULL,0,NULL),(492,1,1,1,1,'SUMIT',NULL,'WALIA','1987-01-01','A+','MALE',NULL,NULL,0,NULL),(493,1,1,1,1,'SHAMPUMAN',NULL,'GOYAL','1987-01-01','A+','MALE',NULL,NULL,0,NULL),(494,1,1,1,1,'KASHISH',NULL,'KHATRI','1987-01-01','A+','MALE',NULL,NULL,0,NULL),(495,1,1,1,1,'ADITYA',NULL,'SHARMA','1987-01-01','A+','MALE',NULL,NULL,0,NULL),(496,1,1,1,1,'NAVEEN',NULL,'CHUGH','1987-01-01','A+','MALE',NULL,NULL,0,NULL),(497,1,1,1,1,'RUPINDER',NULL,'KAUR','1987-01-01','A+','MALE',NULL,NULL,1,NULL),(498,1,1,1,1,'GURSHEEN',NULL,'MATTA','1987-01-01','A+','MALE',NULL,NULL,1,NULL),(499,1,1,1,1,'RUCHITA',NULL,'SINGH','1987-01-01','A+','MALE',NULL,NULL,1,NULL),(500,1,1,1,1,'ANIL',NULL,'KUMAR','1987-01-01','A+','MALE',NULL,NULL,1,NULL),(501,1,1,1,1,'SURJEET',NULL,'KAUR','1987-01-01','A+','MALE',NULL,NULL,1,NULL),(502,1,1,1,1,'GARIMA',NULL,'GARIMA','1987-01-01','A+','MALE',NULL,NULL,1,NULL),(503,1,1,1,1,'JASPREET',NULL,'SINGH','1987-01-01','A+','MALE',NULL,NULL,1,NULL),(504,1,1,1,1,'SWETA',NULL,'SWETA','1987-01-01','A+','MALE',NULL,NULL,1,NULL),(505,1,1,1,1,'HARSH',NULL,'KUMAR','1987-01-01','A+','MALE',NULL,NULL,1,NULL),(506,1,1,1,1,'AMRIT',NULL,'SINGH','1987-01-01','A+','MALE',NULL,NULL,1,NULL),(507,1,1,1,1,'CHARANJIT',NULL,'SINGH','1987-01-01','A+','MALE',NULL,NULL,1,NULL),(508,1,1,1,1,'SUMITI',NULL,'BANSAL','1987-01-01','A+','MALE',NULL,NULL,1,NULL),(509,1,1,1,1,'ROOPALI',NULL,'JAIN','1987-01-01','A+','MALE',NULL,NULL,1,NULL),(510,1,1,1,1,'KOMAL',NULL,'VERMA','1987-01-01','A+','MALE',NULL,NULL,1,NULL),(511,1,1,1,1,'PRARTHANA',NULL,'PRARTHANA','1987-01-01','A+','MALE',NULL,NULL,1,NULL),(512,1,1,1,1,'BABITA',NULL,'BABITA','1987-01-01','A+','MALE',NULL,NULL,1,NULL),(513,1,1,1,1,'SUMIT',NULL,'DHIMAN','1987-01-01','A+','MALE',NULL,NULL,1,NULL),(514,1,1,1,1,'HARPREET',NULL,'KAUR','1987-01-01','A+','MALE',NULL,NULL,1,NULL),(515,1,1,1,1,'SAGAR',NULL,'SAGAR','1987-01-01','A+','MALE',NULL,NULL,1,NULL),(516,1,1,1,1,'SUMIT',NULL,'SAINI','1987-01-01','A+','MALE',NULL,NULL,1,NULL),(517,1,1,1,1,'TWINKLE',NULL,'TWINKLE','1987-01-01','A+','MALE',NULL,NULL,1,NULL),(518,1,1,1,1,'MAMTA',NULL,'RANI','1987-01-01','A+','MALE',NULL,NULL,1,NULL),(519,1,1,1,1,'ANJALI',NULL,'CHAUHAN','1987-01-01','A+','MALE',NULL,NULL,1,NULL),(520,1,1,1,1,'RAMIKA',NULL,'RAMIKA','1987-01-01','A+','MALE',NULL,NULL,1,NULL),(521,1,1,1,1,'NISHANK',NULL,'ARORA','1987-01-01','A+','MALE',NULL,NULL,1,NULL),(522,1,1,1,1,'SATVINDER',NULL,'KAUR','1987-01-01','A+','MALE',NULL,NULL,1,NULL),(523,1,1,1,1,'MANPREET',NULL,'KAUR','1987-01-01','A+','MALE',NULL,NULL,1,NULL),(524,1,1,1,1,'NEERAJ',NULL,'NEERAJ','1987-01-01','A+','MALE',NULL,NULL,1,NULL),(525,1,1,1,1,'PRABHJOT',NULL,'KAUR','1987-01-01','A+','MALE',NULL,NULL,1,NULL),(526,1,1,1,1,'DIPESH',NULL,'WALIA','1987-01-01','A+','MALE',NULL,NULL,1,NULL),(527,1,1,1,1,'MANPREET',NULL,'KAUR','1987-01-01','A+','MALE',NULL,NULL,1,NULL),(528,1,1,1,1,'JAGDEEP',NULL,'KAUR','1987-01-01','A+','MALE',NULL,NULL,1,NULL),(529,1,1,1,1,'ARUN',NULL,'KUMAR','1987-01-01','A+','MALE',NULL,NULL,1,NULL),(530,1,1,1,1,'VIVEK',NULL,'KUMAR','1987-01-01','A+','MALE',NULL,NULL,1,NULL),(531,1,1,1,1,'AMAN',NULL,'AMAN','1987-01-01','A+','MALE',NULL,NULL,1,NULL),(532,1,1,1,1,'PARMINA',NULL,'PARMINA','1987-01-01','A+','MALE',NULL,NULL,1,NULL),(533,1,1,1,1,'SANDEEP',NULL,'SANDEEP','1987-01-01','A+','MALE',NULL,NULL,1,NULL),(534,1,1,1,1,'AMANDEEP',NULL,'KAUR','1987-01-01','A+','MALE',NULL,NULL,1,NULL),(535,1,1,1,1,'SHIVANI',NULL,'AGGARWAL','1987-01-01','A+','MALE',NULL,NULL,1,NULL),(536,1,1,1,1,'RAHUL',NULL,'GUPTA','1987-01-01','A+','MALE',NULL,NULL,1,NULL),(537,1,1,1,1,'ARPAN',NULL,'JAIN','1987-01-01','A+','MALE',NULL,NULL,1,NULL),(538,1,1,1,1,'SUKHPAL',NULL,'SAINI','1987-01-01','A+','MALE',NULL,NULL,1,NULL),(539,1,1,1,1,'JASBIR',NULL,'SINGH','1987-01-01','A+','MALE',NULL,NULL,1,NULL),(540,1,1,1,1,'PAWANDEEP',NULL,'SINGH','1987-01-01','A+','MALE',NULL,NULL,1,NULL),(541,1,1,1,1,'HEENA',NULL,'GUPTA','1987-01-01','A+','MALE',NULL,NULL,1,NULL),(542,1,1,1,1,'NIDHI',NULL,'SANGWAN','1987-01-01','A+','MALE',NULL,NULL,1,NULL),(543,1,1,1,1,'BHARTI',NULL,'VAISH','1987-01-01','A+','MALE',NULL,NULL,1,NULL),(544,1,1,1,1,'BHARAT',NULL,'BYAN','1987-01-01','A+','MALE',NULL,NULL,1,NULL),(545,1,1,1,1,'TANISHA',NULL,'AGGARWAL','1987-01-01','A+','MALE',NULL,NULL,1,NULL),(546,1,1,1,1,'AASTHA',NULL,'KAPOOR','1987-01-01','A+','MALE',NULL,NULL,1,NULL),(547,1,1,1,1,'MANPREET',NULL,'KAUR','1987-01-01','A+','MALE',NULL,NULL,1,NULL),(548,1,1,1,1,'ADITI',NULL,'PRIYADARSHANI','1987-01-01','A+','MALE',NULL,NULL,1,NULL),(549,1,1,1,1,'SIDHARTH',NULL,'CHAUDHARY','1987-01-01','A+','MALE',NULL,NULL,1,NULL),(550,1,1,1,1,'YUDHVEER',NULL,'SINGH','1987-01-01','A+','MALE',NULL,NULL,1,NULL),(551,1,1,1,1,'ANURAG',NULL,'DIXIT','1987-01-01','A+','MALE',NULL,NULL,1,NULL),(552,1,1,1,1,'CHIRAG',NULL,'GARG','1987-01-01','A+','MALE',NULL,NULL,1,NULL),(553,1,1,1,1,'RAHUL',NULL,'MITTAL','1987-01-01','A+','MALE',NULL,NULL,1,NULL),(554,1,1,1,1,'SURUCHI',NULL,'GUPTA','1987-01-01','A+','MALE',NULL,NULL,1,NULL),(555,1,1,1,1,'RAVINDER',NULL,NULL,'1987-01-01','A+','MALE',NULL,NULL,1,NULL),(556,1,1,1,1,'SONU',NULL,'SAHA','1987-01-01','A+','MALE',NULL,NULL,1,NULL),(557,1,1,1,1,'LEENU',NULL,'PANDITA','1987-01-01','A+','MALE',NULL,NULL,0,NULL),(558,1,1,1,1,'KUSHAL',NULL,'SHARMA','1987-01-01','A+','MALE',NULL,NULL,0,NULL),(559,1,1,1,1,'NITIN',NULL,'SONI','1987-01-01','A+','MALE',NULL,NULL,0,NULL),(560,1,1,1,1,'RAHUL',NULL,'RAHUL','1987-01-01','A+','MALE',NULL,NULL,0,NULL),(561,1,1,1,1,'AMANDEEP',NULL,'KAUR','1987-01-01','A+','MALE',NULL,NULL,0,NULL),(562,1,1,1,1,'DEEPIKA',NULL,'DEEPIKA','1987-01-01','A+','MALE',NULL,NULL,0,NULL),(563,1,1,1,1,'ANJU',NULL,'RANI','1987-01-01','A+','MALE',NULL,NULL,0,NULL),(564,1,1,1,1,'MANDEEP',NULL,'KAUR','1987-01-01','A+','MALE',NULL,NULL,1,NULL),(565,1,1,1,1,'VARUN',NULL,'GOEL','1987-01-01','A+','MALE',NULL,NULL,1,NULL),(566,1,1,1,1,'VIVEK',NULL,'BATRA','1987-01-01','A+','MALE',NULL,NULL,1,NULL),(567,1,1,1,1,'VIVEK',NULL,'SINGH','1987-01-01','A+','MALE',NULL,NULL,1,NULL),(568,1,1,1,1,'DHAIRYA',NULL,'SINGH','1987-01-01','A+','MALE',NULL,NULL,1,NULL),(569,1,1,1,1,'MANAN',NULL,'GAUR','1987-01-01','A+','MALE',NULL,NULL,1,NULL),(570,1,1,1,1,'GOURAV',NULL,'GOURAV','1987-01-01','A+','MALE',NULL,NULL,1,NULL),(571,1,1,1,1,'AJAY',NULL,'KUMAR','1987-01-01','A+','MALE',NULL,NULL,1,NULL),(572,1,1,1,1,'MANISH',NULL,'SAINI','1987-01-01','A+','MALE',NULL,NULL,1,NULL),(573,1,1,1,1,'SAPNA',NULL,'SADYAN','1987-01-01','A+','MALE',NULL,NULL,1,NULL),(574,1,1,1,1,'MEENAKSHI',NULL,'MEENAKSHI','1987-01-01','A+','MALE',NULL,NULL,1,NULL),(575,1,1,1,1,'DEEPTI',NULL,'DEEPTI','1987-01-01','A+','MALE',NULL,NULL,1,NULL),(576,1,1,1,1,'SHIVANGI',NULL,'BILORA','1987-01-01','A+','MALE',NULL,NULL,0,NULL),(577,1,1,1,1,'SANJIV',NULL,'KUMAR','1987-01-01','A+','MALE',NULL,NULL,0,NULL),(578,1,1,1,1,'ADITYA',NULL,'ADITYA','1987-01-01','A+','MALE',NULL,NULL,1,NULL),(579,1,1,1,1,'PARVEEN',NULL,'PARVEEN','1987-01-01','A+','MALE',NULL,NULL,0,NULL),(580,1,1,1,1,'MUKESH',NULL,'KUMAR','1987-01-01','A+','MALE',NULL,NULL,0,NULL),(581,1,1,1,1,'RAMAN',NULL,'KUMAR','1987-01-01','A+','MALE',NULL,NULL,1,NULL),(582,1,1,1,1,'SUDHANSHU',NULL,'MOHAN','1987-01-01','A+','MALE',NULL,NULL,1,NULL),(583,1,1,1,1,'BHAWANA',NULL,'BHAWANA','1987-01-01','A+','MALE',NULL,NULL,1,NULL),(584,1,1,1,1,'NEHA',NULL,'JASSI','1987-01-01','A+','MALE',NULL,NULL,1,NULL),(585,1,1,1,1,'JITENDER',NULL,'KUMAR','1987-01-01','A+','MALE',NULL,NULL,1,NULL),(586,1,1,1,1,'PRITISHTHA',NULL,'GUPTA','1987-01-01','A+','MALE',NULL,NULL,1,NULL),(587,1,1,1,1,'APARNA',NULL,'TOMAR','1987-01-01','A+','MALE',NULL,NULL,1,NULL),(588,1,1,1,1,'RAVEENA',NULL,'SAINI','1987-01-01','A+','MALE',NULL,NULL,1,NULL),(589,1,1,1,1,'SANDEEP',NULL,'SINGHAL','1987-01-01','A+','MALE',NULL,NULL,1,NULL),(590,1,1,1,1,'GITESH',NULL,'JHA','1987-01-01','A+','MALE',NULL,NULL,1,NULL),(591,1,1,1,1,'VINOD',NULL,'KUMAR','1987-01-01','A+','MALE',NULL,NULL,1,NULL),(592,1,1,1,1,'JAGVINDER',NULL,'SINGH','1987-01-01','A+','MALE',NULL,NULL,0,NULL),(593,1,1,1,1,'RAJAT',NULL,'NARWAL','1987-01-01','A+','MALE',NULL,NULL,1,NULL),(594,1,1,1,1,'SUMEDHA',NULL,'AGGARWAL','1987-01-01','A+','MALE',NULL,NULL,1,NULL),(595,1,1,1,1,'BHANU',NULL,'PRIYA','1987-01-01','A+','MALE',NULL,NULL,1,NULL),(596,1,1,1,1,'SOHAN',NULL,'LAL','1987-01-01','A+','MALE',NULL,NULL,1,NULL),(597,1,1,1,1,'ADITYA',NULL,'KUMAR','1987-01-01','A+','MALE',NULL,NULL,1,NULL),(598,1,1,1,1,'RAMANDEEP',NULL,'SINGH','1987-01-01','A+','MALE',NULL,NULL,1,NULL),(599,1,1,1,1,'KANIKA',NULL,'KANIKA','1987-01-01','A+','MALE',NULL,NULL,1,NULL),(600,1,1,1,1,'VIKAS',NULL,'CHANDER','1987-01-01','A+','MALE',NULL,NULL,1,NULL),(601,1,1,1,1,'VIKAS',NULL,'SAINI','1987-01-01','A+','MALE',NULL,NULL,1,NULL),(602,1,1,1,1,'SAHIL',NULL,'PAHWA','1987-01-01','A+','MALE',NULL,NULL,1,NULL),(603,1,1,1,1,'RAM',NULL,'SINGH','1987-01-01','A+','MALE',NULL,NULL,1,NULL),(604,1,1,1,1,'NEETU',NULL,'THIND','1987-01-01','A+','MALE',NULL,NULL,1,NULL),(605,1,1,1,1,'KOMAL',NULL,'KOMAL','1987-01-01','A+','MALE',NULL,NULL,1,NULL),(606,1,1,1,1,'TARUN',NULL,'SHARMA','1987-01-01','A+','MALE',NULL,NULL,1,NULL),(607,1,1,1,1,'SAHIL',NULL,'DHIMAN','1987-01-01','A+','MALE',NULL,NULL,1,NULL),(608,1,1,1,1,'VASTSALA',NULL,'NIRJHAR','1987-01-01','A+','MALE',NULL,NULL,1,NULL),(609,1,1,1,1,'NEHA',NULL,'ARYA','1987-01-01','A+','MALE',NULL,NULL,1,NULL),(610,1,1,1,1,'SHIPRA',NULL,'GERA','1987-01-01','A+','MALE',NULL,NULL,1,NULL),(611,1,1,1,1,'HITESH',NULL,'KAPIL','1987-01-01','A+','MALE',NULL,NULL,1,NULL),(612,1,1,1,1,'SHRDHA',NULL,'CHAWLA','1987-01-01','A+','MALE',NULL,NULL,1,NULL),(613,1,1,1,1,'DHEERAJ',NULL,'DHINGRA','1987-01-01','A+','MALE',NULL,NULL,1,NULL),(614,1,1,1,1,'AKHIL',NULL,'GUPTA','1987-01-01','A+','MALE',NULL,NULL,1,NULL),(615,1,1,1,1,'SIDDHANT',NULL,'PAHWA','1987-01-01','A+','MALE',NULL,NULL,1,NULL),(616,1,1,1,1,'AMIT',NULL,'CHAUHAN','1987-01-01','A+','MALE',NULL,NULL,1,NULL),(617,1,1,1,1,'ANIKAIT',NULL,'JAIN','1987-01-01','A+','MALE',NULL,NULL,1,NULL),(618,1,1,1,1,'K',NULL,'JAGATHI','1987-01-01','A+','MALE',NULL,NULL,1,NULL),(619,1,1,1,1,'RAHUL',NULL,'KHATTI','1987-01-01','A+','MALE',NULL,NULL,1,NULL),(620,1,1,1,1,'ANAND',NULL,'RAWAT','1987-01-01','A+','MALE',NULL,NULL,1,NULL),(621,1,1,1,1,'ANUJ',NULL,NULL,'1987-01-01','A+','MALE',NULL,NULL,1,NULL),(622,1,1,1,1,'ANKIT',NULL,'AHUJA','1987-01-01','A+','MALE',NULL,NULL,1,NULL),(623,1,1,1,1,'HIMANSHU',NULL,'BHUTANI','1987-01-01','A+','MALE',NULL,NULL,1,NULL),(624,1,1,1,1,'AKANKSHA',NULL,'(KM)','1987-01-01','A+','MALE',NULL,NULL,1,NULL),(625,1,1,1,1,'SAHIL',NULL,'DHIMAN','1987-01-01','A+','MALE',NULL,NULL,0,NULL),(626,1,1,1,1,'ANIL',NULL,'KUMAR','1987-01-01','A+','MALE',NULL,NULL,0,NULL),(627,1,1,1,1,'MANISH',NULL,'PASSI','1987-01-01','A+','MALE',NULL,NULL,0,NULL),(628,1,1,1,1,'DIMPLE',NULL,'KUMAR','1987-01-01','A+','MALE',NULL,NULL,0,NULL),(629,1,1,1,1,'MANISH',NULL,'SHARMA','1987-01-01','A+','MALE',NULL,NULL,0,NULL),(630,1,1,1,1,'PALLAVI',NULL,'MEHTA','1987-01-01','A+','MALE',NULL,NULL,0,NULL),(631,1,1,1,1,'RUCHI',NULL,'DHIMAN','1987-01-01','A+','MALE',NULL,NULL,1,NULL),(632,1,1,1,1,'HIMANI',NULL,'SINGH','1987-01-01','A+','MALE',NULL,NULL,1,NULL),(633,1,1,1,1,'ROHIT',NULL,'KUMAR','1987-01-01','A+','MALE',NULL,NULL,1,NULL),(634,1,1,1,1,'SUNIL',NULL,'KUMAR','1987-01-01','A+','MALE',NULL,NULL,1,NULL),(635,1,1,1,1,'NAVEEN',NULL,'NAVEEN','1987-01-01','A+','MALE',NULL,NULL,1,NULL),(636,1,1,1,1,'GURPREET',NULL,'SIDHU','1987-01-01','A+','MALE',NULL,NULL,1,NULL),(637,1,1,1,1,'PRIKSHIT',NULL,'PRIKSHIT','1987-01-01','A+','MALE',NULL,NULL,1,NULL),(638,1,1,1,1,'SHAILENDER',NULL,'PATEL','1987-01-01','A+','MALE',NULL,NULL,1,NULL),(639,1,1,1,1,'KANUPRIYA',NULL,'KANUPRIYA','1987-01-01','A+','MALE',NULL,NULL,1,NULL),(640,1,1,1,1,'TANU',NULL,'BHATIA','1987-01-01','A+','MALE',NULL,NULL,1,NULL),(641,1,1,1,1,'SUNIL',NULL,'KUMAR','1987-01-01','A+','MALE',NULL,NULL,1,NULL),(642,1,1,1,1,'PRADEEP',NULL,'KUMAR','1987-01-01','A+','MALE',NULL,NULL,1,NULL),(643,1,1,1,1,'PURNIMA',NULL,'KHURANA','1987-01-01','A+','MALE',NULL,NULL,1,NULL),(644,1,1,1,1,'SAHIL',NULL,'SHARMA','1987-01-01','A+','MALE',NULL,NULL,1,NULL),(645,1,1,1,1,'HIMANSHU',NULL,'SHARMA','1987-01-01','A+','MALE',NULL,NULL,1,NULL),(646,1,1,1,1,'LOVEY',NULL,'SHARMA','1987-01-01','A+','MALE',NULL,NULL,1,NULL),(647,1,1,1,1,'SIMMI',NULL,'SIMMI','1987-01-01','A+','MALE',NULL,NULL,1,NULL),(648,1,1,1,1,'RITIKA',NULL,'SHARMA','1987-01-01','A+','MALE',NULL,NULL,1,NULL),(649,1,1,1,1,'ABHIMANYU',NULL,'ABHIMANYU','1987-01-01','A+','MALE',NULL,NULL,1,NULL),(650,1,1,1,1,'VAISHALI',NULL,'VAISHALI','1987-01-01','A+','MALE',NULL,NULL,1,NULL),(651,1,1,1,1,'KAPIL',NULL,'KAPIL','1987-01-01','A+','MALE',NULL,NULL,1,NULL),(652,1,1,1,1,'RADHESHAM',NULL,'RADHESHAM','1987-01-01','A+','MALE',NULL,NULL,1,NULL),(653,1,1,1,1,'PAWAN',NULL,'TOMER','1987-01-01','A+','MALE',NULL,NULL,1,NULL),(654,1,1,1,1,'PRAVESH',NULL,'MALIK','1987-01-01','A+','MALE',NULL,NULL,1,NULL),(655,1,1,1,1,'KOMAL',NULL,'KOMAL','1987-01-01','A+','MALE',NULL,NULL,1,NULL),(656,1,1,1,1,'PRAFUL',NULL,'SHARMA','1987-01-01','A+','MALE',NULL,NULL,1,NULL),(657,1,1,1,1,'SURENDER',NULL,'KUMAR','1987-01-01','A+','MALE',NULL,NULL,1,NULL),(658,1,1,1,1,'MANJARI',NULL,'VYAS','1987-01-01','A+','MALE',NULL,NULL,1,NULL),(659,1,1,1,1,'NITISH',NULL,'SAINI','1987-01-01','A+','MALE',NULL,NULL,1,NULL),(660,1,1,1,1,'AMAN',NULL,'SHARMA','1987-01-01','A+','MALE',NULL,NULL,1,NULL),(661,1,1,1,1,'POONAM',NULL,'BANGIA','1987-01-01','A+','MALE',NULL,NULL,1,NULL),(662,1,1,1,1,'SUMIT',NULL,'KUMAR','1987-01-01','A+','MALE',NULL,NULL,1,NULL),(663,1,1,1,1,'ARUSHI',NULL,'BATRA','1987-01-01','A+','MALE',NULL,NULL,1,NULL),(664,1,1,1,1,'DEEPAM',NULL,'BHARARA','1987-01-01','A+','MALE',NULL,NULL,1,NULL),(665,1,1,1,1,'RISHU',NULL,'RISHU','1987-01-01','A+','MALE',NULL,NULL,1,NULL),(666,1,1,1,1,'LALIT',NULL,'KAPUR','1987-01-01','A+','MALE',NULL,NULL,1,NULL),(667,1,1,1,1,'MANISHA',NULL,'SHARMA','1987-01-01','A+','MALE',NULL,NULL,1,NULL),(668,1,1,1,1,'NAVNEET',NULL,'KAUR','1987-01-01','A+','MALE',NULL,NULL,1,NULL),(669,1,1,1,1,'SUMEGHA',NULL,'KOHLI','1987-01-01','A+','MALE',NULL,NULL,1,NULL),(670,1,1,1,1,'ANKUSH',NULL,'GARG','1987-01-01','A+','MALE',NULL,NULL,1,NULL),(671,1,1,1,1,'PARISH',NULL,'AGGARWAL','1987-01-01','A+','MALE',NULL,NULL,1,NULL),(672,1,1,1,1,'NEERAJ',NULL,'NEERAJ','1987-01-01','A+','MALE',NULL,NULL,1,NULL),(673,1,1,1,1,'LAKSHDEEP',NULL,'SODHI','1987-01-01','A+','MALE',NULL,NULL,1,NULL),(674,1,1,1,1,'POOJA',NULL,'YADAV','1987-01-01','A+','MALE',NULL,NULL,1,NULL),(675,1,1,1,1,'ANUPAM',NULL,'MANGAT','1987-01-01','A+','MALE',NULL,NULL,1,NULL),(676,1,1,1,1,'SUMANPREET',NULL,'KAUR','1987-01-01','A+','MALE',NULL,NULL,1,NULL),(677,1,1,1,1,'ARUSHI',NULL,'SABHARWAL','1987-01-01','A+','MALE',NULL,NULL,1,NULL),(678,1,1,1,1,'LALIT',NULL,'KUMAR','1987-01-01','A+','MALE',NULL,NULL,1,NULL),(679,1,1,1,1,'ANKUR',NULL,'SAWHNEY','1987-01-01','A+','MALE',NULL,NULL,1,NULL),(680,1,1,1,1,'BALDEEP',NULL,'SINGH','1987-01-01','A+','MALE',NULL,NULL,1,NULL),(681,1,1,1,1,'DARPAN',NULL,'VERMA','1987-01-01','A+','MALE',NULL,NULL,1,NULL),(682,1,1,1,1,'NIYATI',NULL,'SAINI','1987-01-01','A+','MALE',NULL,NULL,1,NULL),(683,1,1,1,1,'KHUSHI',NULL,'KHUSHI','1987-01-01','A+','MALE',NULL,NULL,1,NULL),(684,1,1,1,1,'AKANSHI',NULL,'KAKROO(KM)','1987-01-01','A+','MALE',NULL,NULL,1,NULL),(685,1,1,1,1,'HEMANT',NULL,'KUMAR','1987-01-01','A+','MALE',NULL,NULL,0,NULL),(686,1,1,1,1,'PRINCE',NULL,'KUMAR','1987-01-01','A+','MALE',NULL,NULL,0,NULL),(687,1,1,1,1,'AMIT',NULL,'KUMAR','1987-01-01','A+','MALE',NULL,NULL,0,NULL),(688,1,1,1,1,'GAURAV',NULL,'KUMAR','1987-01-01','A+','MALE',NULL,NULL,0,NULL),(689,1,1,1,1,'NIKESH',NULL,'CHANDER','1987-01-01','A+','MALE',NULL,NULL,0,NULL),(690,1,1,1,1,'SARITA',NULL,'RANI','1987-01-01','A+','MALE',NULL,NULL,1,NULL),(691,1,1,1,1,'RAKESH',NULL,'KUMAR','1987-01-01','A+','MALE',NULL,NULL,1,NULL),(692,1,1,1,1,'PANKAJ',NULL,'BHATIA','1987-01-01','A+','MALE',NULL,NULL,1,NULL),(693,1,1,1,1,'SUNIL',NULL,'KUMAR','1987-01-01','A+','MALE',NULL,NULL,1,NULL),(694,1,1,1,1,'VIPIN',NULL,'KUMAR','1987-01-01','A+','MALE',NULL,NULL,1,NULL),(695,1,1,1,1,'SACHIN',NULL,'KUMAR','1987-01-01','A+','MALE',NULL,NULL,1,NULL),(696,1,1,1,1,'AIVIN',NULL,'PAIK','1987-01-01','A+','MALE',NULL,NULL,1,NULL),(697,1,1,1,1,'PARVEEN',NULL,'KUMAR','1987-01-01','A+','MALE',NULL,NULL,1,NULL),(698,1,1,1,1,'BHARAT',NULL,'DHAMIJA','1987-01-01','A+','MALE',NULL,NULL,1,NULL),(699,1,1,1,1,'VINAY',NULL,'KUMAR','1987-01-01','A+','MALE',NULL,NULL,1,NULL),(700,1,1,1,1,'GURJIT',NULL,'SINGH','1987-01-01','A+','MALE',NULL,NULL,1,NULL),(701,1,1,1,1,'VINAY',NULL,'GOSAIN','1987-01-01','A+','MALE',NULL,NULL,1,NULL),(702,1,1,1,1,'AMAN',NULL,'AMAN','1987-01-01','A+','MALE',NULL,NULL,1,NULL),(703,1,1,1,1,'SIDHARTH',NULL,'JASORIYA','1987-01-01','A+','MALE',NULL,NULL,1,NULL),(704,1,1,1,1,'KAMAL',NULL,'KUMAR','1987-01-01','A+','MALE',NULL,NULL,1,NULL),(705,1,1,1,1,'NEERAJ',NULL,'MAHAL','1987-01-01','A+','MALE',NULL,NULL,1,NULL),(706,1,1,1,1,'SUKHJINDER',NULL,'SINGH','1987-01-01','A+','MALE',NULL,NULL,1,NULL),(707,1,1,1,1,'NIKHIL',NULL,'SANGWAN','1987-01-01','A+','MALE',NULL,NULL,1,NULL),(708,1,1,1,1,'ASHISH',NULL,'ASHISH','1987-01-01','A+','MALE',NULL,NULL,1,NULL),(709,1,1,1,1,'SACHIN',NULL,'KAMBOJ','1987-01-01','A+','MALE',NULL,NULL,1,NULL),(710,1,1,1,1,'ABHISHEK',NULL,'KUMAR','1987-01-01','A+','MALE',NULL,NULL,1,NULL),(711,1,1,1,1,'MANU',NULL,'CHAUDHARY','1987-01-01','A+','MALE',NULL,NULL,1,NULL),(712,1,1,1,1,'VINEET',NULL,'KUMAR','1987-01-01','A+','MALE',NULL,NULL,1,NULL),(713,1,1,1,1,'AASHISH',NULL,'GUPTA','1987-01-01','A+','MALE',NULL,NULL,1,NULL),(714,1,1,1,1,'NEERAJ',NULL,'SHARMA','1987-01-01','A+','MALE',NULL,NULL,1,NULL),(715,1,1,1,1,'DHIRENDER',NULL,'YADAV','1987-01-01','A+','MALE',NULL,NULL,1,NULL),(716,1,1,1,1,'RAJNISH',NULL,'RAJNISH','1987-01-01','A+','MALE',NULL,NULL,1,NULL),(717,1,1,1,1,'SANDEEP',NULL,'KUMAR','1987-01-01','A+','MALE',NULL,NULL,1,NULL),(718,1,1,1,1,'VIKRAM',NULL,'PAL','1987-01-01','A+','MALE',NULL,NULL,1,NULL),(719,1,1,1,1,'RAJU',NULL,'SONI','1987-01-01','A+','MALE',NULL,NULL,1,NULL),(720,1,1,1,1,'RAJINDER',NULL,'SAINI','1987-01-01','A+','MALE',NULL,NULL,1,NULL),(721,1,1,1,1,'JITENDER',NULL,'VERMA','1987-01-01','A+','MALE',NULL,NULL,1,NULL),(722,1,1,1,1,'MUNESH',NULL,'KUMAR','1987-01-01','A+','MALE',NULL,NULL,1,NULL),(723,1,1,1,1,'ANMOL',NULL,NULL,'1987-01-01','A+','MALE',NULL,NULL,1,NULL),(724,1,1,1,1,'NITISH',NULL,'NITISH','1987-01-01','A+','MALE',NULL,NULL,1,NULL),(725,1,1,1,1,'NARESH',NULL,'KUMAR','1987-01-01','A+','MALE',NULL,NULL,1,NULL),(726,1,1,1,1,'VIKRAM',NULL,'SINGH','1987-01-01','A+','MALE',NULL,NULL,1,NULL),(727,1,1,1,1,'JASBIR',NULL,'SINGH','1987-01-01','A+','MALE',NULL,NULL,1,NULL),(728,1,1,1,1,'SUMIT',NULL,'GAUTAM','1987-01-01','A+','MALE',NULL,NULL,1,NULL),(729,1,1,1,1,'GITESH',NULL,'ARORA','1987-01-01','A+','MALE',NULL,NULL,1,NULL),(730,1,1,1,1,'BALVINDER',NULL,'SINGH','1987-01-01','A+','MALE',NULL,NULL,1,NULL),(731,1,1,1,1,'NIKHIL',NULL,'VERMA','1987-01-01','A+','MALE',NULL,NULL,1,NULL),(732,1,1,1,1,'GAURAV',NULL,'SHARMA','1987-01-01','A+','MALE',NULL,NULL,1,NULL),(733,1,1,1,1,'BIDYA',NULL,'MISHRA','1987-01-01','A+','MALE',NULL,NULL,1,NULL),(734,1,1,1,1,'ABHISHEK',NULL,'JAIN','1987-01-01','A+','MALE',NULL,NULL,1,NULL),(735,1,1,1,1,'UJJWAL',NULL,'HARCHAND','1987-01-01','A+','MALE',NULL,NULL,1,NULL),(736,1,1,1,1,'NARENDER',NULL,'KUMAR','1987-01-01','A+','MALE',NULL,NULL,1,NULL),(737,1,1,1,1,'NEERAJ',NULL,'SINGH','1987-01-01','A+','MALE',NULL,NULL,1,NULL),(738,1,1,1,1,'MANOJ',NULL,'KUMAR','1987-01-01','A+','MALE',NULL,NULL,1,NULL),(739,1,1,1,1,'ANURAG',NULL,'PANDEY','1987-01-01','A+','MALE',NULL,NULL,1,NULL),(740,1,1,1,1,'GURPREET',NULL,'SINGH','1987-01-01','A+','MALE',NULL,NULL,1,NULL),(741,1,1,1,1,'AJAY',NULL,'CHAUHAN','1987-01-01','A+','MALE',NULL,NULL,1,NULL),(742,1,1,1,1,'SANDEEP',NULL,'KUMAR','1987-01-01','A+','MALE',NULL,NULL,1,NULL),(743,1,1,1,1,'SUMEET',NULL,'KOUL(KM)','1987-01-01','A+','MALE',NULL,NULL,0,NULL),(744,1,1,1,1,'VISHNU',NULL,'PAL','1987-01-01','A+','MALE',NULL,NULL,0,NULL),(745,1,1,1,1,'MANISH',NULL,'KUMAR','1987-01-01','A+','MALE',NULL,NULL,0,NULL),(746,1,1,1,1,'SOHAN',NULL,'LAL','1987-01-01','A+','MALE',NULL,NULL,0,NULL),(747,1,1,1,1,'HITESH',NULL,'KALOTA','1987-01-01','A+','MALE',NULL,NULL,0,NULL),(748,1,1,1,1,'MANDEEP',NULL,'SINGH','1987-01-01','A+','MALE',NULL,NULL,0,NULL),(749,1,1,1,1,'ATUL',NULL,'MARKANDAY','1987-01-01','A+','MALE',NULL,NULL,0,NULL),(750,1,1,1,1,'NAVJOT',NULL,'INJRAH','1987-01-01','A+','MALE',NULL,NULL,0,NULL),(751,1,1,1,1,'RAHUL',NULL,'RAHUL','1987-01-01','A+','MALE',NULL,NULL,0,NULL),(752,1,1,1,1,'SUMIT',NULL,'SAINI','1987-01-01','A+','MALE',NULL,NULL,0,NULL),(753,1,1,1,1,'GURJENT',NULL,'SINGH','1987-01-01','A+','MALE',NULL,NULL,0,NULL),(754,1,1,1,1,'AMANDEEP',NULL,'SINGH','1987-01-01','A+','MALE',NULL,NULL,0,NULL),(755,1,1,1,1,'PARDEEP',NULL,'SHARMA','1987-01-01','A+','MALE',NULL,NULL,0,NULL),(756,1,1,1,1,'AMAN',NULL,'SACHDEVA','1987-01-01','A+','MALE',NULL,NULL,1,NULL),(757,1,1,1,1,'CHAITANYA',NULL,NULL,'1987-01-01','A+','MALE',NULL,NULL,1,NULL),(758,1,1,1,1,'SHAHEEN',NULL,'SIKRI','1987-01-01','A+','MALE',NULL,NULL,1,NULL),(759,1,1,1,1,'RUCHIKA',NULL,'BATRA','1987-01-01','A+','MALE',NULL,NULL,1,NULL),(760,1,1,1,1,'MANISH',NULL,'AGGARWAL','1987-01-01','A+','MALE',NULL,NULL,1,NULL),(761,1,1,1,1,'PRATIBHA',NULL,'ROHILLA','1987-01-01','A+','MALE',NULL,NULL,1,NULL),(762,1,1,1,1,'ROHIT',NULL,'KALRA','1987-01-01','A+','MALE',NULL,NULL,1,NULL),(763,1,1,1,1,'AAKRITI',NULL,'JAIN','1987-01-01','A+','MALE',NULL,NULL,1,NULL),(764,1,1,1,1,'NAVISHA',NULL,'GOYAL','1987-01-01','A+','MALE',NULL,NULL,1,NULL),(765,1,1,1,1,'MEHAK',NULL,'GUPTA','1987-01-01','A+','MALE',NULL,NULL,1,NULL),(766,1,1,1,1,'KANIKA',NULL,'MALHOTRA','1987-01-01','A+','MALE',NULL,NULL,1,NULL),(767,1,1,1,1,'JASPREET',NULL,'KAUR','1987-01-01','A+','MALE',NULL,NULL,1,NULL),(768,1,1,1,1,'GARIMA',NULL,'SINGH','1987-01-01','A+','MALE',NULL,NULL,1,NULL),(769,1,1,1,1,'AAKRITI',NULL,'GOEL','1987-01-01','A+','MALE',NULL,NULL,1,NULL),(770,1,1,1,1,'HIMANI',NULL,'AGGARWAL','1987-01-01','A+','MALE',NULL,NULL,1,NULL),(771,1,1,1,1,'SHEENAM',NULL,'BANSAL','1987-01-01','A+','MALE',NULL,NULL,1,NULL),(772,1,1,1,1,'DISHA',NULL,'SINGLA','1987-01-01','A+','MALE',NULL,NULL,1,NULL),(773,1,1,1,1,'PALVIKA',NULL,'NAGPAL','1987-01-01','A+','FEMALE',NULL,NULL,1,NULL),(774,1,1,1,1,'RAMANDEEP',NULL,'SETHI','1987-01-01','A+','MALE',NULL,NULL,1,NULL),(775,1,1,1,1,'SHUBHAM',NULL,'KHARBANDA','1987-01-01','A+','MALE',NULL,NULL,1,NULL),(776,1,1,1,1,'CHEHAK',NULL,'AGGARWAL','1987-01-01','A+','MALE',NULL,NULL,1,NULL),(777,1,1,1,1,'RICHA',NULL,'GOEL','1987-01-01','A+','FEMALE',NULL,NULL,1,NULL),(778,1,1,1,1,'KANIKA',NULL,'GARG','1987-01-01','A+','FEMALE',NULL,NULL,1,NULL),(779,1,1,1,1,'HARNEET',NULL,'KAUR','1987-01-01','A+','FEMALE',NULL,NULL,1,NULL),(780,1,1,1,1,'SONAL',NULL,'ARORA','1987-01-01','A+','FEMALE',NULL,NULL,1,NULL),(781,1,1,1,1,'SUKHJIT',NULL,'KAUR','1987-01-01','A+','FEMALE',NULL,NULL,1,NULL),(782,1,1,1,1,'ANIL',NULL,'KUMAR','1987-01-01','A+','MALE',NULL,NULL,1,NULL),(783,1,1,1,1,'PALLVI',NULL,'BHARTI','1987-01-01','A+','FEMALE',NULL,NULL,1,NULL),(784,1,1,1,1,'SNEHA',NULL,NULL,'1987-01-01','A+','FEMALE',NULL,NULL,1,NULL),(785,1,1,1,1,'PRASHANT',NULL,'CHAWLA','1987-01-01','A+','MALE',NULL,NULL,1,NULL),(786,1,1,1,1,'AMIT',NULL,'KUMAR','1987-01-01','A+','MALE',NULL,NULL,1,NULL),(787,1,1,1,1,'KARISHMA',NULL,NULL,'1987-01-01','A+','FEMALE',NULL,NULL,1,NULL),(788,1,1,1,1,'SHIPRA',NULL,'PASSI','1987-01-01','A+','FEMALE',NULL,NULL,1,NULL),(789,1,1,1,1,'SONIA',NULL,'RANI','1987-01-01','A+','FEMALE',NULL,NULL,1,NULL),(790,1,1,1,1,'ROHIT',NULL,'TOKY','1987-01-01','A+','MALE',NULL,NULL,1,NULL),(791,1,1,1,1,'AMRIT',NULL,'KAUR','1987-01-01','A+','FEMALE',NULL,NULL,1,NULL),(792,1,1,1,1,'AKANKSHA',NULL,NULL,'1987-01-01','A+','FEMALE',NULL,NULL,1,NULL),(793,1,1,1,1,'BANTI',NULL,'BANTI','1987-01-01','A+','MALE',NULL,NULL,1,NULL),(794,1,1,1,1,'AKANKSHA',NULL,'PASSI','1987-01-01','A+','MALE',NULL,NULL,1,NULL),(795,1,1,1,1,'MONICA',NULL,'BHAT','1987-01-01','A+','MALE',NULL,NULL,1,NULL),(796,1,1,1,1,'GOURAV',NULL,'SAINI','1987-01-01','A+','MALE',NULL,NULL,1,NULL),(797,1,1,1,1,'NAVDEEP',NULL,'SINGH','1987-01-01','A+','MALE',NULL,NULL,1,NULL),(798,1,1,1,1,'HUNNY',NULL,'KUMAR','1987-01-01','A+','MALE',NULL,NULL,1,NULL),(799,1,1,1,1,'SALONI',NULL,'SALONI','1987-01-01','A+','MALE',NULL,NULL,1,NULL),(800,1,1,1,1,'RAJAT',NULL,'KHANNA','1987-01-01','A+','MALE',NULL,NULL,1,NULL),(801,1,1,1,1,'DEEPALI',NULL,'GILL','1987-01-01','A+','MALE',NULL,NULL,1,NULL),(802,1,1,1,1,'JAIPRIYA',NULL,'JAIPRIYA','1987-01-01','A+','MALE',NULL,NULL,1,NULL),(803,1,1,1,1,'PRIYANKA',NULL,'GULATI','1987-01-01','A+','MALE',NULL,NULL,1,NULL),(804,1,1,1,1,'SHREYA',NULL,'JAIN','1987-01-01','A+','MALE',NULL,NULL,1,NULL),(805,1,1,1,1,'BINEET',NULL,'KAUR','1987-01-01','A+','MALE',NULL,NULL,1,NULL),(806,1,1,1,1,'SUMEDHA',NULL,'CHAUDHRY','1987-01-01','A+','MALE',NULL,NULL,1,NULL),(807,1,1,1,1,'NEETU',NULL,'SINGH','1987-01-01','A+','MALE',NULL,NULL,1,NULL),(808,1,1,1,1,'MEHAK',NULL,'MANOCHA','1987-01-01','A+','MALE',NULL,NULL,1,NULL),(809,1,1,1,1,'ANJALI',NULL,'VASHIST','1987-01-01','A+','MALE',NULL,NULL,1,NULL),(810,1,1,1,1,'PARUL',NULL,'MUKHERJEE','1987-01-01','A+','MALE',NULL,NULL,1,NULL),(811,1,1,1,1,'NAVDEEP',NULL,'AGGARWAL','1987-01-01','A+','MALE',NULL,NULL,1,NULL),(812,1,1,1,1,'RICHA',NULL,'GUPTA','1987-01-01','A+','MALE',NULL,NULL,1,NULL),(813,1,1,1,1,'GAURAV',NULL,'GAURAV','1987-01-01','A+','MALE',NULL,NULL,1,NULL),(814,1,1,1,1,'ISHA',NULL,'GUPTA','1987-01-01','A+','MALE',NULL,NULL,1,NULL),(815,1,1,1,1,'NIDHI',NULL,'SAREEN','1987-01-01','A+','MALE',NULL,NULL,1,NULL),(816,1,1,1,1,'MANMEET',NULL,'SAHNI','1987-01-01','A+','MALE',NULL,NULL,1,NULL),(817,1,1,1,1,'MITALI',NULL,'SAGAR','1987-01-01','A+','MALE',NULL,NULL,1,NULL),(818,1,1,1,1,'REENA',NULL,'REENA','1987-01-01','A+','MALE',NULL,NULL,1,NULL),(819,1,1,1,1,'ASHISH',NULL,'GOEL','1987-01-01','A+','MALE',NULL,NULL,1,NULL),(820,1,1,1,1,'POOJA',NULL,'MATTOO','1987-01-01','A+','MALE',NULL,NULL,0,NULL),(821,1,1,1,1,'RAJAN',NULL,'SADANA','1987-01-01','A+','MALE',NULL,NULL,1,NULL),(822,1,1,1,1,'DEEPAK',NULL,'DEEPAK','1987-01-01','A+','MALE',NULL,NULL,1,NULL),(823,1,1,1,1,'SHUBHAM',NULL,'SHUBHAM','1987-01-01','A+','MALE',NULL,NULL,1,NULL),(824,1,1,1,1,'RISHU',NULL,'SINGLA','1987-01-01','A+','MALE',NULL,NULL,1,NULL),(825,1,1,1,1,'MAHIPAL',NULL,'SHARMA','1987-01-01','A+','MALE',NULL,NULL,1,NULL),(826,1,1,1,1,'TUSHAR',NULL,'SETH','1987-01-01','A+','MALE',NULL,NULL,1,NULL),(827,1,1,1,1,'AMIT',NULL,'SETHI','1987-01-01','A+','MALE',NULL,NULL,1,NULL),(828,1,1,1,1,'NISHANT',NULL,'KUMAR','1987-01-01','A+','MALE',NULL,NULL,1,NULL),(829,1,1,1,1,'VISHAL',NULL,'BHASIN','1987-01-01','A+','MALE',NULL,NULL,1,NULL),(830,1,1,1,1,'MANJEET',NULL,'KAUR','1987-01-01','A+','MALE',NULL,NULL,1,NULL),(831,1,1,1,1,'VIKAS',NULL,'CHHABRA','1987-01-01','A+','MALE',NULL,NULL,1,NULL),(832,1,1,1,1,'ABHISHEK',NULL,'AGGARWAL','1987-01-01','A+','MALE',NULL,NULL,1,NULL),(833,1,1,1,1,'ABHISHEK',NULL,'ABHISHEK','1987-01-01','A+','MALE',NULL,NULL,1,NULL),(834,1,1,1,1,'AJAY',NULL,'KARTIK','1987-01-01','A+','MALE',NULL,NULL,1,NULL),(835,1,1,1,1,'ANIRUDH',NULL,'KAUSHAL','1987-01-01','A+','MALE',NULL,NULL,1,NULL),(836,1,1,1,1,'RAHUL',NULL,'DAHIYA','1987-01-01','A+','MALE',NULL,NULL,1,NULL),(837,1,1,1,1,'DEEPANSHU',NULL,'MITTAL','1987-01-01','A+','MALE',NULL,NULL,1,NULL),(838,1,1,1,1,'AVNEET',NULL,'KAUR','1987-01-01','A+','MALE',NULL,NULL,1,NULL),(839,1,1,1,1,'SAHIL',NULL,'GULATI','1987-01-01','A+','MALE',NULL,NULL,1,NULL),(840,1,1,1,1,'GAURAV',NULL,'CHOUDHARY','1987-01-01','A+','MALE',NULL,NULL,1,NULL),(841,1,1,1,1,'YATIN',NULL,'MANOCHA','1987-01-01','A+','MALE',NULL,NULL,0,NULL),(842,1,1,1,1,'SHUBHAM',NULL,'GAUTAM','1987-01-01','A+','MALE',NULL,NULL,1,NULL),(843,1,1,1,1,'DEEPIKA',NULL,'BHASIN','1987-01-01','A+','MALE',NULL,NULL,1,NULL),(844,1,1,1,1,'PRIYANKA',NULL,'RANI','1987-01-01','A+','MALE',NULL,NULL,1,NULL),(845,1,1,1,1,'DIVYA',NULL,'DIVYA','1987-01-01','A+','MALE',NULL,NULL,1,NULL),(846,1,1,1,1,'ALKA',NULL,'CHOPRA','1987-01-01','A+','MALE',NULL,NULL,1,NULL),(847,1,1,1,1,'PARDEEP',NULL,'KUMAR','1987-01-01','A+','MALE',NULL,NULL,1,NULL),(848,1,1,1,1,'HARPREET',NULL,'SINGH','1987-01-01','A+','MALE',NULL,NULL,1,NULL),(849,1,1,1,1,'VARUNA',NULL,'VARUNA','1987-01-01','A+','MALE',NULL,NULL,1,NULL),(850,1,1,1,1,'ROHIT',NULL,'SINGH','1987-01-01','A+','MALE',NULL,NULL,1,NULL),(851,1,1,1,1,'ABHISHEK',NULL,'KUMAR','1987-01-01','A+','MALE',NULL,NULL,1,NULL),(852,1,1,1,1,'BINDU',NULL,'BALA','1987-01-01','A+','MALE',NULL,NULL,1,NULL),(853,1,1,1,1,'PRINKAL',NULL,'PRINKAL','1987-01-01','A+','MALE',NULL,NULL,1,NULL),(854,1,1,1,1,'MANPREET',NULL,'MANPREET','1987-01-01','A+','MALE',NULL,NULL,1,NULL),(855,1,1,1,1,'PARAS',NULL,'PAUL','1987-01-01','A+','MALE',NULL,NULL,1,NULL),(856,1,1,1,1,'NITASHA',NULL,'KASHYAP','1987-01-01','A+','MALE',NULL,NULL,1,NULL),(857,1,1,1,1,'RUPINDER',NULL,'KAUR','1987-01-01','A+','MALE',NULL,NULL,1,NULL),(858,1,1,1,1,'PRIYA',NULL,'BHARTI','1987-01-01','A+','MALE',NULL,NULL,1,NULL),(859,1,1,1,1,'RAJEEV',NULL,'KUMAR','1987-01-01','A+','MALE',NULL,NULL,1,NULL),(860,1,1,1,1,'MUKESH',NULL,'SAINI','1987-01-01','A+','MALE',NULL,NULL,1,NULL),(861,1,1,1,1,'SAHIL',NULL,'SAINI','1987-01-01','A+','MALE',NULL,NULL,1,NULL),(862,1,1,1,1,'MUNAWWAR',NULL,'ALI','1987-01-01','A+','MALE',NULL,NULL,1,NULL),(863,1,1,1,1,'POONAM',NULL,'POONAM','1987-01-01','A+','MALE',NULL,NULL,1,NULL),(864,1,1,1,1,'MEGHA',NULL,'DHIMAN','1987-01-01','A+','MALE',NULL,NULL,1,NULL),(865,1,1,1,1,'MANAN',NULL,'KAPOOR','1987-01-01','A+','MALE',NULL,NULL,1,NULL),(866,1,1,1,1,'SUMIT',NULL,'SHARMA','1987-01-01','A+','MALE',NULL,NULL,1,NULL),(867,1,1,1,1,'PARTEEK',NULL,'GUPTA','1987-01-01','A+','MALE',NULL,NULL,1,NULL),(868,1,1,1,1,'GOURAV',NULL,'KALRA','1987-01-01','A+','MALE',NULL,NULL,1,NULL),(869,1,1,1,1,'CHIRAG',NULL,'SHEOKAND','1987-01-01','A+','MALE',NULL,NULL,1,NULL),(870,1,1,1,1,'ANKIT',NULL,'GUGLANI','1987-01-01','A+','MALE',NULL,NULL,1,NULL),(871,1,1,1,1,'HARDEEP',NULL,'DESWAL','1987-01-01','A+','MALE',NULL,NULL,1,NULL),(872,1,1,1,1,'PREETINDER',NULL,'KAUR','1987-01-01','A+','MALE',NULL,NULL,1,NULL),(873,1,1,1,1,'MANAV',NULL,'GOYAL','1987-01-01','A+','MALE',NULL,NULL,1,NULL),(874,1,1,1,1,'PUNIT',NULL,'SAINI','1987-01-01','A+','MALE',NULL,NULL,1,NULL),(875,1,1,1,1,'ABHISHEK',NULL,'BANSAL','1987-01-01','A+','MALE',NULL,NULL,1,NULL),(876,1,1,1,1,'SUKHJEET',NULL,'SINGH','1987-01-01','A+','MALE',NULL,NULL,1,NULL),(877,1,1,1,1,'ASHISH',NULL,'SHARMA','1987-01-01','A+','MALE',NULL,NULL,1,NULL),(878,1,1,1,1,'MOHIT',NULL,'JAIN','1987-01-01','A+','MALE',NULL,NULL,1,NULL),(879,1,1,1,1,'ANKITA',NULL,'SHARMA','1987-01-01','A+','MALE',NULL,NULL,1,NULL),(880,1,1,1,1,'NIDHI',NULL,'SHARMA','1987-01-01','A+','MALE',NULL,NULL,1,NULL),(881,1,1,1,1,'KARAN',NULL,'VERMA','1987-01-01','A+','MALE',NULL,NULL,1,NULL),(882,1,1,1,1,'KARTIKEYA',NULL,'KHOSLA','1987-01-01','A+','MALE',NULL,NULL,1,NULL),(883,1,1,1,1,'RAVINDER',NULL,'KUMAR','1987-01-01','A+','MALE',NULL,NULL,1,NULL),(884,1,1,1,1,'SIMPI',NULL,'SIMPI','1987-01-01','A+','MALE',NULL,NULL,1,NULL),(885,1,1,1,1,'AAKRITI',NULL,'AGGARWAL','1987-01-01','A+','MALE',NULL,NULL,1,NULL),(886,1,1,1,1,'MANISH',NULL,'KUMAR','1987-01-01','A+','MALE',NULL,NULL,1,NULL),(887,1,1,1,1,'LAKHVINDER',NULL,'SINGH','1987-01-01','A+','MALE',NULL,NULL,0,NULL),(888,1,1,1,1,'TANU',NULL,'SHREE','1987-01-01','A+','MALE',NULL,NULL,1,NULL),(889,1,1,1,1,'SHASHI',NULL,'KANT','1987-01-01','A+','MALE',NULL,NULL,1,NULL),(890,1,1,1,1,'PARDEEP',NULL,'KUMAR','1987-01-01','A+','MALE',NULL,NULL,0,NULL),(891,1,1,1,1,'PARUL',NULL,'MALHOTRA','1987-01-01','A+','MALE',NULL,NULL,1,NULL),(892,1,1,1,1,'CHARANJIT',NULL,'SINGH','1987-01-01','A+','MALE',NULL,NULL,1,NULL),(893,1,1,1,1,'KHUSHBU',NULL,'GUPTA','1987-01-01','A+','MALE',NULL,NULL,1,NULL),(894,1,1,1,1,'ANINDIT',NULL,'CHHIBBER','1987-01-01','A+','MALE',NULL,NULL,1,NULL),(895,1,1,1,1,'KOMALPREET',NULL,'KAUR','1987-01-01','A+','MALE',NULL,NULL,1,NULL),(896,1,1,1,1,'SAKINA',NULL,'SAKINA','1987-01-01','A+','MALE',NULL,NULL,1,NULL),(897,1,1,1,1,'KANCHAN',NULL,'KANCHAN','1987-01-01','A+','MALE',NULL,NULL,1,NULL),(898,1,1,1,1,'PRIYAM',NULL,'PIYUSH','1987-01-01','A+','MALE',NULL,NULL,1,NULL),(899,1,1,1,1,'MAHAK',NULL,'MAHAK','1987-01-01','A+','MALE',NULL,NULL,1,NULL),(900,1,1,1,1,'JATIN',NULL,'ARORA','1987-01-01','A+','MALE',NULL,NULL,1,NULL),(901,1,1,1,1,'RAVINDER',NULL,'MALIK','1987-01-01','A+','MALE',NULL,NULL,1,NULL),(902,1,1,1,1,'POOJA',NULL,'MEHTA','1987-01-01','A+','MALE',NULL,NULL,1,NULL),(903,1,1,1,1,'SAWAN',NULL,'SAWAN','1987-01-01','A+','MALE',NULL,NULL,1,NULL),(904,1,1,1,1,'NANCY',NULL,'NANCY','1987-01-01','A+','MALE',NULL,NULL,1,NULL),(905,1,1,1,1,'AASTHA',NULL,'AHUJA','1987-01-01','A+','MALE',NULL,NULL,1,NULL),(906,1,1,1,1,'SONAM',NULL,'SONAM','1987-01-01','A+','MALE',NULL,NULL,1,NULL),(907,1,1,1,1,'VIKRAMJIT',NULL,'SINGH','1987-01-01','A+','MALE',NULL,NULL,1,NULL),(908,1,1,1,1,'SNEHA',NULL,'SAGAR','1987-01-01','A+','MALE',NULL,NULL,1,NULL),(909,1,1,1,1,'HAPPY',NULL,'SAINI','1987-01-01','A+','MALE',NULL,NULL,1,NULL),(910,1,1,1,1,'SURUCHI',NULL,'SAINI','1987-01-01','A+','MALE',NULL,NULL,1,NULL),(911,1,1,1,1,'MANDEEP',NULL,'KAUR','1987-01-01','A+','MALE',NULL,NULL,1,NULL),(912,1,1,1,1,'NITIN',NULL,'GOYAL','1987-01-01','A+','MALE',NULL,NULL,1,NULL),(913,1,1,1,1,'ANJALI',NULL,'SACHDEVA','1987-01-01','A+','MALE',NULL,NULL,1,NULL),(914,1,1,1,1,'KRITI',NULL,'AGGARWAL','1987-01-01','A+','MALE',NULL,NULL,1,NULL),(915,1,1,1,1,'AYESHA',NULL,'MALIK','1987-01-01','A+','MALE',NULL,NULL,1,NULL),(916,1,1,1,1,'MUKESH',NULL,'TOMAR','1987-01-01','A+','MALE',NULL,NULL,1,NULL),(917,1,1,1,1,'JYOTI',NULL,'JYOTI','1987-01-01','A+','MALE',NULL,NULL,1,NULL),(918,1,1,1,1,'DIVYA',NULL,'RANI','1987-01-01','A+','MALE',NULL,NULL,1,NULL),(919,1,1,1,1,'GURPREET',NULL,'KAUR','1987-01-01','A+','MALE',NULL,NULL,1,NULL),(920,1,1,1,1,'SOURAV',NULL,'KUMAR','1987-01-01','A+','MALE',NULL,NULL,1,NULL),(921,1,1,1,1,'SUNNY',NULL,'GUPTA','1987-01-01','A+','MALE',NULL,NULL,1,NULL),(922,1,1,1,1,'RISHABH',NULL,'NARULA','1987-01-01','A+','MALE',NULL,NULL,1,NULL),(923,1,1,1,1,'PREETI',NULL,'KHATKER','1987-01-01','A+','MALE',NULL,NULL,1,NULL),(924,1,1,1,1,'AMAR',NULL,'KUMAR','1987-01-01','A+','MALE',NULL,NULL,1,NULL),(925,1,1,1,1,'ABHINAM',NULL,'DHIMAN','1987-01-01','A+','MALE',NULL,NULL,1,NULL),(926,1,1,1,1,'SHALINI',NULL,'CHAUHAN','1987-01-01','A+','MALE',NULL,NULL,1,NULL),(927,1,1,1,1,'SINDHU',NULL,'VERMA','1987-01-01','A+','MALE',NULL,NULL,1,NULL),(928,1,1,1,1,'TARUN',NULL,'AGARWAL','1987-01-01','A+','MALE',NULL,NULL,1,NULL),(929,1,1,1,1,'PRIYANKA',NULL,'RANA','1987-01-01','A+','MALE',NULL,NULL,1,NULL),(930,1,1,1,1,'PRATIBHA',NULL,'SAINI','1987-01-01','A+','MALE',NULL,NULL,1,NULL),(931,1,1,1,1,'KHUSHBOO',NULL,'KHUSHBOO','1987-01-01','A+','MALE',NULL,NULL,1,NULL),(932,1,1,1,1,'PAWAN',NULL,'AHUJA','1987-01-01','A+','MALE',NULL,NULL,1,NULL),(933,1,1,1,1,'SAHIL',NULL,'SAHIL','1987-01-01','A+','MALE',NULL,NULL,1,NULL),(934,1,1,1,1,'TRIPTA',NULL,'TRIPTA','1987-01-01','A+','MALE',NULL,NULL,1,NULL),(935,1,1,1,1,'BHAVIKA',NULL,'CHHETTRI','1987-01-01','A+','MALE',NULL,NULL,1,NULL),(936,1,1,1,1,'Parvesh',NULL,'Kumar','1987-01-01','A+','MALE',NULL,NULL,0,NULL),(937,1,1,1,1,'PARVEEN',NULL,'KUMAR','1987-01-01','A+','MALE',NULL,NULL,1,NULL),(938,1,1,1,1,'KULDEEP',NULL,'SINGH','1987-01-01','A+','MALE',NULL,NULL,1,NULL),(939,1,1,1,1,'VIRENDER',NULL,'VIRENDER','1987-01-01','A+','MALE',NULL,NULL,1,NULL),(940,1,1,1,1,'HARPREET',NULL,'SINGH','1987-01-01','A+','MALE',NULL,NULL,1,NULL),(941,1,1,1,1,'RUPESH',NULL,'KUMAR','1987-01-01','A+','MALE',NULL,NULL,1,NULL),(942,1,1,1,1,'DHEERAJ',NULL,'BHARDWAJ','1987-01-01','A+','MALE',NULL,NULL,1,NULL),(943,1,1,1,1,'HITESH',NULL,'AGGARWAL','1987-01-01','A+','MALE',NULL,NULL,1,NULL),(944,1,1,1,1,'VIVEK',NULL,'TIWARI','1987-01-01','A+','MALE',NULL,NULL,1,NULL),(945,1,1,1,1,'SAHIL',NULL,'AHUJA','1987-01-01','A+','MALE',NULL,NULL,1,NULL),(946,1,1,1,1,'AKASH',NULL,'GOEL','1987-01-01','A+','MALE',NULL,NULL,1,NULL),(947,1,1,1,1,'DIVESH',NULL,'KUKREJA','1987-01-01','A+','MALE',NULL,NULL,1,NULL),(948,1,1,1,1,'BHAVYA',NULL,'KAPOOR','1987-01-01','A+','MALE',NULL,NULL,1,NULL),(949,1,1,1,1,'SAHIL',NULL,'GOEL','1987-01-01','A+','MALE',NULL,NULL,1,NULL),(950,1,1,1,1,'CHIRAG',NULL,'MEHTA','1987-01-01','A+','MALE',NULL,NULL,1,NULL),(951,1,1,1,1,'MANOJ',NULL,'RAVESH','1987-01-01','A+','MALE',NULL,NULL,1,NULL),(952,1,1,1,1,'ANKIT',NULL,'KUMAR','1987-01-01','A+','MALE',NULL,NULL,1,NULL),(953,1,1,1,1,'SUMIT',NULL,'SINGH','1987-01-01','A+','MALE',NULL,NULL,1,NULL),(954,1,1,1,1,'PANKIT',NULL,'SAGGAR','1987-01-01','A+','MALE',NULL,NULL,1,NULL),(955,1,1,1,1,'KETAN',NULL,'AJAY','1987-01-01','A+','MALE',NULL,NULL,1,NULL),(956,1,1,1,1,'SUBHASH',NULL,'SHARMA','1987-01-01','A+','MALE',NULL,NULL,1,NULL),(957,1,1,1,1,'SUNNY',NULL,'CHOPRA','1987-01-01','A+','MALE',NULL,NULL,1,NULL),(958,1,1,1,1,'ASHISH',NULL,'MALIK','1987-01-01','A+','MALE',NULL,NULL,1,NULL),(959,1,1,1,1,'RAHUL',NULL,'RAHUL','1987-01-01','A+','MALE',NULL,NULL,1,NULL),(960,1,1,1,1,'AKSHAT',NULL,'JAIN','1987-01-01','A+','MALE',NULL,NULL,1,NULL),(961,1,1,1,1,'SAURAV',NULL,'SHARMA','1987-01-01','A+','MALE',NULL,NULL,1,NULL),(962,1,1,1,1,'MOHAN',NULL,'MOHAN','1987-01-01','A+','MALE',NULL,NULL,1,NULL),(963,1,1,1,1,'KULDEEP',NULL,'SINGH','1987-01-01','A+','MALE',NULL,NULL,1,NULL),(964,1,1,1,1,'RUPAM',NULL,'SINGH','1987-01-01','A+','MALE',NULL,NULL,1,NULL),(965,1,1,1,1,'PARVEEN',NULL,'KUMAR','1987-01-01','A+','MALE',NULL,NULL,1,NULL),(966,1,1,1,1,'RAHUL',NULL,'RAHUL','1987-01-01','A+','MALE',NULL,NULL,1,NULL),(967,1,1,1,1,'PANKAJ',NULL,'PANKAJ','1987-01-01','A+','MALE',NULL,NULL,1,NULL),(968,1,1,1,1,'GURJEET',NULL,'SINGH','1987-01-01','A+','MALE',NULL,NULL,1,NULL),(969,1,1,1,1,'JAI',NULL,'KUMAR','1987-01-01','A+','MALE',NULL,NULL,1,NULL),(970,1,1,1,1,'MOHIT',NULL,'BHOLA','1987-01-01','A+','MALE',NULL,NULL,1,NULL),(971,1,1,1,1,'RAJESH',NULL,'KUMAR','1987-01-01','A+','MALE',NULL,NULL,1,NULL),(972,1,1,1,1,'HEMENT',NULL,'SINGH','1987-01-01','A+','MALE',NULL,NULL,1,NULL),(973,1,1,1,1,'SANDEEP',NULL,'KUMAR','1987-01-01','A+','MALE',NULL,NULL,1,NULL),(974,1,1,1,1,'PARDEEP',NULL,'RAI','1987-01-01','A+','MALE',NULL,NULL,1,NULL),(975,1,1,1,1,'SHASHI',NULL,'KUMAR','1987-01-01','A+','MALE',NULL,NULL,1,NULL),(976,1,1,1,1,'PANKAJ',NULL,'PANWAR','1987-01-01','A+','MALE',NULL,NULL,1,NULL),(977,1,1,1,1,'SANDEEP',NULL,'KUMAR','1987-01-01','A+','MALE',NULL,NULL,1,NULL),(978,1,1,1,1,'NISHANT',NULL,'DHRUV','1987-01-01','A+','MALE',NULL,NULL,1,NULL),(979,1,1,1,1,'DEPTESH',NULL,'NARWAL','1987-01-01','A+','MALE',NULL,NULL,1,NULL),(980,1,1,1,1,'RAJESH',NULL,'KUMAR','1987-01-01','A+','MALE',NULL,NULL,1,NULL),(981,1,1,1,1,'ROHIT',NULL,'THAKUR','1987-01-01','A+','MALE',NULL,NULL,1,NULL),(982,1,1,1,1,'PRAVEEN',NULL,'PRAKASH','1987-01-01','A+','MALE',NULL,NULL,1,NULL),(983,1,1,1,1,'ADITYA',NULL,'SANGA','1987-01-01','A+','MALE',NULL,NULL,1,NULL),(984,1,1,1,1,'AGAM',NULL,'GUPTA','1987-01-01','A+','MALE',NULL,NULL,1,NULL),(985,1,1,1,1,'AKASH',NULL,'MITTAL','1987-01-01','A+','MALE',NULL,NULL,1,NULL),(986,1,1,1,1,'MANAN',NULL,'KHANDUJA','1987-01-01','A+','MALE',NULL,NULL,1,NULL),(987,1,1,1,1,'MOHIT',NULL,'GAUR','1987-01-01','A+','MALE',NULL,NULL,1,NULL),(988,1,1,1,1,'MUKUL',NULL,'SHARMA','1987-01-01','A+','MALE',NULL,NULL,1,NULL),(989,1,1,1,1,'SAURABH',NULL,'SHARMA','1987-01-01','A+','MALE',NULL,NULL,1,NULL),(990,1,1,1,1,'SAHIL',NULL,'KESRI','1987-01-01','A+','MALE',NULL,NULL,1,NULL),(991,1,1,1,1,'PANKAJ',NULL,'KUMAR','1987-01-01','A+','MALE',NULL,NULL,1,NULL),(992,1,1,1,1,'ASHISH',NULL,'KASHYAP','1987-01-01','A+','MALE',NULL,NULL,1,NULL),(993,1,1,1,1,'AKSHAY',NULL,'SINGLA','1987-01-01','A+','MALE',NULL,NULL,1,NULL),(994,1,1,1,1,'CHINTU',NULL,'KUMAR','1987-01-01','A+','MALE',NULL,NULL,1,NULL),(995,1,1,1,1,'EKANSH',NULL,'GABA','1987-01-01','A+','MALE',NULL,NULL,1,NULL),(996,1,1,1,1,'AKIN',NULL,'SHARDA','1987-01-01','A+','MALE',NULL,NULL,1,NULL),(997,1,1,1,1,'RAJ',NULL,'KUMAR','1987-01-01','A+','MALE',NULL,NULL,1,NULL),(998,1,1,1,1,'PUNIT',NULL,'KUMAR','1987-01-01','A+','MALE',NULL,NULL,1,NULL),(999,1,1,1,1,'ATTINDER',NULL,'CHAHAL','1987-01-01','A+','MALE',NULL,NULL,1,NULL),(1000,1,1,1,1,'CHEENA',NULL,'CHEENA','1987-01-01','A+','MALE',NULL,NULL,1,NULL),(1001,1,1,1,1,'ASHISH',NULL,'JAIN','1987-01-01','A+','MALE',NULL,NULL,1,NULL),(1002,1,1,1,1,'MANMEET',NULL,'SINGH','1987-01-01','A+','MALE',NULL,NULL,1,NULL),(1003,1,1,1,1,'ARUN',NULL,'KUMAR','1987-01-01','A+','MALE',NULL,NULL,1,NULL),(1004,1,1,1,1,'DEEPAK',NULL,'KUMAR','1987-01-01','A+','MALE',NULL,NULL,1,NULL),(1005,1,1,1,1,'JITENDER',NULL,'SAINI','1987-01-01','A+','MALE',NULL,NULL,0,NULL),(1006,1,1,1,1,'KAMAL',NULL,'KUMAR','1987-01-01','A+','MALE',NULL,NULL,1,NULL),(1007,1,1,1,1,'UMESH',NULL,'SAINI','1987-01-01','A+','MALE',NULL,NULL,1,NULL),(1008,1,1,1,1,'RAJNISH',NULL,'KUMAR','1987-01-01','A+','MALE',NULL,NULL,1,NULL),(1009,1,1,1,1,'ABHINAV',NULL,'KALRA','1987-01-01','A+','MALE',NULL,NULL,1,NULL),(1010,1,1,1,1,'Shivangi',NULL,'Sharma','1987-01-01','A+','MALE',NULL,NULL,1,NULL),(1011,1,1,1,1,'Ekta',NULL,'Verma','1987-01-01','A+','MALE',NULL,NULL,1,NULL),(1012,1,1,1,1,'Lovish',NULL,'Sharma','1987-01-01','A+','MALE',NULL,NULL,1,NULL),(1013,1,1,1,1,'Piyush',NULL,'Baweja','1987-01-01','A+','MALE',NULL,NULL,1,NULL),(1014,1,1,1,1,'Vidhika',NULL,'Sharma','1987-01-01','A+','MALE',NULL,NULL,1,NULL),(1015,1,1,1,1,'Shaina',NULL,'','1987-01-01','A+','MALE',NULL,NULL,1,NULL),(1016,1,1,1,1,'Deepak',NULL,'Saroha','1987-01-01','A+','MALE',NULL,NULL,1,NULL),(1017,1,1,1,1,'Abhinav',NULL,'Jain','1987-01-01','A+','MALE',NULL,NULL,1,NULL),(1018,1,1,1,1,'Ankurita',NULL,'Hurrha','1987-01-01','A+','MALE',NULL,NULL,1,NULL),(1019,1,1,1,1,'Deepa',NULL,'Kalsi','1987-01-01','A+','MALE',NULL,NULL,1,NULL),(1020,1,1,1,1,'Gurneet',NULL,'Kaur','1987-01-01','A+','MALE',NULL,NULL,1,NULL),(1021,1,1,1,1,'Hema',NULL,'Yadav','1987-01-01','A+','MALE',NULL,NULL,1,NULL),(1022,1,1,1,1,'Harpreet',NULL,'Singh','1987-01-01','A+','MALE',NULL,NULL,1,NULL),(1023,1,1,1,1,'Lalit',NULL,'Kumar','1987-01-01','A+','MALE',NULL,NULL,1,NULL),(1024,1,1,1,1,'Vishal',NULL,'Verma','1987-01-01','A+','MALE',NULL,NULL,1,NULL),(1025,1,1,1,1,'Shefali',NULL,'Bhalla','1987-01-01','A+','MALE',NULL,NULL,1,NULL),(1026,1,1,1,1,'Sonia',NULL,'','1987-01-01','A+','MALE',NULL,NULL,1,NULL),(1027,1,1,1,1,'Bharat',NULL,'Bhambhoria','1987-01-01','A+','MALE',NULL,NULL,1,NULL),(1028,1,1,1,1,'Ritu',NULL,'Dogra','1987-01-01','A+','MALE',NULL,NULL,1,NULL),(1029,1,1,1,1,'Nancy',NULL,'Umrao','1987-01-01','A+','MALE',NULL,NULL,1,NULL),(1030,1,1,1,1,'Ashutosh',NULL,'Pasi','1987-01-01','A+','MALE',NULL,NULL,1,NULL),(1031,1,1,1,1,'Preety',NULL,'Sohal','1987-01-01','A+','MALE',NULL,NULL,1,NULL),(1032,1,1,1,1,'Anshul',NULL,'Bhargava','1987-01-01','A+','MALE',NULL,NULL,1,NULL),(1033,1,1,1,1,'Payal',NULL,'Verma','1987-01-01','A+','MALE',NULL,NULL,1,NULL),(1034,1,1,1,1,'Manish',NULL,'Gumbal','1987-01-01','A+','MALE',NULL,NULL,1,NULL),(1035,1,1,1,1,'Probir',NULL,'Chakrabarty','1987-01-01','A+','MALE',NULL,NULL,1,NULL),(1036,1,1,1,1,'Abha',NULL,'Singh','1987-01-01','A+','MALE',NULL,NULL,1,NULL),(1037,1,1,1,1,'Himanshu',NULL,'Goel','1987-01-01','A+','MALE',NULL,NULL,1,NULL),(1038,1,1,1,1,'Shivani',NULL,'Aggarwal','1987-01-01','A+','MALE',NULL,NULL,1,NULL),(1039,1,1,1,1,'Mehak',NULL,'Guglani','1987-01-01','A+','MALE',NULL,NULL,1,NULL),(1040,1,1,1,1,'Alok',NULL,'Deep','1987-01-01','A+','MALE',NULL,NULL,1,NULL),(1041,1,1,1,1,'Minakshi',NULL,'Boruah','1987-01-01','A+','MALE',NULL,NULL,1,NULL),(1042,1,1,1,1,'Gurmeet',NULL,'Singh','1987-01-01','A+','MALE',NULL,NULL,1,NULL),(1043,1,1,1,1,'Gagandeep',NULL,'Singh','1987-01-01','A+','MALE',NULL,NULL,1,NULL),(1044,1,1,1,1,'Simarpreet',NULL,'Kaur','1987-01-01','A+','MALE',NULL,NULL,1,NULL),(1045,1,1,1,1,'Jasmeet',NULL,'Singh','1987-01-01','A+','MALE',NULL,NULL,1,NULL),(1046,1,1,1,1,'Nidhi',NULL,'Saini','1987-01-01','A+','MALE',NULL,NULL,1,NULL),(1047,1,1,1,1,'Karan',NULL,'Mehta','1987-01-01','A+','MALE',NULL,NULL,1,NULL),(1048,1,1,1,1,'Sahil',NULL,'Makkar','1987-01-01','A+','MALE',NULL,NULL,1,NULL),(1049,1,1,1,1,'Sagar',NULL,'Grover','1987-01-01','A+','MALE',NULL,NULL,1,NULL),(1050,1,1,1,1,'Madhu',NULL,'Sharma','1987-01-01','A+','MALE',NULL,NULL,1,NULL),(1051,1,1,1,1,'Rajat',NULL,'Kumar','1987-01-01','A+','MALE',NULL,NULL,1,NULL),(1052,1,1,1,1,'Geetansh',NULL,'Gulati','1987-01-01','A+','MALE',NULL,NULL,1,NULL),(1053,1,1,1,1,'Kuldeep',NULL,'Singh','1987-01-01','A+','MALE',NULL,NULL,1,NULL),(1054,1,1,1,1,'Pratibha',NULL,'Tripathi','1987-01-01','A+','MALE',NULL,NULL,1,NULL),(1055,1,1,1,1,'Abha',NULL,'Aggarwal','1987-01-01','A+','MALE',NULL,NULL,1,NULL),(1056,1,1,1,1,'Gaganjeet',NULL,'Dhindsa','1987-01-01','A+','MALE',NULL,NULL,1,NULL),(1057,1,1,1,1,'Annu',NULL,'Kumari','1987-01-01','A+','MALE',NULL,NULL,1,NULL),(1058,1,1,1,1,'Neeraj',NULL,'Khanna','1987-01-01','A+','MALE',NULL,NULL,1,NULL),(1059,1,1,1,1,'Shubham',NULL,'Chauhan','1987-01-01','A+','MALE',NULL,NULL,1,NULL),(1060,1,1,1,1,'Sumeet',NULL,'Singh','1987-01-01','A+','MALE',NULL,NULL,1,NULL),(1061,1,1,1,1,'Neelotpal',NULL,'Sharma','1987-01-01','A+','MALE',NULL,NULL,1,NULL),(1062,1,1,1,1,'Sahil',NULL,'Kumar','1987-01-01','A+','MALE',NULL,NULL,1,NULL),(1063,1,1,1,1,'Jasmeet',NULL,'Kaur','1987-01-01','A+','MALE',NULL,NULL,1,NULL),(1064,1,1,1,1,'Sagar',NULL,'Sood','1987-01-01','A+','MALE',NULL,NULL,1,NULL),(1065,1,1,1,1,'Mohit',NULL,'Bhargav','1987-01-01','A+','MALE',NULL,NULL,1,NULL),(1066,1,1,1,1,'Manpreet',NULL,'Singh','1987-01-01','A+','MALE',NULL,NULL,1,NULL),(1067,1,1,1,1,'Lakshay',NULL,'Madan','1987-01-01','A+','MALE',NULL,NULL,1,NULL),(1068,1,1,1,1,'Heena',NULL,'Aggarwal','1987-01-01','A+','MALE',NULL,NULL,1,NULL),(1069,1,1,1,1,'Pulkit',NULL,'Jain','1987-01-01','A+','MALE',NULL,NULL,1,NULL),(1070,1,1,1,1,'MANDEEP',NULL,'KAUR','1987-01-01','A+','FEMALE',NULL,NULL,1,NULL),(1071,1,1,1,1,'HIMANSHU',NULL,'','1987-01-01','A+','MALE',NULL,NULL,0,NULL),(1072,1,1,1,1,'NEHA',NULL,'SHARMA','1987-01-01','A+','FEMALE',NULL,NULL,1,NULL),(1073,1,1,1,1,'ARCHANA',NULL,'SHARMA','1987-01-01','A+','FEMALE',NULL,NULL,1,NULL),(1074,1,1,1,1,'DEEPAK',NULL,'AGGARWAL','1987-01-01','A+','MALE',NULL,NULL,1,NULL),(1075,1,1,1,1,'ARUN',NULL,'KUMAR','1987-01-01','A+','MALE',NULL,NULL,1,NULL),(1076,1,1,1,1,'AYUSH',NULL,'CHOPRA','1987-01-01','A+','MALE',NULL,NULL,1,NULL),(1077,1,1,1,1,'Pranika',NULL,'Kaur','1987-01-01','A+','MALE',NULL,NULL,1,NULL),(1078,1,1,1,1,'Anuj',NULL,'Dutt','1987-01-01','A+','MALE',NULL,NULL,1,NULL),(1079,1,1,1,1,'Rahul',NULL,'Kalra','1987-01-01','A+','MALE',NULL,NULL,1,NULL),(1080,1,1,1,1,'Kashish',NULL,'','1987-01-01','A+','MALE',NULL,NULL,1,NULL),(1081,1,1,1,1,'Deepak',NULL,'Khurana','1987-01-01','A+','MALE',NULL,NULL,1,NULL),(1082,1,1,1,1,'Vishal',NULL,'Sangwan','1987-01-01','A+','MALE',NULL,NULL,1,NULL),(1083,1,1,1,1,'Akansha',NULL,'Singla','1987-01-01','A+','MALE',NULL,NULL,1,NULL),(1084,1,1,1,1,'Sella',NULL,'Nagpal','1987-01-01','A+','MALE',NULL,NULL,1,NULL),(1085,1,1,1,1,'Jaspreet',NULL,'Singh','1987-01-01','A+','MALE',NULL,NULL,1,NULL),(1086,1,1,1,1,'Avneet',NULL,'Singh','1987-01-01','A+','MALE',NULL,NULL,1,NULL),(1087,1,1,1,1,'Sukhdeep',NULL,'Kaur','1987-01-01','A+','MALE',NULL,NULL,1,NULL),(1088,1,1,1,1,'Abhishek',NULL,'Saini','1987-01-01','A+','MALE',NULL,NULL,1,NULL),(1089,1,1,1,1,'Bhoopendra',NULL,'Singh','1987-01-01','A+','MALE',NULL,NULL,1,NULL),(1090,1,1,1,1,'Amrita',NULL,'Kaur','1987-01-01','A+','MALE',NULL,NULL,1,NULL),(1091,1,1,1,1,'Jagriti',NULL,'','1987-01-01','A+','MALE',NULL,NULL,1,NULL),(1092,1,1,1,1,'Manisha',NULL,'','1987-01-01','A+','MALE',NULL,NULL,1,NULL),(1093,1,1,1,1,'Beeky',NULL,'Singh','1987-01-01','A+','MALE',NULL,NULL,1,NULL),(1094,1,1,1,1,'Pinky',NULL,'Aledia','1987-01-01','A+','MALE',NULL,NULL,1,NULL),(1095,1,1,1,1,'Kavita',NULL,'','1987-01-01','A+','MALE',NULL,NULL,1,NULL),(1096,1,1,1,1,'Swinky',NULL,'Rai','1987-01-01','A+','MALE',NULL,NULL,1,NULL),(1097,1,1,1,1,'Neha',NULL,'Dhiman','1987-01-01','A+','MALE',NULL,NULL,1,NULL),(1098,1,1,1,1,'Navdeep',NULL,'Singh','1987-01-01','A+','MALE',NULL,NULL,1,NULL),(1099,1,1,1,1,'Denny',NULL,'Saini','1987-01-01','A+','MALE',NULL,NULL,1,NULL),(1100,1,1,1,1,'Manish',NULL,'Saini','1987-01-01','A+','MALE',NULL,NULL,1,NULL),(1101,1,1,1,1,'Tarun Kumar',NULL,'Saini','1987-01-01','A+','MALE',NULL,NULL,1,NULL),(1102,1,1,1,1,'Sandeep',NULL,'Kumar','1987-01-01','A+','MALE',NULL,NULL,1,NULL),(1103,1,1,1,1,'Amita',NULL,'','1987-01-01','A+','MALE',NULL,NULL,1,NULL),(1104,1,1,1,1,'Maninder',NULL,'Singh','1987-01-01','A+','MALE',NULL,NULL,1,NULL),(1105,1,1,1,1,'Pankaj',NULL,'Gera','1987-01-01','A+','MALE',NULL,NULL,1,NULL),(1106,1,1,1,1,'Ankur',NULL,'','1987-01-01','A+','MALE',NULL,NULL,1,NULL),(1107,1,1,1,1,'Arpan',NULL,'Rathore','1987-01-01','A+','MALE',NULL,NULL,1,NULL),(1108,1,1,1,1,'Vernika',NULL,'Gupta','1987-01-01','A+','MALE',NULL,NULL,1,NULL),(1109,1,1,1,1,'Mansi',NULL,'','1987-01-01','A+','MALE',NULL,NULL,1,NULL),(1110,1,1,1,1,'Khushboo',NULL,'Mittal','1987-01-01','A+','MALE',NULL,NULL,1,NULL),(1111,1,1,1,1,'Daisy',NULL,'Jhamba','1987-01-01','A+','MALE',NULL,NULL,1,NULL),(1112,1,1,1,1,'Varun',NULL,'Arora','1987-01-01','A+','MALE',NULL,NULL,1,NULL),(1113,1,1,1,1,'Sunveer',NULL,'Malhotra','1987-01-01','A+','MALE',NULL,NULL,1,NULL),(1114,1,1,1,1,'Divya',NULL,'Sharma','1987-01-01','A+','MALE',NULL,NULL,1,NULL),(1115,1,1,1,1,'Vasu',NULL,'Ahuja','1987-01-01','A+','MALE',NULL,NULL,1,NULL),(1116,1,1,1,1,'Vishali',NULL,'Chadha','1987-01-01','A+','MALE',NULL,NULL,1,NULL),(1117,1,1,1,1,'Ishu',NULL,'Sharma','1987-01-01','A+','MALE',NULL,NULL,1,NULL),(1118,1,1,1,1,'Aman',NULL,'Gulati','1987-01-01','A+','MALE',NULL,NULL,1,NULL),(1119,1,1,1,1,'Varinda',NULL,'Aggarwal','1987-01-01','A+','MALE',NULL,NULL,1,NULL),(1120,1,1,1,1,'Jasleen',NULL,'Kaur','1987-01-01','A+','MALE',NULL,NULL,1,NULL),(1121,1,1,1,1,'Baljinder',NULL,'Singh','1987-01-01','A+','MALE',NULL,NULL,1,NULL),(1122,1,1,1,1,'Aakanksha',NULL,'Sharma(Km)','1987-01-01','A+','MALE',NULL,NULL,1,NULL),(1123,1,1,1,1,'Rahul',NULL,'Mahendru','1987-01-01','A+','MALE',NULL,NULL,1,NULL),(1124,1,1,1,1,'Ajit',NULL,'Singh','1987-01-01','A+','MALE',NULL,NULL,1,NULL),(1125,1,1,1,1,'Aakruiti',NULL,'Kuntal','1987-01-01','A+','MALE',NULL,NULL,1,NULL),(1126,1,1,1,1,'Avneet',NULL,'Kaur','1987-01-01','A+','MALE',NULL,NULL,1,NULL),(1127,1,1,1,1,'Rupesh',NULL,'Kumar','1987-01-01','A+','MALE',NULL,NULL,1,NULL),(1128,1,1,1,1,'Rajan',NULL,'Garg','1987-01-01','A+','MALE',NULL,NULL,1,NULL),(1129,1,1,1,1,'Arvind',NULL,'Tiwari','1987-01-01','A+','MALE',NULL,NULL,1,NULL),(1130,1,1,1,1,'Ankit',NULL,'Chhabra','1987-01-01','A+','MALE',NULL,NULL,1,NULL),(1131,1,1,1,1,'Malkeet',NULL,'Singh','1987-01-01','A+','MALE',NULL,NULL,1,NULL),(1132,1,1,1,1,'Rishabh',NULL,'','1987-01-01','A+','MALE',NULL,NULL,1,NULL),(1133,1,1,1,1,'Ankur',NULL,'Rastogi','1987-01-01','A+','MALE',NULL,NULL,1,NULL),(1134,1,1,1,1,'Ayushi',NULL,'Maheshwari','1987-01-01','A+','MALE',NULL,NULL,1,NULL),(1135,1,1,1,1,'Nishant',NULL,'Moudgil','1987-01-01','A+','MALE',NULL,NULL,1,NULL),(1136,1,1,1,1,'Aseem',NULL,'Kapoor','1987-01-01','A+','MALE',NULL,NULL,1,NULL),(1137,1,1,1,1,'Samir',NULL,'Ali','1987-01-01','A+','MALE',NULL,NULL,1,NULL),(1138,1,1,1,1,'POONAM',NULL,'RANI','1987-01-01','A+','FEMALE',NULL,NULL,1,NULL),(1139,1,1,1,1,'SUMAN',NULL,'LATA','1987-01-01','A+','FEMALE',NULL,NULL,1,NULL),(1140,1,1,1,1,'VARUN',NULL,'NARAD','1987-01-01','A+','MALE',NULL,NULL,1,NULL),(1141,1,1,1,1,'KAWAL',NULL,'JEET','1987-01-01','A+','MALE',NULL,NULL,1,NULL),(1142,1,1,1,1,'ABHISHEK',NULL,'GUPTA','1987-01-01','A+','MALE',NULL,NULL,1,NULL),(1143,1,1,1,1,'NIKHIL',NULL,'BHATIA','1987-01-01','A+','MALE',NULL,NULL,1,NULL),(1144,1,1,1,1,'NEELAM',NULL,'RANI','1987-01-01','A+','FEMALE',NULL,NULL,1,NULL),(1145,1,1,1,1,'SANDEEP',NULL,'GOYAL','1987-01-01','A+','MALE',NULL,NULL,1,NULL),(1146,1,1,1,1,'Ajay',NULL,'','1987-01-01','A+','MALE',NULL,NULL,1,NULL),(1147,1,1,1,1,'Vrinda',NULL,'Gupta','1987-01-01','A+','MALE',NULL,NULL,1,NULL),(1148,1,1,1,1,'Rohan',NULL,'Dilaury','1987-01-01','A+','MALE',NULL,NULL,1,NULL),(1149,1,1,1,1,'Himanshu',NULL,'','1987-01-01','A+','MALE',NULL,NULL,1,NULL),(1150,1,1,1,1,'Mansi',NULL,'Ganjoo','1987-01-01','A+','MALE',NULL,NULL,1,NULL),(1151,1,1,1,1,'Pawan',NULL,'Kumar','1987-01-01','A+','MALE',NULL,NULL,1,NULL),(1152,1,1,1,1,'Anurag',NULL,'Kumar','1987-01-01','A+','MALE',NULL,NULL,1,NULL),(1153,1,1,1,1,'Puneet',NULL,'Kaur','1987-01-01','A+','MALE',NULL,NULL,1,NULL),(1154,1,1,1,1,'Raman',NULL,'Surya','1987-01-01','A+','MALE',NULL,NULL,1,NULL),(1155,1,1,1,1,'Archana',NULL,'Saini','1987-01-01','A+','MALE',NULL,NULL,1,NULL),(1156,1,1,1,1,'Visheshta',NULL,'Sharad','1987-01-01','A+','MALE',NULL,NULL,1,NULL),(1157,1,1,1,1,'Gourav',NULL,'Koul','1987-01-01','A+','MALE',NULL,NULL,1,NULL),(1158,1,1,1,1,'Gaurav Rahul',NULL,'Saini','1987-01-01','A+','MALE',NULL,NULL,1,NULL),(1159,1,1,1,1,'Anupam',NULL,'Sibal','1987-01-01','A+','MALE',NULL,NULL,1,NULL),(1160,1,1,1,1,'Deepika',NULL,'Thakur','1987-01-01','A+','MALE',NULL,NULL,1,NULL),(1161,1,1,1,1,'Apoorva',NULL,'Sharma','1987-01-01','A+','MALE',NULL,NULL,1,NULL),(1162,1,1,1,1,'Shubham',NULL,'Rana','1987-01-01','A+','MALE',NULL,NULL,1,NULL),(1163,1,1,1,1,'Akanksha',NULL,'Bhat','1987-01-01','A+','MALE',NULL,NULL,1,NULL),(1164,1,1,1,1,'Aurvindo',NULL,'','1987-01-01','A+','MALE',NULL,NULL,1,NULL),(1165,1,1,1,1,'Aakriti',NULL,'Bhat','1987-01-01','A+','MALE',NULL,NULL,1,NULL),(1166,1,1,1,1,'Aditya',NULL,'Chauhan','1987-01-01','A+','MALE',NULL,NULL,1,NULL),(1167,1,1,1,1,'Reetika',NULL,'Kalra','1987-01-01','A+','MALE',NULL,NULL,1,NULL),(1168,1,1,1,1,'Sweta',NULL,'Kumari','1987-01-01','A+','MALE',NULL,NULL,1,NULL),(1169,1,1,1,1,'Manish',NULL,'Kumar','1987-01-01','A+','MALE',NULL,NULL,1,NULL),(1170,1,1,1,1,'Neha',NULL,'Singh','1987-01-01','A+','MALE',NULL,NULL,1,NULL),(1171,1,1,1,1,'PARVESH',NULL,'KALRA','1987-01-01','A+','MALE',NULL,NULL,1,NULL),(1172,1,1,1,1,'Jasbir',NULL,'','1987-01-01','A+','MALE',NULL,NULL,1,NULL),(1173,1,1,1,1,'Navneet',NULL,'Kumar','1987-01-01','A+','MALE',NULL,NULL,1,NULL),(1174,1,1,1,1,'Mishel',NULL,'Dhiman','1987-01-01','A+','MALE',NULL,NULL,1,NULL),(1175,1,1,1,1,'Rahul',NULL,'','1987-01-01','A+','MALE',NULL,NULL,1,NULL),(1176,1,1,1,1,'Manprabh',NULL,'Gill','1987-01-01','A+','MALE',NULL,NULL,1,NULL),(1177,1,1,1,1,'Sandeep',NULL,'Kumar','1987-01-01','A+','MALE',NULL,NULL,1,NULL),(1178,1,1,1,1,'Himanshu',NULL,'','1987-01-01','A+','MALE',NULL,NULL,1,NULL),(1179,1,1,1,1,'Ravi',NULL,'Kumar','1987-01-01','A+','MALE',NULL,NULL,1,NULL),(1180,1,1,1,1,'Hardeep',NULL,'Singh','1987-01-01','A+','MALE',NULL,NULL,1,NULL),(1181,1,1,1,1,'Nitish',NULL,'Sharma','1987-01-01','A+','MALE',NULL,NULL,1,NULL),(1182,1,1,1,1,'Rishab',NULL,'','1987-01-01','A+','MALE',NULL,NULL,1,NULL),(1183,1,1,1,1,'Tinku',NULL,'','1987-01-01','A+','MALE',NULL,NULL,1,NULL),(1184,1,1,1,1,'Jaswinder',NULL,'Jeet','1987-01-01','A+','MALE',NULL,NULL,1,NULL),(1185,1,1,1,1,'Abhinav',NULL,'Deep','1987-01-01','A+','MALE',NULL,NULL,1,NULL),(1186,1,1,1,1,'Praveen',NULL,'Grover','1987-01-01','A+','MALE',NULL,NULL,0,NULL),(1187,1,1,1,1,'Sachin',NULL,'','1987-01-01','A+','MALE',NULL,NULL,1,NULL),(1188,1,1,1,1,'Parth',NULL,'Bahmani','1987-01-01','A+','MALE',NULL,NULL,1,NULL),(1189,1,1,1,1,'Rajesh',NULL,'Kumar','1987-01-01','A+','MALE',NULL,NULL,1,NULL),(1190,1,1,1,1,'Nishant',NULL,'Kaushik','1987-01-01','A+','MALE',NULL,NULL,1,NULL),(1191,1,1,1,1,'Rahul',NULL,'Saini','1987-01-01','A+','MALE',NULL,NULL,1,NULL),(1192,1,1,1,1,'Deepak',NULL,'Parjapat','1987-01-01','A+','MALE',NULL,NULL,1,NULL),(1193,1,1,1,1,'Naiya',NULL,'Mayur','1987-01-01','A+','MALE',NULL,NULL,1,NULL),(1194,1,1,1,1,'Vaibhav',NULL,'Chadha','1987-01-01','A+','MALE',NULL,NULL,1,NULL),(1195,1,1,1,1,'Manpreet',NULL,'Singh','1987-01-01','A+','MALE',NULL,NULL,1,NULL),(1196,1,1,1,1,'Ashish',NULL,'Sharma','1987-01-01','A+','MALE',NULL,NULL,1,NULL),(1197,1,1,1,1,'Gurpal',NULL,'Singh','1987-01-01','A+','MALE',NULL,NULL,1,NULL),(1198,1,1,1,1,'Gulab',NULL,'Singh','1987-01-01','A+','MALE',NULL,NULL,1,NULL),(1199,1,1,1,1,'Sukesh',NULL,'Tyagi','1987-01-01','A+','MALE',NULL,NULL,1,NULL),(1200,1,1,1,1,'Himanshu',NULL,'Bansal','1987-01-01','A+','MALE',NULL,NULL,1,NULL),(1201,1,1,1,1,'Karan',NULL,'Walia','1987-01-01','A+','MALE',NULL,NULL,1,NULL),(1202,1,1,1,1,'Arvind',NULL,'Singh','1987-01-01','A+','MALE',NULL,NULL,1,NULL),(1203,1,1,1,1,'Ravi',NULL,'Dev','1987-01-01','A+','MALE',NULL,NULL,1,NULL),(1204,1,1,1,1,'Sagar',NULL,'Dhindsa','1987-01-01','A+','MALE',NULL,NULL,1,NULL),(1205,1,1,1,1,'Gagandeep',NULL,'Singh','1987-01-01','A+','MALE',NULL,NULL,1,NULL),(1206,1,1,1,1,'Pushpender',NULL,'Singh','1987-01-01','A+','MALE',NULL,NULL,1,NULL),(1207,1,1,1,1,'Deepak',NULL,'Narula','1987-01-01','A+','MALE',NULL,NULL,1,NULL),(1208,1,1,1,1,'Nishank',NULL,'Gupta','1987-01-01','A+','MALE',NULL,NULL,1,NULL),(1209,1,1,1,1,'Ashwani',NULL,'Sharma','1987-01-01','A+','MALE',NULL,NULL,1,NULL),(1210,1,1,1,1,'Mayank',NULL,'Arora','1987-01-01','A+','MALE',NULL,NULL,1,NULL),(1211,1,1,1,1,'Rahul',NULL,'Saini','1987-01-01','A+','MALE',NULL,NULL,1,NULL),(1212,1,1,1,1,'Vivek',NULL,'Sharma','1987-01-01','A+','MALE',NULL,NULL,1,NULL),(1213,1,1,1,1,'Abhishek',NULL,'Kumar','1987-01-01','A+','MALE',NULL,NULL,1,NULL),(1214,1,1,1,1,'Neeraj',NULL,'','1987-01-01','A+','MALE',NULL,NULL,1,NULL),(1215,1,1,1,1,'Shubham',NULL,'Sharma','1987-01-01','A+','MALE',NULL,NULL,1,NULL),(1216,1,1,1,1,'Ajay',NULL,'Kumar','1987-01-01','A+','MALE',NULL,NULL,1,NULL),(1217,1,1,1,1,'Pankaj',NULL,'Kumar','1987-01-01','A+','MALE',NULL,NULL,1,NULL),(1218,1,1,1,1,'Vinod',NULL,'Kumar','1987-01-01','A+','MALE',NULL,NULL,1,NULL),(1219,1,1,1,1,'Varun',NULL,'Bratt Arya','1987-01-01','A+','MALE',NULL,NULL,1,NULL),(1220,1,1,1,1,'Anuj',NULL,'Joshi','1987-01-01','A+','MALE',NULL,NULL,1,NULL),(1221,1,1,1,1,'Gobind',NULL,'','1987-01-01','A+','MALE',NULL,NULL,1,NULL),(1222,1,1,1,1,'Nishant',NULL,'Kumar','1987-01-01','A+','MALE',NULL,NULL,1,NULL),(1223,1,1,1,1,'Ashish',NULL,'Sharma','1987-01-01','A+','MALE',NULL,NULL,1,NULL),(1224,1,1,1,1,'Mohit',NULL,'Gupta','1987-01-01','A+','MALE',NULL,NULL,1,NULL),(1225,1,1,1,1,'Deepak',NULL,'Jain','1987-01-01','A+','MALE',NULL,NULL,1,NULL),(1226,1,1,1,1,'Chetan',NULL,'Batra','1987-01-01','A+','MALE',NULL,NULL,1,NULL),(1227,1,1,1,1,'Bhasker',NULL,'Bhanot','1987-01-01','A+','MALE',NULL,NULL,1,NULL),(1228,1,1,1,1,'Sourabh',NULL,'Rana','1987-01-01','A+','MALE',NULL,NULL,1,NULL),(1229,1,1,1,1,'Aman',NULL,'','1987-01-01','A+','MALE',NULL,NULL,1,NULL),(1230,1,1,1,1,'Sarabjeet',NULL,'Singh','1987-01-01','A+','MALE',NULL,NULL,1,NULL),(1231,1,1,1,1,'Abhishek',NULL,'Sharma','1987-01-01','A+','MALE',NULL,NULL,1,NULL),(1232,1,1,1,1,'GURCHRAN SINGH',NULL,'TOMAR','1987-01-01','A+','MALE',NULL,NULL,1,NULL),(1233,1,1,1,1,'KAMAL',NULL,'VERMA','1987-01-01','A+','MALE',NULL,NULL,1,NULL),(1234,1,1,1,1,'ANKIT',NULL,'PASSI','1987-01-01','A+','MALE',NULL,NULL,1,NULL),(1235,1,1,1,1,'Ekta',NULL,'','1987-01-01','A+','FEMALE',NULL,NULL,1,NULL),(1236,1,1,1,1,'KIRAN',NULL,'DEVI','1987-01-01','A+','FEMALE',NULL,NULL,1,NULL),(1237,1,1,1,1,'AMANDEEP SINGH',NULL,'BHALLA','1987-01-01','A+','MALE',NULL,NULL,1,NULL),(1238,1,1,1,1,'ASHISH',NULL,'PATIAL','1987-01-01','A+','MALE',NULL,NULL,1,NULL),(1239,1,1,1,1,'ABHISHEK','','VERMA','1987-01-01','A+','MALE',NULL,NULL,1,NULL),(1240,1,1,1,1,'VIVEK','','KUMAR','1987-01-01','A+','MALE',NULL,NULL,1,NULL),(1241,1,1,1,1,'UJJWAL','AJAY','AGGARWAL','1987-01-01','A+','MALE',NULL,NULL,1,NULL),(1242,1,1,1,1,'SATBEER','SINGH','SIMAR','1987-01-01','A+','MALE',NULL,NULL,1,NULL),(1243,1,1,1,1,'ASHIMA','','KALRA','1987-01-01','A+','FEMALE',NULL,NULL,1,NULL),(1244,1,1,1,1,'MEENAKSHI','','RANA','1987-01-01','A+','FEMALE',NULL,NULL,1,NULL),(1245,1,1,1,1,'SAMARPREET','','KAUR','1987-01-01','A+','FEMALE',NULL,NULL,1,NULL),(1246,1,1,1,1,'NAVEEN','','YADAV','1987-01-01','A+','MALE',NULL,NULL,1,NULL),(1247,1,1,1,1,'MONA','','AGGARWAL','1987-01-01','A+','FEMALE',NULL,NULL,1,NULL),(1248,1,1,1,1,'ASHUTOSH','','AGGARWAL','1987-01-01','A+','MALE',NULL,NULL,1,NULL),(1249,1,1,1,1,'ASHISH','','KUMAR','1987-01-01','A+','MALE',NULL,NULL,1,NULL),(1250,1,1,1,1,'APARNA','','VASUDEVAN','1987-01-01','A+','FEMALE',NULL,NULL,1,NULL),(1251,1,1,1,1,'VIKAS','','KUMAR','1987-01-01','A+','MALE',NULL,NULL,1,NULL),(1252,1,1,1,1,'ANISHA','','JINDAL','1987-01-01','A+','FEMALE',NULL,NULL,1,NULL),(1253,1,1,1,1,'HARINDER','','KAUR','1987-01-01','A+','MALE',NULL,NULL,1,NULL),(1254,1,1,1,1,'NEERU','','AGGARWAL','1987-01-01','A+','FEMALE',NULL,NULL,1,NULL),(1255,1,1,1,1,'HEENA','','GULATI','1987-01-01','A+','FEMALE',NULL,NULL,1,NULL),(1256,1,1,1,1,'VIEBHU','','SINDHU','1987-01-01','A+','MALE',NULL,NULL,1,NULL),(1257,1,1,1,1,'KARTIK','','ANAND','1987-01-01','A+','MALE',NULL,NULL,1,NULL),(1258,1,1,1,1,'SHEETAL','','CHOUHAN','1987-01-01','A+','FEMALE',NULL,NULL,1,NULL),(1259,1,1,1,1,'RAHUL','','','1987-01-01','A+','MALE',NULL,NULL,1,NULL),(1260,1,1,1,1,'VIDUSHI','','BHARDWAJ','1987-01-01','A+','FEMALE',NULL,NULL,1,NULL),(1261,1,1,1,1,'AAKRITI','','GARG','1987-01-01','A+','FEMALE',NULL,NULL,1,NULL),(1262,1,1,1,1,'JYOTI','','SINGH','1987-01-01','A+','FEMALE',NULL,NULL,1,NULL),(1263,1,1,1,1,'SHIVANI','','KASHYAP','1987-01-01','A+','FEMALE',NULL,NULL,1,NULL),(1264,1,1,1,1,'KRITIKA','','GUPTA','1987-01-01','A+','FEMALE',NULL,NULL,1,NULL),(1265,1,1,1,1,'IKESHIKA','','SABARWAL','1987-01-01','A+','FEMALE',NULL,NULL,1,NULL),(1266,1,1,1,1,'MADHU','BALA','YADAV','1987-01-01','A+','FEMALE',NULL,NULL,1,NULL),(1267,1,1,1,1,'GARIMA','','','1987-01-01','A+','FEMALE',NULL,NULL,1,NULL),(1268,1,1,1,1,'PRIYANKA','','AGGARWAL','1987-01-01','A+','FEMALE',NULL,NULL,1,NULL),(1269,1,1,1,1,'AYUSHI','','SAROYA','1987-01-01','A+','FEMALE',NULL,NULL,1,NULL),(1270,1,1,1,1,'HEENU','','SHARMA','1987-01-01','A+','FEMALE',NULL,NULL,1,NULL),(1271,1,1,1,1,'POONAM','','','1987-01-01','A+','FEMALE',NULL,NULL,1,NULL),(1272,1,1,1,1,'VEDIKA','','VIG','1987-01-01','A+','FEMALE',NULL,NULL,1,NULL),(1273,1,1,1,1,'KRISHAN','','KUMAR','1987-01-01','A+','MALE',NULL,NULL,1,NULL),(1274,1,1,1,1,'AMAN','','RAO','1987-01-01','A+','MALE',NULL,NULL,1,NULL),(1275,1,1,1,1,'MAHIMA','','SHARAN','1987-01-01','A+','FEMALE',NULL,NULL,1,NULL),(1276,1,1,1,1,'KM','','JYOTI','1987-01-01','A+','FEMALE',NULL,NULL,1,NULL),(1277,1,1,1,1,'MANISHA','','','1987-01-01','A+','FEMALE',NULL,NULL,1,NULL),(1278,1,1,1,1,'RICHA','','AHUJA','1987-01-01','A+','FEMALE',NULL,NULL,1,NULL),(1279,1,1,1,1,'TANNU','','','1987-01-01','A+','FEMALE',NULL,NULL,1,NULL),(1280,1,1,1,1,'AAYUSHI','','MITTAL','1987-01-01','A+','FEMALE',NULL,NULL,1,NULL),(1281,1,1,1,1,'HARMAN','PREET','SINGH','1987-01-01','A+','MALE',NULL,NULL,1,NULL),(1282,1,1,1,1,'SHUBHAM','','GUPTA','1987-01-01','A+','MALE',NULL,NULL,1,NULL),(1283,1,1,1,1,'ALISHA','','AGGARWAL','1987-01-01','A+','FEMALE',NULL,NULL,1,NULL),(1284,1,1,1,1,'CHANDNI','','GUPTA','1987-01-01','A+','FEMALE',NULL,NULL,1,NULL),(1285,1,1,1,1,'DINESH','','GUPTA','1987-01-01','A+','MALE',NULL,NULL,1,NULL),(1286,1,1,1,1,'NAVLEEN','KAUR','BINDRA','1987-01-01','A+','FEMALE',NULL,NULL,1,NULL),(1287,1,1,1,1,'PRERNA','','KATYAL','1987-01-01','A+','FEMALE',NULL,NULL,1,NULL),(1288,1,1,1,1,'KAMAL','','KHURANA','1987-01-01','A+','MALE',NULL,NULL,1,NULL),(1289,1,1,1,1,'PIYUSH','','SINGLA','1987-01-01','A+','MALE',NULL,NULL,1,NULL),(1290,1,1,1,1,'NITISH','','AGGARWAL','1987-01-01','A+','MALE',NULL,NULL,1,NULL),(1291,1,1,1,1,'KASHISH','','HANDA','1987-01-01','A+','MALE',NULL,NULL,1,NULL),(1292,1,1,1,1,'NAMRATA','','JAGGI','1987-01-01','A+','FEMALE',NULL,NULL,1,NULL),(1293,1,1,1,1,'NIKITA','','MALHOTRA','1987-01-01','A+','FEMALE',NULL,NULL,1,NULL),(1294,1,1,1,1,'AMRIK','','SINGH','1987-01-01','A+','MALE',NULL,NULL,1,NULL),(1295,1,1,1,1,'AASTHA','','','1987-01-01','A+','FEMALE',NULL,NULL,1,NULL),(1296,1,1,1,1,'ABHAS','','PATTI','1987-01-01','A+','MALE',NULL,NULL,1,NULL),(1297,1,1,1,1,'TANYA','','CHAUDHARY','1987-01-01','A+','FEMALE',NULL,NULL,1,NULL),(1298,1,1,1,1,'ISHAN','','KAUSHAL','1987-01-01','A+','MALE',NULL,NULL,1,NULL),(1299,1,1,1,1,'AAYUSHI','','BANSAL','1987-01-01','A+','FEMALE',NULL,NULL,1,NULL),(1300,1,1,1,1,'NIDHI','','SHARMA','1987-01-01','A+','FEMALE',NULL,NULL,1,NULL),(1301,1,1,1,1,'RAJAT','','SANGOWAL','1987-01-01','A+','MALE',NULL,NULL,1,NULL),(1302,1,1,1,1,'POONAM','','VERMA','1987-01-01','A+','FEMALE',NULL,NULL,1,NULL),(1303,1,1,1,1,'ABHISHEK','','LUTHRA','1987-01-01','A+','MALE',NULL,NULL,1,NULL),(1304,1,1,1,1,'NIKHIL','','KUMAR','1987-01-01','A+','MALE',NULL,NULL,1,NULL),(1305,1,1,1,1,'NAKUL','','','1987-01-01','A+','MALE',NULL,NULL,1,NULL),(1306,1,1,1,1,'RUBALI','','YADAV','1987-01-01','A+','FEMALE',NULL,NULL,1,NULL),(1307,1,1,1,1,'MEHAK','','KAMBOJ','1987-01-01','A+','FEMALE',NULL,NULL,1,NULL),(1308,1,1,1,1,'MANPREET','SINGH','RANA','1987-01-01','A+','MALE',NULL,NULL,1,NULL),(1309,1,1,1,1,'MONIKA','','SAPRA','1987-01-01','A+','FEMALE',NULL,NULL,1,NULL),(1310,1,1,1,1,'ROXY','','DABUR','1987-01-01','A+','FEMALE',NULL,NULL,1,NULL),(1311,1,1,1,1,'ALKA','','VOHRA','1987-01-01','A+','FEMALE',NULL,NULL,1,NULL),(1312,1,1,1,1,'SUDESH','','RANI','1987-01-01','A+','FEMALE',NULL,NULL,1,NULL),(1313,1,1,1,1,'JOELDEEP','','KAUR','1987-01-01','A+','FEMALE',NULL,NULL,1,NULL),(1314,1,1,1,1,'PALAK','','PAPNEJA','1987-01-01','A+','FEMALE',NULL,NULL,1,NULL),(1315,1,1,1,1,'GAGAN','','MEHNDIRATTA','1987-01-01','A+','MALE',NULL,NULL,1,NULL),(1316,1,1,1,1,'SARAS','','KAUSHAL','1987-01-01','A+','MALE',NULL,NULL,1,NULL),(1317,1,1,1,1,'HARPREET','','SINGH','1987-01-01','A+','MALE',NULL,NULL,1,NULL),(1318,1,1,1,1,'PUSHPA','','SHARMA','1987-01-01','A+','FEMALE',NULL,NULL,1,NULL),(1319,1,1,1,1,'VIPIN','','SHARMA','1987-01-01','A+','MALE',NULL,NULL,1,NULL),(1320,1,1,1,1,'AMANDEEP','KAUR','JAYJEE','1987-01-01','A+','FEMALE',NULL,NULL,1,NULL),(1321,1,1,1,1,'NEERAJ','','KASHYAP','1987-01-01','A+','MALE',NULL,NULL,1,NULL),(1322,1,1,1,1,'RAVI','','SHANKAR','1987-01-01','A+','MALE',NULL,NULL,1,NULL),(1323,1,1,1,1,'NIDHI','','KAUSHAL','1987-01-01','A+','FEMALE',NULL,NULL,1,NULL),(1324,1,1,1,1,'NISHTHA','','GARG','1987-01-01','A+','FEMALE',NULL,NULL,1,NULL),(1325,1,1,1,1,'GURVINDER','','SINGH','1987-01-01','A+','MALE',NULL,NULL,1,NULL),(1326,1,1,1,1,'PARTH','','MOHINDROO','1987-01-01','A+','MALE',NULL,NULL,1,NULL),(1327,1,1,1,1,'HARDEEP','','KHUBBER','1987-01-01','A+','FEMALE',NULL,NULL,1,NULL),(1328,1,1,1,1,'NANCY','','TULI','1987-01-01','A+','FEMALE',NULL,NULL,1,NULL),(1329,1,1,1,1,'HIMANSHU','','KARKI','1987-01-01','A+','MALE',NULL,NULL,1,NULL),(1330,1,1,1,1,'ATIN','','AGGARWAL','1987-01-01','A+','MALE',NULL,NULL,1,NULL),(1331,1,1,1,1,'RUCHI','','DAHIYA','1987-01-01','A+','FEMALE',NULL,NULL,1,NULL),(1332,1,1,1,1,'SONIA','','SHARMA','1987-01-01','A+','FEMALE',NULL,NULL,1,NULL),(1333,1,1,1,1,'AMANDEEP','','','1987-01-01','A+','MALE',NULL,NULL,1,NULL),(1334,1,1,1,1,'MANISHA','','KUMARI','1987-01-01','A+','MALE',NULL,NULL,1,NULL),(1335,1,1,1,1,'JANNAT','','BHOLA','1987-01-01','A+','FEMALE',NULL,NULL,1,NULL),(1336,1,1,1,1,'ARCHANA','','YADAV','1987-01-01','A+','FEMALE',NULL,NULL,1,NULL),(1337,1,1,1,1,'ROHAN','SINGH','CHAUHAN','1987-01-01','A+','MALE',NULL,NULL,1,NULL),(1338,1,1,1,1,'RUHI','','','1987-01-01','A+','FEMALE',NULL,NULL,1,NULL),(1339,1,1,1,1,'DIKSHA','','YADAV','1987-01-01','A+','FEMALE',NULL,NULL,1,NULL),(1340,1,1,1,1,'SUMIT','','','1987-01-01','A+','MALE',NULL,NULL,1,NULL),(1341,1,1,1,1,'ANSHUL','','MITTAL','1987-01-01','A+','MALE',NULL,NULL,1,NULL),(1342,1,1,1,1,'SWATI','','SHARMA','1987-01-01','A+','FEMALE',NULL,NULL,1,NULL),(1343,1,1,1,1,'VATSALA','','GAUTAM','1987-01-01','A+','FEMALE',NULL,NULL,1,NULL),(1344,1,1,1,1,'SACHIN','','GOEL','1987-01-01','A+','MALE',NULL,NULL,1,NULL),(1345,1,1,1,1,'CHANDNI','','GOEL','1987-01-01','A+','FEMALE',NULL,NULL,1,NULL),(1346,1,1,1,1,'CHHAVI','','GOEL','1987-01-01','A+','FEMALE',NULL,NULL,1,NULL),(1347,1,1,1,1,'AMAN','','PUNJ','1987-01-01','A+','MALE',NULL,NULL,1,NULL),(1348,1,1,1,1,'VIDUSHI','','GUPTA','1987-01-01','A+','FEMALE',NULL,NULL,1,NULL),(1349,1,1,1,1,'ISHANA','','','1987-01-01','A+','FEMALE',NULL,NULL,1,NULL),(1350,1,1,1,1,'SAHIL','','KALRA','1987-01-01','A+','MALE',NULL,NULL,1,NULL),(1351,1,1,1,1,'ADITI','','ARORA','1987-01-01','A+','FEMALE',NULL,NULL,1,NULL),(1352,1,1,1,1,'SHUBHAM','','AGGARWAL','1987-01-01','A+','MALE',NULL,NULL,1,NULL),(1353,1,1,1,1,'SHUBHAM','','KANDPAL','1987-01-01','A+','MALE',NULL,NULL,1,NULL),(1354,1,1,1,1,'MADHUR','','WALIA','1987-01-01','A+','MALE',NULL,NULL,1,NULL),(1355,1,1,1,1,'SORAB','','DATTA','1987-01-01','A+','MALE',NULL,NULL,1,NULL),(1356,1,1,1,1,'VEER','','SINGH','1987-01-01','A+','MALE',NULL,NULL,1,NULL),(1357,1,1,1,1,'HEIMANSHU','','KHARUB','1987-01-01','A+','MALE',NULL,NULL,1,NULL),(1358,1,1,1,1,'PUNEET','','SHARMA','1987-01-01','A+','MALE',NULL,NULL,1,NULL),(1359,1,1,1,1,'TANYA','','','1987-01-01','A+','FEMALE',NULL,NULL,1,NULL),(1360,1,1,1,1,'RICHA','','TANEJA','1987-01-01','A+','FEMALE',NULL,NULL,1,NULL),(1361,1,1,1,1,'RADHA','','','1987-01-01','A+','FEMALE',NULL,NULL,1,NULL),(1362,1,1,1,1,'PARUL','','KAUSHIK','1987-01-01','A+','MALE',NULL,NULL,1,NULL),(1363,1,1,1,1,'SOMYA','','KHURANA','1987-01-01','A+','FEMALE',NULL,NULL,1,NULL),(1364,1,1,1,1,'SUSHANT','','VERMA','1987-01-01','A+','MALE',NULL,NULL,1,NULL),(1365,1,1,1,1,'NITIN','','BAJAJ','1987-01-01','A+','MALE',NULL,NULL,1,NULL),(1366,1,1,1,1,'RICHA','','THAKUR','1987-01-01','A+','FEMALE',NULL,NULL,1,NULL),(1367,1,1,1,1,'HIMANSHU','','DHIMAN','1987-01-01','A+','MALE',NULL,NULL,1,NULL),(1368,1,1,1,1,'SAHIL','','KATYAL','1987-01-01','A+','MALE',NULL,NULL,1,NULL),(1369,1,1,1,1,'RITESH','','KUMAR','1987-01-01','A+','MALE',NULL,NULL,1,NULL),(1370,1,1,1,1,'VIKRAM','','SINGH','1987-01-01','A+','MALE',NULL,NULL,1,NULL),(1371,1,1,1,1,'MEHAK','','SOOD','1987-01-01','A+','FEMALE',NULL,NULL,1,NULL),(1372,1,1,1,1,'CHESTHA','','LAMBA','1987-01-01','A+','FEMALE',NULL,NULL,1,NULL),(1373,1,1,1,1,'SHILPA','','BHAT','1987-01-01','A+','FEMALE',NULL,NULL,1,NULL),(1374,1,1,1,1,'VIVEK','','NEHRA','1987-01-01','A+','MALE',NULL,NULL,1,NULL),(1375,1,1,1,1,'MANPREET','','KAUR','1987-01-01','A+','FEMALE',NULL,NULL,1,NULL),(1376,1,1,1,1,'EKTA','','KALRA','1987-01-01','A+','FEMALE',NULL,NULL,1,NULL),(1377,1,1,1,1,'AMARJEET','','SINGH','1987-01-01','A+','MALE',NULL,NULL,1,NULL),(1378,1,1,1,1,'GAURAV','','MEHTA','1987-01-01','A+','MALE',NULL,NULL,1,NULL),(1379,1,1,1,1,'PARNEET','','KAUR','1987-01-01','A+','FEMALE',NULL,NULL,1,NULL),(1380,1,1,1,1,'VIKAS','','SAINI','1987-01-01','A+','MALE',NULL,NULL,1,NULL),(1381,1,1,1,1,'GAURAV','','AGGARWAL','1987-01-01','A+','MALE',NULL,NULL,1,NULL),(1382,1,1,1,1,'NEERU','','','1987-01-01','A+','FEMALE',NULL,NULL,1,NULL),(1383,1,1,1,1,'MEENAKSHI','','MAHAL','1987-01-01','A+','FEMALE',NULL,NULL,1,NULL),(1384,1,1,1,1,'DEEPAKSHI','','RANI','1987-01-01','A+','FEMALE',NULL,NULL,1,NULL),(1385,1,1,1,1,'PINKI','','DEVI','1987-01-01','A+','FEMALE',NULL,NULL,1,NULL),(1386,1,1,1,1,'VIVEK','','KUMAR','1987-01-01','A+','MALE',NULL,NULL,1,NULL),(1387,1,1,1,1,'CHANDAN','','THAREJA','1987-01-01','A+','MALE',NULL,NULL,1,NULL),(1388,1,1,1,1,'MANPREET','','SAINI','1987-01-01','A+','FEMALE',NULL,NULL,1,NULL),(1389,1,1,1,1,'TANVI','','SHARMA','1987-01-01','A+','FEMALE',NULL,NULL,1,NULL),(1390,1,1,1,1,'SHESHANG','','','1987-01-01','A+','MALE',NULL,NULL,1,NULL),(1391,1,1,1,1,'SARITA','','','1987-01-01','A+','FEMALE',NULL,NULL,1,NULL),(1392,1,1,1,1,'JASPREET','','SINGH','1987-01-01','A+','MALE',NULL,NULL,1,NULL),(1393,1,1,1,1,'MINKAL','','SHARMA','1987-01-01','A+','FEMALE',NULL,NULL,1,NULL),(1394,1,1,1,1,'RITIKA','','GUPTA','1987-01-01','A+','FEMALE',NULL,NULL,1,NULL),(1395,1,1,1,1,'ARINDAM','','GHOSHAL','1987-01-01','A+','MALE',NULL,NULL,1,NULL),(1396,1,1,1,1,'HARISH','','ARORA','1987-01-01','A+','MALE',NULL,NULL,1,NULL),(1397,1,1,1,1,'SHRISTY','','','1987-01-01','A+','FEMALE',NULL,NULL,1,NULL),(1398,1,1,1,1,'MANPREET','','KAUR','1987-01-01','A+','FEMALE',NULL,NULL,1,NULL),(1399,1,1,1,1,'AMANDEEP','','KAUR','1987-01-01','A+','FEMALE',NULL,NULL,1,NULL),(1400,1,1,1,1,'MONIKA','','SAINI','1987-01-01','A+','FEMALE',NULL,NULL,1,NULL),(1401,1,1,1,1,'AKANSHA','','SINGH','1987-01-01','A+','FEMALE',NULL,NULL,1,NULL),(1402,1,1,1,1,'NIKITA','','KASHYAP','1987-01-01','A+','FEMALE',NULL,NULL,1,NULL),(1403,1,1,1,1,'SONAM','','','1987-01-01','A+','FEMALE',NULL,NULL,1,NULL),(1404,1,1,1,1,'SUMIT',NULL,'BINDAL','1987-01-01','A+','MALE',NULL,NULL,1,NULL),(1405,1,1,1,1,'GOURAV','','SINGH','1987-01-01','A+','MALE',NULL,NULL,1,NULL),(1406,1,1,1,1,'VIKAS','','DHULL','1987-01-01','A+','MALE',NULL,NULL,1,NULL),(1407,1,1,1,1,'ANURADHA','','KUMARI','1987-01-01','A+','FEMALE',NULL,NULL,1,NULL),(1408,1,1,1,1,'SHIVANI','','SAHRAOT','1987-01-01','A+','FEMALE',NULL,NULL,1,NULL),(1409,1,1,1,1,'SONAKSHI','','','1987-01-01','A+','FEMALE',NULL,NULL,1,NULL),(1410,1,1,1,1,'KOMAL','','AGGARWAL','1987-01-01','A+','MALE',NULL,NULL,1,NULL),(1411,1,1,1,1,'AMIT','','SHEORAN','1987-01-01','A+','MALE',NULL,NULL,1,NULL),(1412,1,1,1,1,'HARMINDER','','SINGH','1987-01-01','A+','MALE',NULL,NULL,1,NULL),(1413,1,1,1,1,'AMRITPAL','SINGH','BHINDER','1987-01-01','A+','MALE',NULL,NULL,1,NULL),(1414,1,1,1,1,'VISHAL','','KUMAR','1987-01-01','A+','MALE',NULL,NULL,1,NULL),(1415,1,1,1,1,'NEHA',NULL,'MAHESH','1987-01-01','A+','FEMALE',NULL,NULL,1,NULL),(1416,1,1,1,1,'ANKIT','','GUPTA','1987-01-01','A+','MALE',NULL,NULL,1,NULL),(1417,1,1,1,1,'HARSHARAN','','SINGH','1987-01-01','A+','MALE',NULL,NULL,1,NULL),(1418,1,1,1,1,'SUMEET','','KHATRI','1987-01-01','A+','MALE',NULL,NULL,1,NULL),(1419,1,1,1,1,'PRABHJOT','','SINGH','1987-01-01','A+','MALE',NULL,NULL,1,NULL),(1420,1,1,1,1,'AMIT','','KHATKAR','1987-01-01','A+','MALE',NULL,NULL,1,NULL),(1421,1,1,1,1,'MOHIT','','DHIMAN','1987-01-01','A+','MALE',NULL,NULL,1,NULL),(1422,1,1,1,1,'RAJAT','','MANAN','1987-01-01','A+','MALE',NULL,NULL,1,NULL),(1423,1,1,1,1,'GURDEEP','','SINGH','1987-01-01','A+','MALE',NULL,NULL,1,NULL),(1424,1,1,1,1,'KULWINDER','','SINGH','1987-01-01','A+','MALE',NULL,NULL,1,NULL),(1425,1,1,1,1,'GURDEEP','','KUMAR','1987-01-01','A+','MALE',NULL,NULL,1,NULL),(1426,1,1,1,1,'SIMRANJEET','','SINGH','1987-01-01','A+','MALE',NULL,NULL,1,NULL),(1427,1,1,1,1,'RAVINDER','','SINGH','1987-01-01','A+','MALE',NULL,NULL,1,NULL),(1428,1,1,1,1,'ANKIT','','ISTWAL','1987-01-01','A+','MALE',NULL,NULL,1,NULL),(1429,1,1,1,1,'TARANJEET','','SINGH','1987-01-01','A+','MALE',NULL,NULL,1,NULL),(1430,1,1,1,1,'MONTI','','KUMAR','1987-01-01','A+','MALE',NULL,NULL,1,NULL),(1431,1,1,1,1,'KANWAR','PARTAP','SINGH','1987-01-01','A+','MALE',NULL,NULL,1,NULL),(1432,1,1,1,1,'SHUBHIT','','MALIK','1987-01-01','A+','MALE',NULL,NULL,1,NULL),(1433,1,1,1,1,'PARAMPREET','','SINGH','1987-01-01','A+','MALE',NULL,NULL,1,NULL),(1434,1,1,1,1,'JAGJEET','','SINGH','1987-01-01','A+','MALE',NULL,NULL,1,NULL),(1435,1,1,1,1,'NITISH','','SHARMA','1987-01-01','A+','MALE',NULL,NULL,1,NULL),(1436,1,1,1,1,'NISHANT','','CHAUDHARY','1987-01-01','A+','MALE',NULL,NULL,1,NULL),(1437,1,1,1,1,'UDIT','','DHIMAN','1987-01-01','A+','MALE',NULL,NULL,1,NULL),(1438,1,1,1,1,'VIKRAM','','YADAV','1987-01-01','A+','MALE',NULL,NULL,1,NULL),(1439,1,1,1,1,'RAHUL','','ACHINT','1987-01-01','A+','MALE',NULL,NULL,1,NULL),(1440,1,1,1,1,'ROHIT','SINGH','GULIA','1987-01-01','A+','MALE',NULL,NULL,1,NULL),(1441,1,1,1,1,'NISHANT','','GUPTA','1987-01-01','A+','MALE',NULL,NULL,1,NULL),(1442,1,1,1,1,'DILEP','KUMAR','GAUTAM','1987-01-01','A+','MALE',NULL,NULL,1,NULL),(1443,1,1,1,1,'MOHIT','','MANDHAN','1987-01-01','A+','MALE',NULL,NULL,1,NULL),(1444,1,1,1,1,'KASHISH','','MALIK','1987-01-01','A+','MALE',NULL,NULL,1,NULL),(1445,1,1,1,1,'PRAKASH','','','1987-01-01','A+','MALE',NULL,NULL,1,NULL),(1446,1,1,1,1,'SAHIL','','KUMAR','1987-01-01','A+','MALE',NULL,NULL,1,NULL),(1447,1,1,1,1,'SIDARTH','','GUPTA','1987-01-01','A+','MALE',NULL,NULL,1,NULL),(1448,1,1,1,1,'TAJBAR','SINGH','RAWAT','1987-01-01','A+','MALE',NULL,NULL,1,NULL),(1449,1,1,1,1,'HARDIK','','SURI','1987-01-01','A+','MALE',NULL,NULL,1,NULL),(1450,1,1,1,1,'SHRIKANT','','SHARMA','1987-01-01','A+','MALE',NULL,NULL,1,NULL),(1451,1,1,1,1,'ABHIJIT','','SINGH','1987-01-01','A+','MALE',NULL,NULL,1,NULL),(1452,1,1,1,1,'NISCHEY','','SHARMA','1987-01-01','A+','MALE',NULL,NULL,1,NULL),(1453,1,1,1,1,'HIMANSHU','','','1987-01-01','A+','MALE',NULL,NULL,1,NULL),(1454,1,1,1,1,'ABHISHEK','','GARG','1987-01-01','A+','MALE',NULL,NULL,1,NULL),(1455,1,1,1,1,'VAIBHAV','','GUPTA','1987-01-01','A+','MALE',NULL,NULL,1,NULL),(1456,1,1,1,1,'RAHUL','','CHEHAL','1987-01-01','A+','MALE',NULL,NULL,1,NULL),(1457,1,1,1,1,'GOURAV','','SAINI','1987-01-01','A+','MALE',NULL,NULL,1,NULL),(1458,1,1,1,1,'KARAN','','GULATI','1987-01-01','A+','MALE',NULL,NULL,1,NULL),(1459,1,1,1,1,'SAGAR','','SHARMA','1987-01-01','A+','MALE',NULL,NULL,1,NULL),(1460,1,1,1,1,'HIMANSHU','','BHARGAVA','1987-01-01','A+','MALE',NULL,NULL,1,NULL),(1461,1,1,1,1,'PUNEET','','SHARMA','1987-01-01','A+','MALE',NULL,NULL,1,NULL),(1462,1,1,1,1,'DEEPAK','','','1987-01-01','A+','MALE',NULL,NULL,1,NULL),(1463,1,1,1,1,'MANINDER','','SINGH','1987-01-01','A+','MALE',NULL,NULL,1,NULL),(1464,1,1,1,1,'AKSHAY','','DHINGRA','1987-01-01','A+','MALE',NULL,NULL,1,NULL),(1465,1,1,1,1,'SHARAD','','BHAN','1987-01-01','A+','MALE',NULL,NULL,1,NULL),(1466,1,1,1,1,'ABHISHEK','','','1987-01-01','A+','MALE',NULL,NULL,1,NULL),(1467,1,1,1,1,'SIMRANJEET','','SINGH','1987-01-01','A+','MALE',NULL,NULL,1,NULL),(1468,1,1,1,1,'SAURABH','','SHARMA','1987-01-01','A+','MALE',NULL,NULL,1,NULL),(1469,1,1,1,1,'RAHUL','','SHARMA','1987-01-01','A+','MALE',NULL,NULL,1,NULL),(1470,1,1,1,1,'SAPAN','','GARG','1987-01-01','A+','MALE',NULL,NULL,1,NULL),(1471,1,1,1,1,'Prateek','','','1987-01-01','A+','MALE',NULL,NULL,1,NULL),(1472,1,1,1,1,'VIPUL','','GULATI','1987-01-01','A+','MALE',NULL,NULL,1,NULL),(1473,1,1,1,1,'ANJALI','','SHARMA','1987-01-01','A+','FEMALE',NULL,NULL,1,NULL),(1474,1,1,1,1,'RAJAT','','GAUTAM','1987-01-01','A+','MALE',NULL,NULL,1,NULL),(1475,1,1,1,1,'MUKESH','','KUMAR','1987-01-01','A+','MALE',NULL,NULL,1,NULL),(1476,1,1,1,1,'Sukhbir',NULL,'Singh','1987-01-01','A+','MALE',NULL,NULL,1,NULL),(1477,1,1,1,1,'Sahil',NULL,'Kumar','1987-01-01','A+','MALE',NULL,NULL,1,NULL),(1478,1,1,1,1,'Rahul',NULL,'Thakur','1987-01-01','A+','MALE',NULL,NULL,1,NULL),(1479,1,1,1,1,'CHARANPREET',NULL,'SETHI','1987-01-01','A+','MALE',NULL,NULL,0,NULL),(1480,1,1,1,1,'NAVJOT',NULL,'KAUR','1987-01-01','A+','FEMALE',NULL,NULL,0,NULL),(1481,1,1,1,1,'AVESH',NULL,'GARG','1987-01-01','A+','MALE',NULL,NULL,0,NULL),(1482,1,1,1,1,'HITENDER',NULL,'GUPTA','1987-01-01','A+','MALE',NULL,NULL,0,NULL),(1483,1,1,1,1,'MANISH',NULL,'KUMAR','1987-01-01','A+','MALE',NULL,NULL,0,NULL),(1484,1,1,1,1,'JASWINDER',NULL,'SINGH','1987-01-01','A+','MALE',NULL,NULL,0,NULL),(1485,1,1,1,1,'NEHA',NULL,'AGGARWAL','1987-01-01','A+','FEMALE',NULL,NULL,0,NULL),(1486,1,1,1,1,'PARUL',NULL,'MINOCHA','1987-01-01','A+','FEMALE',NULL,NULL,0,NULL),(1487,1,1,1,1,'ANURAG',NULL,'SINGH','1987-01-01','A+','MALE',NULL,NULL,0,NULL),(1488,1,1,1,1,'DEEPAK',NULL,'VERMA','1987-01-01','A+','MALE',NULL,NULL,0,NULL),(1489,1,1,1,1,'PUNEET',NULL,'SAGAR','1987-01-01','A+','MALE',NULL,NULL,0,NULL),(1490,1,1,1,1,'MANPREET',NULL,'SINGH','1987-01-01','A+','MALE',NULL,NULL,0,NULL),(1491,1,1,1,1,'PARUL',NULL,'MALHOTRA','1987-01-01','A+','FEMALE',NULL,NULL,0,NULL),(1492,1,1,1,1,'VINAY',NULL,'BHARDWAJ','1987-01-01','A+','MALE',NULL,NULL,0,NULL),(1493,1,1,1,1,'RAVI',NULL,'KAUSHAL','1987-01-01','A+','MALE',NULL,NULL,0,NULL),(1494,1,1,1,1,'BACHANL',NULL,'SINGH','1987-01-01','A+','MALE',NULL,NULL,0,NULL),(1495,1,1,1,1,'MANDEEP',NULL,'KAUR','1987-01-01','A+','MALE',NULL,NULL,0,NULL),(1496,1,1,1,1,'RAHUL',NULL,'SAXENA','1987-01-01','A+','MALE',NULL,NULL,0,NULL),(1497,1,1,1,1,'DEEPIKA',NULL,'GARG','1987-01-01','A+','FEMALE',NULL,NULL,0,NULL),(1498,1,1,1,1,'DIVYA',NULL,NULL,'1987-01-01','A+','FEMALE',NULL,NULL,0,NULL),(1499,1,1,1,1,'SATISH',NULL,'GUPTA','1987-01-01','A+','MALE',NULL,NULL,0,NULL),(1500,1,1,1,1,'SACHIN',NULL,'KUMAR','1987-01-01','A+','MALE',NULL,NULL,0,NULL),(1501,1,1,1,1,'PRAGATI',NULL,NULL,'1987-01-01','A+','FEMALE',NULL,NULL,0,NULL),(1502,1,1,1,1,'HEMLATA',NULL,NULL,'1987-01-01','A+','FEMALE',NULL,NULL,0,NULL),(1503,1,1,1,1,'SAHIL',NULL,'BHUSHAN','1987-01-01','A+','MALE',NULL,NULL,0,NULL),(1504,1,1,1,1,'SHREYA',NULL,'BISHNOI','1987-01-01','A+','FEMALE',NULL,NULL,0,NULL),(1505,1,1,1,1,'ANJALI',NULL,'SHARMA','1987-01-01','A+','FEMALE',NULL,NULL,0,NULL),(1506,1,1,1,1,'GEETANJALI',NULL,NULL,'1987-01-01','A+','FEMALE',NULL,NULL,0,NULL),(1507,1,1,1,1,'SANJEEV',NULL,'BALDA','1987-01-01','A+','MALE',NULL,NULL,0,NULL),(1508,1,1,1,1,'KANIKA',NULL,'DUHAN','1987-01-01','A+','FEMALE',NULL,NULL,0,NULL),(1509,1,1,1,1,'VISHAL',NULL,'GUPTA','1987-01-01','A+','MALE',NULL,NULL,0,NULL),(1510,1,1,1,1,'SHARUTI',NULL,NULL,'1987-01-01','A+','FEMALE',NULL,NULL,0,NULL),(1511,1,1,1,1,'RANDEEP',NULL,NULL,'1987-01-01','A+','MALE',NULL,NULL,0,NULL),(1512,1,1,1,1,'RANI',NULL,'GOEL','1987-01-01','A+','FEMALE',NULL,NULL,0,NULL),(1513,1,1,1,1,'NIHARIKA',NULL,'GULATI','1987-01-01','A+','FEMALE',NULL,NULL,0,NULL),(1514,1,1,1,1,'Sakshi',NULL,'Gupta','1987-01-01','A+','MALE',NULL,NULL,1,NULL),(1515,1,1,1,1,'Kamal',NULL,'Kumar','1987-01-01','A+','MALE',NULL,NULL,1,NULL),(1516,1,1,1,1,'Brij',NULL,'Pal','1987-01-01','A+','MALE',NULL,NULL,1,NULL),(1517,1,1,1,1,'Saurabh',NULL,'Sharma','1987-01-01','A+','MALE',NULL,NULL,1,NULL),(1518,1,1,1,1,'Aastha',NULL,'Garg','1987-01-01','A+','MALE',NULL,NULL,1,NULL),(1519,1,1,1,1,'Ankita',NULL,'Sharma','1987-01-01','A+','MALE',NULL,NULL,1,NULL),(1520,1,1,1,1,'Namrata',NULL,'Puri','1987-01-01','A+','MALE',NULL,NULL,1,NULL),(1521,1,1,1,1,'Gunjan',NULL,'Sethi','1987-01-01','A+','MALE',NULL,NULL,1,NULL),(1522,1,1,1,1,'Zumita',NULL,'Kaushal','1987-01-01','A+','MALE',NULL,NULL,1,NULL),(1523,1,1,1,1,'Parul',NULL,'Goel','1987-01-01','A+','MALE',NULL,NULL,1,NULL),(1524,1,1,1,1,'Kanika',NULL,'Gupta','1987-01-01','A+','MALE',NULL,NULL,1,NULL),(1525,1,1,1,1,'Stuti',NULL,'Mehla','1987-01-01','A+','MALE',NULL,NULL,1,NULL),(1526,1,1,1,1,'Shruti',NULL,'Katyal','1987-01-01','A+','MALE',NULL,NULL,1,NULL),(1527,1,1,1,1,'Gurpreet',NULL,'Kaur','1987-01-01','A+','MALE',NULL,NULL,1,NULL),(1528,1,1,1,1,'Nikita',NULL,'','1987-01-01','A+','MALE',NULL,NULL,1,NULL),(1529,1,1,1,1,'Siddharth',NULL,'Arora','1987-01-01','A+','MALE',NULL,NULL,1,NULL),(1530,1,1,1,1,'Bindu',NULL,'Rani','1987-01-01','A+','MALE',NULL,NULL,1,NULL),(1531,1,1,1,1,'Neha',NULL,'Miglani','1987-01-01','A+','MALE',NULL,NULL,1,NULL),(1532,1,1,1,1,'Isha',NULL,'Jain','1987-01-01','A+','MALE',NULL,NULL,1,NULL),(1533,1,1,1,1,'Shefali',NULL,'','1987-01-01','A+','MALE',NULL,NULL,1,NULL),(1534,1,1,1,1,'Manisha',NULL,'Dhindsa','1987-01-01','A+','MALE',NULL,NULL,1,NULL),(1535,1,1,1,1,'Sumit',NULL,'Jha','1987-01-01','A+','MALE',NULL,NULL,1,NULL),(1536,1,1,1,1,'Shivangi',NULL,'Gupta','1987-01-01','A+','MALE',NULL,NULL,1,NULL),(1537,1,1,1,1,'Pooja',NULL,'Lamba','1987-01-01','A+','MALE',NULL,NULL,1,NULL),(1538,1,1,1,1,'Sonam',NULL,'Aggarwal','1987-01-01','A+','MALE',NULL,NULL,1,NULL),(1539,1,1,1,1,'Gagandeep',NULL,'Singh','1987-01-01','A+','MALE',NULL,NULL,1,NULL),(1540,1,1,1,1,'Nipun',NULL,'','1987-01-01','A+','MALE',NULL,NULL,1,NULL),(1541,1,1,1,1,'Swati',NULL,'Sharma','1987-01-01','A+','MALE',NULL,NULL,1,NULL),(1542,1,1,1,1,'Harmanpreet',NULL,'','1987-01-01','A+','MALE',NULL,NULL,1,NULL),(1543,1,1,1,1,'Neetu',NULL,'Sharma','1987-01-01','A+','MALE',NULL,NULL,1,NULL),(1544,1,1,1,1,'Vibha',NULL,'','1987-01-01','A+','MALE',NULL,NULL,1,NULL),(1545,1,1,1,1,'Sakshi',NULL,'Anand','1987-01-01','A+','MALE',NULL,NULL,1,NULL),(1546,1,1,1,1,'Manpreet',NULL,'Kaur','1987-01-01','A+','MALE',NULL,NULL,1,NULL),(1547,1,1,1,1,'Ritu',NULL,'Devi','1987-01-01','A+','MALE',NULL,NULL,1,NULL),(1548,1,1,1,1,'Geetanjali',NULL,'Jain','1987-01-01','A+','MALE',NULL,NULL,1,NULL),(1549,1,1,1,1,'Tanu',NULL,'Pahwa','1987-01-01','A+','MALE',NULL,NULL,1,NULL),(1550,1,1,1,1,'Ridhi',NULL,'Mehta','1987-01-01','A+','MALE',NULL,NULL,1,NULL),(1551,1,1,1,1,'Neha',NULL,'Kashyap','1987-01-01','A+','MALE',NULL,NULL,1,NULL),(1552,1,1,1,1,'Saru',NULL,'Saini','1987-01-01','A+','MALE',NULL,NULL,1,NULL),(1553,1,1,1,1,'Sushri Suchismita',NULL,'Nathsharma','1987-01-01','A+','MALE',NULL,NULL,1,NULL),(1554,1,1,1,1,'Neha',NULL,'','1987-01-01','A+','MALE',NULL,NULL,1,NULL),(1555,1,1,1,1,'Priya',NULL,'','1987-01-01','A+','MALE',NULL,NULL,1,NULL),(1556,1,1,1,1,'Paavan',NULL,'','1987-01-01','A+','MALE',NULL,NULL,1,NULL),(1557,1,1,1,1,'Anuradha',NULL,'Saini','1987-01-01','A+','MALE',NULL,NULL,1,NULL),(1558,1,1,1,1,'Amandeep',NULL,'Kaur','1987-01-01','A+','MALE',NULL,NULL,1,NULL),(1559,1,1,1,1,'Sujata',NULL,'Sharma','1987-01-01','A+','MALE',NULL,NULL,1,NULL),(1560,1,1,1,1,'Gourav',NULL,'Choudhary','1987-01-01','A+','MALE',NULL,NULL,1,NULL),(1561,1,1,1,1,'Mohit',NULL,'','1987-01-01','A+','MALE',NULL,NULL,1,NULL),(1562,1,1,1,1,'Priyanka',NULL,'Kalra','1987-01-01','A+','MALE',NULL,NULL,1,NULL),(1563,1,1,1,1,'Hemant',NULL,'Tyagi','1987-01-01','A+','MALE',NULL,NULL,1,NULL),(1564,1,1,1,1,'Pardeep',NULL,'Kumar','1987-01-01','A+','MALE',NULL,NULL,1,NULL),(1565,1,1,1,1,'Shagun',NULL,'Gujral','1987-01-01','A+','MALE',NULL,NULL,1,NULL),(1566,1,1,1,1,'Jagdeep',NULL,'Singh','1987-01-01','A+','MALE',NULL,NULL,1,NULL),(1567,1,1,1,1,'Bhupinder',NULL,'Singh','1987-01-01','A+','MALE',NULL,NULL,1,NULL),(1568,1,1,1,1,'Yadvinder',NULL,'Singh','1987-01-01','A+','MALE',NULL,NULL,1,NULL),(1569,1,1,1,1,'Ashok',NULL,'Malik','1987-01-01','A+','MALE',NULL,NULL,1,NULL),(1570,1,1,1,1,'Rakesh',NULL,'Sharma','1987-01-01','A+','MALE',NULL,NULL,1,NULL),(1571,1,1,1,1,'Suraj',NULL,'Choudhary','1987-01-01','A+','MALE',NULL,NULL,1,NULL),(1572,1,1,1,1,'Parveen',NULL,'Kumar','1987-01-01','A+','MALE',NULL,NULL,1,NULL),(1573,1,1,1,1,'Dyal',NULL,'Singh','1987-01-01','A+','MALE',NULL,NULL,1,NULL),(1574,1,1,1,1,'Manish',NULL,'Kumar','1987-01-01','A+','MALE',NULL,NULL,1,NULL),(1575,1,1,1,1,'Punit',NULL,'Sihag','1987-01-01','A+','MALE',NULL,NULL,1,NULL),(1576,1,1,1,1,'Anuj',NULL,'Chauhan','1987-01-01','A+','MALE',NULL,NULL,1,NULL),(1577,1,1,1,1,'Viney',NULL,'Jain','1987-01-01','A+','MALE',NULL,NULL,1,NULL),(1578,1,1,1,1,'Vikas',NULL,'Sahu','1987-01-01','A+','MALE',NULL,NULL,1,NULL),(1579,1,1,1,1,'Rupen',NULL,'Tahran','1987-01-01','A+','MALE',NULL,NULL,1,NULL),(1580,1,1,1,1,'Amit',NULL,'Kumar','1987-01-01','A+','MALE',NULL,NULL,1,NULL),(1581,1,1,1,1,'Sharman',NULL,'Gupta','1987-01-01','A+','MALE',NULL,NULL,1,NULL),(1582,1,1,1,1,'Manish',NULL,'Sharma','1987-01-01','A+','MALE',NULL,NULL,1,NULL),(1583,1,1,1,1,'Sandeep',NULL,'Kumar','1987-01-01','A+','MALE',NULL,NULL,1,NULL);

/*Data for the table `mod_action` */

insert  into `mod_action`(`module_id`,`controller_id`,`action_id`) values ('core','batch','index'),('core','batchsemester','index'),('core','block','index'),('core','degree','index'),('core','degreedepartment','index'),('core','dept','index'),('core','groups','index'),('core','holiday','index'),('core','index','index'),('core','room','index'),('core','roomtype','index'),('core','semeserdegree','index'),('core','semester','index'),('core','session','index'),('core','staff','index'),('core','staffpersonal','index'),('core','student','index'),('core','studentpersonal','index'),('core','weekday','index');

/*Data for the table `mod_controller` */

insert  into `mod_controller`(`module_id`,`controller_id`) values ('core','batch'),('core','batchsemester'),('core','block'),('core','degree'),('core','degreedepartment'),('core','dept'),('core','groups'),('core','holiday'),('core','index'),('core','room'),('core','roomtype'),('core','semeserdegree'),('core','semester'),('core','session'),('core','staff'),('core','staffpersonal'),('core','student'),('core','studentpersonal'),('core','weekday');

/*Data for the table `mod_role` */

/*Data for the table `module` */

insert  into `module`(`module_id`) values ('core');

/*Data for the table `nationalities` */

insert  into `nationalities`(`nationality_id`,`nationality_name`) values (1,'INDIAN'),(2,'AMERICAN'),(3,'BRITISH'),(4,'AUSTRILIAN');

/*Data for the table `programme` */

insert  into `programme`(`programme_id`,`programme_name`,`total_semesters`) values ('BTECH','Bachelor in Technology',8),('DIPLOMA','Diploma',6),('MTECH','Master in Technology',4);

/*Data for the table `relations` */

insert  into `relations`(`relation_id`,`relation_name`) values (1,'FATHER'),(2,'MOTHER'),(3,'GRAND FATHER'),(4,'GRAND MOTHER'),(5,'UNCLE');

/*Data for the table `religions` */

insert  into `religions`(`religion_id`,`religion_name`) values (1,'HINDU'),(2,'MUSLIM'),(3,'SIKH'),(4,'CHRISTIAN');

/*Data for the table `role_resource` */

/*Data for the table `room` */

insert  into `room`(`block_id`,`room_id`,`room_type_id`,`capacity`,`remark`) values ('ADM_B1','1','LH',70,''),('ADM_B2','1','LAB',22,''),('ADM_B2','10','LH',70,''),('ADM_B2','11','LH',70,''),('ADM_B2','12','LH',70,''),('ADM_B2','16','TR',25,''),('ADM_B2','17','TR',25,''),('ADM_B2','18','TR',25,''),('ADM_B2','19','TR',25,''),('ADM_B1','2','LH',70,''),('ADM_B2','2','LAB',22,''),('ADM_B1','3','DH',70,''),('ADM_B2','3','LAB',22,''),('ADM_B2','4','LAB',22,''),('ADM_B2','5','LAB',22,''),('ADM_B1','6','LAB',25,''),('ADM_B2','6','LH',70,''),('ADM_B2','7','LH',70,''),('ADM_B2','8','LH',70,''),('ADM_B2','9','LH',70,''),('ADM_B2','AC','LAB',25,''),('ADM_B2','FM','LAB',70,''),('ADM_B2','HT','LAB',70,''),('ADM_B2','IE','LAB',70,''),('ADM_B2','SH','SH',70,''),('ADM_B2','TE','LAB',70,'');

/*Data for the table `room_type` */

insert  into `room_type`(`room_type_id`,`room_type_name`) values ('DH','Drawing Hall'),('DR','Dark Room'),('LAB','Laboratory'),('LH','Lecture Hall'),('LIBH','Library Hall'),('SH','Seminar Hall'),('TR','Tutorial Room');

/*Data for the table `staff_personal` */

/*Data for the table `staff_professional` */

/*Data for the table `student_admission` */

/*Data for the table `student_class` */

insert  into `student_class`(`member_id`,`class_id`,`group_id`,`roll_no`,`start_date`,`completion_date`) values (505,1,'A1','2308009','2011-02-22',NULL),(506,1,'A1','2308010','2011-02-22',NULL),(511,1,'A1','2308015','2011-02-22',NULL),(513,1,'A1','2308017','2011-02-22',NULL);

/*Data for the table `student_registration` */

/*!40101 SET SQL_MODE=@OLD_SQL_MODE */;
/*!40014 SET FOREIGN_KEY_CHECKS=@OLD_FOREIGN_KEY_CHECKS */;
/*!40014 SET UNIQUE_CHECKS=@OLD_UNIQUE_CHECKS */;
/*!40111 SET SQL_NOTES=@OLD_SQL_NOTES */;
